Location,Crop Type,Season,Rainfall (mm),Temperature (°C),Soil pH,Nitrogen (kg/ha),Phosphorus (kg/ha),Potassium (kg/ha),Yield (tonnes/ha)
Assam,Maize,Kharif     ,1468.92,22.41,5.6,77.65,50.79,48.99,0.615652174
Assam,Potato,Whole Year ,1468.92,22.41,7.37,71.99,52.54,56.96,7.561304348
Assam,Rice,Autumn     ,1468.92,22.41,6.53,86.76,52.66,48.45,0.780869565
Assam,Rice,Summer     ,1468.92,22.41,5.57,74.76,53.43,55.71,1.060434783
Assam,Rice,Winter     ,1468.92,22.41,6.77,68.97,48.34,55.42,0.941304348
Assam,Sugarcane,Kharif     ,1468.92,22.41,6.17,89.57,51.37,57.17,41.89695652
Assam,Wheat,Rabi       ,1468.92,22.41,6.24,76.0,49.61,61.55,1.25952381
Karnataka,Maize,Kharif     ,894.16,23.55,6.52,76.02,51.19,54.08,2.687777778
Karnataka,Maize,Rabi       ,894.16,23.55,6.58,75.22,42.04,54.3,1.98
Karnataka,Maize,Summer     ,894.16,23.55,6.57,73.61,43.19,58.0,2.165714286
Karnataka,Rice,Kharif     ,894.16,23.55,7.0,78.82,54.71,49.77,2.2335
Karnataka,Rice,Rabi       ,894.16,23.55,6.19,83.47,46.43,52.88,2.073846154
Karnataka,Rice,Summer     ,894.16,23.55,6.7,71.45,42.67,53.64,2.829444444
Karnataka,Sugarcane,Whole Year ,894.16,23.55,6.47,68.27,49.5,59.36,91.74736842
Karnataka,Wheat,Rabi       ,894.16,23.55,6.86,79.91,43.06,55.64,0.548333333
Meghalaya,Maize,Kharif     ,1954.46,17.16,6.08,71.23,44.46,51.22,1.444285714
Meghalaya,Potato,Whole Year ,1954.46,17.16,6.82,72.7,47.06,46.98,8.641428571
Meghalaya,Rice,Kharif     ,1954.46,17.16,6.2,83.2,42.75,48.66,1.378571429
Meghalaya,Sugarcane,Whole Year ,1954.46,17.16,7.2,86.18,41.89,59.75,2.352
Meghalaya,Wheat,Rabi       ,1954.46,17.16,6.28,88.67,48.52,51.93,1.385
West Bengal,Maize,Whole Year ,1564.19,25.85,5.6,77.35,47.25,46.94,2.658461538
West Bengal,Potato,Whole Year ,1564.19,25.85,7.34,78.19,51.72,55.45,18.23722222
West Bengal,Rice,Autumn     ,1564.19,25.85,6.75,85.02,51.08,62.38,1.837222222
West Bengal,Rice,Summer     ,1564.19,25.85,6.32,81.63,43.99,50.73,2.843888889
West Bengal,Rice,Winter     ,1564.19,25.85,6.72,71.23,43.57,63.04,1.985555556
West Bengal,Sugarcane,Whole Year ,1564.19,25.85,6.78,75.02,43.02,54.91,67.83625
West Bengal,Wheat,Rabi       ,1564.19,25.85,7.36,68.77,49.59,53.79,1.886666667
Puducherry,Rice,Kharif     ,1124.51,28.33,6.37,80.03,41.39,60.18,2.46
Puducherry,Rice,Rabi       ,1124.51,28.33,7.23,81.9,54.76,47.37,2.555
Puducherry,Rice,Summer     ,1124.51,28.33,7.12,75.56,54.48,48.18,2.55
Puducherry,Sugarcane,Kharif     ,1124.51,28.33,6.92,79.54,43.19,47.83,82.595
Assam,Maize,Kharif     ,1701.15,22.98,5.99,72.04,52.63,61.35,0.608695652
Assam,Potato,Whole Year ,1701.15,22.98,5.8,67.29,44.35,55.92,7.230434783
Assam,Rice,Autumn     ,1701.15,22.98,6.14,77.66,50.76,47.53,1.055652174
Assam,Rice,Summer     ,1701.15,22.98,6.71,66.84,49.17,53.43,1.685217391
Assam,Rice,Winter     ,1701.15,22.98,5.61,66.6,52.75,56.86,1.395652174
Assam,Sugarcane,Whole Year ,1701.15,22.98,7.06,80.36,43.65,56.77,39.89304348
Assam,Wheat,Rabi       ,1701.15,22.98,7.31,69.05,45.26,52.17,0.999545455
Goa,Rice,Kharif     ,2059.15,27.35,6.6,75.61,49.89,54.28,2.54
Goa,Rice,Rabi       ,2059.15,27.35,6.94,78.54,54.7,48.75,3.04
Goa,Sugarcane,Whole Year ,2059.15,27.35,7.41,88.47,48.06,49.39,48.48
Karnataka,Maize,Kharif     ,1185.08,23.73,6.87,89.76,40.94,52.44,3.366
Karnataka,Maize,Rabi       ,1185.08,23.73,5.76,88.18,47.78,54.62,1.97952381
Karnataka,Maize,Summer     ,1185.08,23.73,6.68,70.4,50.07,58.91,2.241904762
Karnataka,Potato,Kharif     ,1185.08,23.73,5.65,78.31,44.72,56.6,12.37333333
Karnataka,Potato,Rabi       ,1185.08,23.73,6.87,80.27,53.44,52.89,18.90714286
Karnataka,Potato,Summer     ,1185.08,23.73,6.57,76.85,44.54,54.63,17.6
Karnataka,Potato,Whole Year ,1185.08,23.73,5.54,80.93,45.34,49.39,14.59
Karnataka,Rice,Kharif     ,1185.08,23.73,7.1,72.94,48.93,51.91,2.310740741
Karnataka,Rice,Rabi       ,1185.08,23.73,7.01,77.27,48.68,56.48,2.054285714
Karnataka,Rice,Summer     ,1185.08,23.73,6.19,81.79,53.01,59.46,2.99375
Karnataka,Wheat,Rabi       ,1185.08,23.73,5.55,72.06,50.32,62.07,0.848823529
Kerala,Rice,Autumn     ,2177.34,27.03,7.41,82.43,54.85,59.34,1.856923077
Kerala,Rice,Summer     ,2177.34,27.03,5.91,66.73,42.1,62.27,2.116153846
Kerala,Rice,Winter     ,2177.34,27.03,5.63,86.66,49.66,47.69,1.937142857
Kerala,Sugarcane,Whole Year ,2177.34,27.03,6.96,86.28,48.2,60.08,64.83
Meghalaya,Maize,Kharif     ,2370.96,17.84,6.69,87.39,43.11,51.75,1.457142857
Meghalaya,Potato,Whole Year ,2370.96,17.84,6.29,75.91,50.06,47.42,7.738571429
Meghalaya,Rice,Kharif     ,2370.96,17.84,5.63,82.94,44.68,47.37,1.51
Meghalaya,Sugarcane,Whole Year ,2370.96,17.84,7.11,82.04,43.29,53.57,2.328
Meghalaya,Wheat,Rabi       ,2370.96,17.84,7.08,77.53,51.96,50.88,1.605
West Bengal,Maize,Kharif     ,1537.71,25.82,7.13,78.69,43.93,51.14,2.634
West Bengal,Potato,Whole Year ,1537.71,25.82,6.4,75.59,46.85,57.32,18.95944444
West Bengal,Rice,Autumn     ,1537.71,25.82,6.8,75.41,54.51,56.93,1.751111111
West Bengal,Rice,Summer     ,1537.71,25.82,6.14,74.68,45.48,58.52,3.22
West Bengal,Rice,Winter     ,1537.71,25.82,7.11,84.6,43.4,55.57,1.781666667
West Bengal,Sugarcane,Whole Year ,1537.71,25.82,5.63,68.31,44.72,52.66,75.314375
West Bengal,Wheat,Rabi       ,1537.71,25.82,6.4,88.11,52.97,54.97,1.870555556
Assam,Maize,Kharif     ,1622.42,23.26,5.57,75.65,50.86,48.96,0.613913043
Assam,Potato,Whole Year ,1622.42,23.26,6.61,86.61,42.42,55.82,8.062608696
Assam,Rice,Autumn     ,1622.42,23.26,5.91,64.7,43.49,63.65,1.094782609
Assam,Rice,Summer     ,1622.42,23.26,6.26,75.52,48.11,60.92,1.990434783
Assam,Rice,Winter     ,1622.42,23.26,6.22,74.32,51.57,47.23,1.501304348
Assam,Sugarcane,Whole Year ,1622.42,23.26,6.98,77.89,49.57,47.65,40.43478261
Assam,Wheat,Rabi       ,1622.42,23.26,6.55,76.17,52.01,55.98,1.256818182
Goa,Rice,Kharif     ,1980.88,27.09,6.67,71.73,45.58,49.21,2.38
Goa,Rice,Rabi       ,1980.88,27.09,6.01,72.13,48.33,51.35,2.69
Goa,Sugarcane,Whole Year ,1980.88,27.09,7.21,78.49,48.31,56.77,51.27
Kerala,Rice,Autumn     ,1758.79,26.23,5.62,71.45,49.54,58.34,2.081538462
Kerala,Rice,Summer     ,1758.79,26.23,5.99,75.8,44.05,49.06,2.292857143
Kerala,Rice,Winter     ,1758.79,26.23,7.3,68.9,54.43,49.5,2.097142857
Kerala,Sugarcane,Whole Year ,1758.79,26.23,6.53,79.71,53.95,55.86,88.2225
Meghalaya,Maize,Kharif     ,2074.56,18.37,5.94,77.77,47.82,56.93,1.448571429
Meghalaya,Potato,Whole Year ,2074.56,18.37,6.21,84.74,41.98,61.72,6.858571429
Meghalaya,Rice,Kharif     ,2074.56,18.37,7.41,82.39,42.06,58.9,1.605714286
Meghalaya,Rice,Rabi       ,2074.56,18.37,6.07,80.6,48.63,51.84,1.755714286
Meghalaya,Sugarcane,Whole Year ,2074.56,18.37,7.13,72.15,50.29,57.85,2.372
Puducherry,Rice,Kharif     ,923.63,27.74,6.42,87.26,47.38,48.57,2.61
Puducherry,Sugarcane,Whole Year ,923.63,27.74,7.04,68.93,48.73,62.05,83.0
West Bengal,Maize,Kharif     ,1737.63,25.79,6.3,87.03,50.87,47.02,1.941538462
West Bengal,Potato,Summer     ,1737.63,25.79,6.11,79.43,50.94,59.82,13.4
West Bengal,Potato,Winter     ,1737.63,25.79,6.1,83.97,49.56,52.64,20.56777778
West Bengal,Rice,Autumn     ,1737.63,25.79,6.13,82.18,46.25,48.95,1.868888889
West Bengal,Rice,Summer     ,1737.63,25.79,6.59,85.11,49.33,48.83,2.897222222
West Bengal,Rice,Winter     ,1737.63,25.79,7.47,85.59,54.94,61.99,1.906666667
West Bengal,Sugarcane,Whole Year ,1737.63,25.79,5.56,89.03,51.62,52.5,78.571875
West Bengal,Wheat,Rabi       ,1737.63,25.79,6.43,69.08,44.84,51.35,2.096666667
Andhra Pradesh,Maize,Kharif     ,1070.25,27.74,6.09,88.24,41.75,47.79,2.564545455
Andhra Pradesh,Maize,Rabi       ,1070.25,27.74,6.14,78.95,53.69,59.63,5.019545455
Andhra Pradesh,Potato,Whole Year ,1070.25,27.74,6.05,81.58,47.67,61.46,6.14375
Andhra Pradesh,Rice,Kharif     ,1070.25,27.74,6.68,72.42,45.65,58.18,2.7
Andhra Pradesh,Rice,Rabi       ,1070.25,27.74,6.9,83.74,50.79,51.52,2.939090909
Andhra Pradesh,Sugarcane,Whole Year ,1070.25,27.74,5.75,70.03,52.62,56.34,73.8955
Andhra Pradesh,Wheat,Rabi       ,1070.25,27.74,6.87,77.18,55.13,58.47,0.581818182
Assam,Maize,Kharif     ,1958.5,22.37,5.72,81.31,46.45,61.28,0.605652174
Assam,Potato,Whole Year ,1958.5,22.37,5.63,80.48,44.92,56.0,7.459565217
Assam,Rice,Autumn     ,1958.5,22.37,6.09,81.1,49.13,58.87,1.197826087
Assam,Rice,Summer     ,1958.5,22.37,5.8,69.3,48.24,62.28,1.825217391
Assam,Rice,Winter     ,1958.5,22.37,6.65,68.83,43.93,57.45,1.581304348
Assam,Sugarcane,Whole Year ,1958.5,22.37,7.44,74.98,49.31,59.85,36.57217391
Assam,Wheat,Rabi       ,1958.5,22.37,7.04,79.02,50.26,47.33,1.175909091
Goa,Rice,Kharif     ,1919.04,26.95,7.4,80.54,52.24,59.83,2.36
Goa,Rice,Rabi       ,1919.04,26.95,5.8,74.98,49.38,54.79,2.81
Goa,Sugarcane,Whole Year ,1919.04,26.95,6.72,70.15,43.52,54.81,58.2
Karnataka,Maize,Kharif     ,1000.55,23.21,6.85,80.62,45.44,62.97,3.1712
Karnataka,Maize,Rabi       ,1000.55,23.21,5.76,67.76,42.47,59.85,2.397368421
Karnataka,Maize,Summer     ,1000.55,23.21,6.56,86.41,43.41,59.31,2.774761905
Karnataka,Potato,Whole Year ,1000.55,23.21,6.39,67.92,42.98,59.5,11.70933333
Karnataka,Rice,Kharif     ,1000.55,23.21,6.88,71.51,53.28,47.58,2.357407407
Karnataka,Rice,Rabi       ,1000.55,23.21,6.49,82.82,47.23,49.61,2.064615385
Karnataka,Rice,Summer     ,1000.55,23.21,6.3,64.93,49.48,59.87,2.751304348
Karnataka,Sugarcane,Whole Year ,1000.55,23.21,6.49,85.91,52.58,61.24,98.80038462
Karnataka,Wheat,Rabi       ,1000.55,23.21,5.51,71.1,48.83,59.84,0.93375
Kerala,Rice,Autumn     ,1397.09,26.7,6.35,78.81,44.31,58.59,1.938461538
Kerala,Rice,Summer     ,1397.09,26.7,7.44,70.44,43.15,54.19,2.23
Kerala,Rice,Winter     ,1397.09,26.7,5.63,81.52,50.52,62.39,2.042857143
Kerala,Sugarcane,Whole Year ,1397.09,26.7,5.85,84.28,43.64,59.76,90.19
Meghalaya,Maize,Kharif     ,2652.89,17.52,6.41,72.09,46.97,52.13,1.437142857
Meghalaya,Potato,Whole Year ,2652.89,17.52,6.56,82.2,41.05,54.91,6.954285714
Meghalaya,Rice,Kharif     ,2652.89,17.52,6.19,75.4,53.34,47.62,1.681428571
Meghalaya,Rice,Rabi       ,2652.89,17.52,6.6,80.88,53.76,57.85,1.744285714
Meghalaya,Sugarcane,Whole Year ,2652.89,17.52,6.78,68.01,41.12,53.28,2.288
Meghalaya,Wheat,Rabi       ,2652.89,17.52,6.47,87.09,51.87,51.29,1.395
Puducherry,Rice,Kharif     ,962.02,27.95,6.72,73.14,41.07,63.57,2.605
Puducherry,Sugarcane,Whole Year ,962.02,27.95,6.33,70.51,44.34,55.16,81.17
West Bengal,Maize,Kharif     ,1422.94,25.43,6.72,77.53,48.64,55.95,2.568571429
West Bengal,Potato,Whole Year ,1422.94,25.43,5.59,85.22,42.84,54.48,22.39388889
West Bengal,Rice,Autumn     ,1422.94,25.43,6.08,68.92,53.19,52.01,1.648333333
West Bengal,Rice,Summer     ,1422.94,25.43,7.19,84.39,53.11,63.44,3.021111111
West Bengal,Rice,Winter     ,1422.94,25.43,5.91,86.22,52.19,50.88,1.876111111
West Bengal,Sugarcane,Whole Year ,1422.94,25.43,6.76,76.33,44.3,56.44,67.08461538
West Bengal,Wheat,Rabi       ,1422.94,25.43,5.98,84.64,51.21,56.91,2.330555556
Andhra Pradesh,Maize,Kharif     ,910.13,28.08,5.7,78.32,44.74,47.49,2.801818182
Andhra Pradesh,Maize,Rabi       ,910.13,28.08,7.31,76.11,49.67,57.12,5.592857143
Andhra Pradesh,Potato,Whole Year ,910.13,28.08,5.69,64.48,47.55,53.65,5.85
Andhra Pradesh,Rice,Kharif     ,910.13,28.08,6.79,77.38,47.73,57.68,2.627272727
Andhra Pradesh,Rice,Rabi       ,910.13,28.08,7.12,68.62,45.88,60.22,3.025909091
Andhra Pradesh,Sugarcane,Whole Year ,910.13,28.08,6.24,87.71,51.91,47.34,84.989
Andhra Pradesh,Wheat,Rabi       ,910.13,28.08,6.53,87.54,42.04,59.05,0.6275
Assam,Maize,Kharif     ,1808.2,22.72,5.55,72.2,45.39,51.37,0.608695652
Assam,Potato,Whole Year ,1808.2,22.72,5.72,71.25,42.86,62.39,7.350869565
Assam,Rice,Autumn     ,1808.2,22.72,6.92,85.54,53.87,57.35,1.120434783
Assam,Rice,Summer     ,1808.2,22.72,5.89,85.2,42.75,56.95,1.806521739
Assam,Rice,Winter     ,1808.2,22.72,5.98,68.94,41.54,62.76,1.600434783
Assam,Sugarcane,Whole Year ,1808.2,22.72,7.4,87.78,42.8,53.54,37.2173913
Assam,Wheat,Rabi       ,1808.2,22.72,7.1,75.53,49.98,63.1,1.185217391
Goa,Rice,Kharif     ,1335.38,27.24,5.88,69.52,44.21,55.04,2.41
Goa,Rice,Rabi       ,1335.38,27.24,7.18,78.97,53.4,56.8,2.85
Goa,Sugarcane,Whole Year ,1335.38,27.24,5.98,81.01,47.67,58.47,58.56
Karnataka,Maize,Kharif     ,919.93,23.37,5.77,71.68,40.9,51.04,2.663333333
Karnataka,Maize,Rabi       ,919.93,23.37,6.54,80.43,47.97,50.2,2.279
Karnataka,Maize,Summer     ,919.93,23.37,6.98,84.26,43.52,48.32,2.6265
Karnataka,Potato,Whole Year ,919.93,23.37,5.93,79.57,52.72,62.23,12.815
Karnataka,Rice,Kharif     ,919.93,23.37,6.35,84.72,51.09,55.29,2.154814815
Karnataka,Rice,Rabi       ,919.93,23.37,6.37,81.65,51.69,60.43,1.840714286
Karnataka,Rice,Summer     ,919.93,23.37,5.77,69.66,53.79,54.73,2.4368
Karnataka,Sugarcane,Whole Year ,919.93,23.37,6.45,85.04,45.85,48.55,84.00269231
Karnataka,Wheat,Rabi       ,919.93,23.37,5.56,78.55,54.29,54.06,0.777333333
Kerala,Rice,Autumn     ,2171.67,26.63,6.36,77.09,51.73,47.21,1.886923077
Kerala,Rice,Summer     ,2171.67,26.63,7.26,75.97,52.36,62.93,2.151428571
Kerala,Rice,Winter     ,2171.67,26.63,6.54,82.57,51.2,52.57,2.153571429
Kerala,Sugarcane,Whole Year ,2171.67,26.63,6.58,83.72,51.31,60.48,88.77583333
Meghalaya,Maize,Kharif     ,2427.05,17.85,7.06,75.11,52.54,52.61,1.471428571
Meghalaya,Potato,Whole Year ,2427.05,17.85,5.69,81.91,54.65,52.35,7.288571429
Meghalaya,Rice,Kharif     ,2427.05,17.85,6.56,71.95,47.43,48.62,1.751428571
Meghalaya,Sugarcane,Whole Year ,2427.05,17.85,5.86,74.8,53.33,48.65,2.278
Meghalaya,Wheat,Rabi       ,2427.05,17.85,6.3,88.94,44.2,62.19,1.455
Puducherry,Rice,Kharif     ,1021.13,28.23,6.0,82.08,53.35,55.96,2.415
Puducherry,Sugarcane,Whole Year ,1021.13,28.23,7.17,79.99,49.59,50.26,91.64
West Bengal,Maize,Kharif     ,1600.02,25.74,5.62,82.65,48.58,62.44,2.314285714
West Bengal,Potato,Whole Year ,1600.02,25.74,6.21,85.94,45.61,55.05,21.95444444
West Bengal,Rice,Autumn     ,1600.02,25.74,7.34,72.86,53.33,50.89,2.094705882
West Bengal,Rice,Summer     ,1600.02,25.74,7.24,75.48,54.11,61.35,2.788823529
West Bengal,Rice,Winter     ,1600.02,25.74,5.97,82.91,50.82,61.66,2.235294118
West Bengal,Sugarcane,Whole Year ,1600.02,25.74,7.31,73.76,41.78,63.1,79.67857143
West Bengal,Wheat,Rabi       ,1600.02,25.74,5.79,80.78,45.77,61.11,2.109444444
Andhra Pradesh,Maize,Kharif     ,768.22,28.54,5.96,70.92,47.41,54.61,1.491363636
Andhra Pradesh,Maize,Rabi       ,768.22,28.54,5.95,76.73,43.4,62.76,5.602272727
Andhra Pradesh,Potato,Whole Year ,768.22,28.54,6.27,83.43,49.77,57.03,6.946666667
Andhra Pradesh,Rice,Kharif     ,768.22,28.54,5.69,73.09,47.58,49.63,2.202727273
Andhra Pradesh,Rice,Rabi       ,768.22,28.54,6.78,86.23,52.25,52.84,2.533636364
Andhra Pradesh,Sugarcane,Whole Year ,768.22,28.54,5.87,84.13,51.74,51.15,69.35666667
Andhra Pradesh,Wheat,Rabi       ,768.22,28.54,6.74,82.64,50.3,61.84,1.09
Assam,Maize,Kharif     ,1852.95,22.58,6.69,68.78,44.16,53.49,0.606086957
Assam,Potato,Whole Year ,1852.95,22.58,6.5,80.45,41.01,54.87,7.566956522
Assam,Rice,Autumn     ,1852.95,22.58,6.47,65.78,41.72,59.0,1.076521739
Assam,Rice,Summer     ,1852.95,22.58,6.05,66.09,52.11,56.28,1.794347826
Assam,Rice,Winter     ,1852.95,22.58,5.75,73.56,53.86,51.8,1.545652174
Assam,Sugarcane,Whole Year ,1852.95,22.58,7.41,83.22,50.93,61.16,37.02130435
Assam,Wheat,Rabi       ,1852.95,22.58,6.6,78.1,46.79,60.82,1.152272727
Goa,Rice,Kharif     ,1481.74,27.57,5.58,79.27,53.37,60.45,2.67
Goa,Rice,Rabi       ,1481.74,27.57,6.52,76.25,48.11,56.09,2.72
Goa,Sugarcane,Whole Year ,1481.74,27.57,5.65,78.88,51.54,48.59,55.11
Kerala,Rice,Autumn     ,1520.73,27.05,7.06,72.14,53.72,56.07,2.130769231
Kerala,Rice,Summer     ,1520.73,27.05,6.86,83.23,40.97,48.54,2.212142857
Kerala,Rice,Winter     ,1520.73,27.05,5.87,73.14,54.45,49.89,2.123571429
Kerala,Sugarcane,Whole Year ,1520.73,27.05,5.94,78.06,40.55,57.22,88.46083333
Tamil Nadu,Maize,Kharif     ,1046.29,28.13,6.6,76.03,50.91,49.24,1.806956522
Tamil Nadu,Potato,Whole Year ,1046.29,28.13,5.94,84.66,49.08,62.25,18.3475
Tamil Nadu,Rice,Kharif     ,1046.29,28.13,5.86,86.15,48.15,54.26,2.884642857
Tamil Nadu,Sugarcane,Whole Year ,1046.29,28.13,6.79,73.84,39.92,48.79,89.04185185
West Bengal,Maize,Kharif     ,1391.99,25.82,7.3,89.0,40.68,59.83,1.895384615
West Bengal,Potato,Summer     ,1391.99,25.82,5.56,84.82,52.38,51.33,12.86
West Bengal,Potato,Winter     ,1391.99,25.82,5.7,82.96,41.54,51.05,20.73388889
West Bengal,Rice,Autumn     ,1391.99,25.82,5.66,65.12,44.11,53.31,2.092777778
West Bengal,Rice,Summer     ,1391.99,25.82,5.73,70.44,50.69,50.36,2.747777778
West Bengal,Rice,Winter     ,1391.99,25.82,5.66,78.75,52.46,56.38,2.221666667
West Bengal,Sugarcane,Whole Year ,1391.99,25.82,6.93,68.13,39.95,47.07,64.52933333
West Bengal,Wheat,Rabi       ,1391.99,25.82,6.45,76.17,45.2,60.95,1.992777778
Andhra Pradesh,Maize,Kharif     ,857.23,28.31,6.84,82.95,40.57,61.58,2.420909091
Andhra Pradesh,Maize,Rabi       ,857.23,28.31,6.85,80.15,51.94,55.79,5.081818182
Andhra Pradesh,Potato,Whole Year ,857.23,28.31,7.07,66.74,46.32,53.21,9.045
Andhra Pradesh,Rice,Kharif     ,857.23,28.31,5.87,73.34,52.92,49.1,2.670909091
Andhra Pradesh,Rice,Rabi       ,857.23,28.31,6.58,65.35,47.83,51.73,2.729090909
Andhra Pradesh,Sugarcane,Whole Year ,857.23,28.31,6.18,86.83,50.16,58.32,74.48380952
Andhra Pradesh,Wheat,Rabi       ,857.23,28.31,6.63,86.82,41.78,61.32,0.481818182
Assam,Maize,Kharif     ,2076.0,22.45,5.8,82.38,42.9,52.27,0.607391304
Assam,Potato,Whole Year ,2076.0,22.45,7.06,80.57,52.74,60.59,6.471304348
Assam,Rice,Autumn     ,2076.0,22.45,6.18,66.19,52.84,50.42,1.118695652
Assam,Rice,Summer     ,2076.0,22.45,6.25,79.25,49.74,54.63,1.493913043
Assam,Rice,Winter     ,2076.0,22.45,5.95,84.3,49.11,59.49,1.618695652
Assam,Sugarcane,Whole Year ,2076.0,22.45,6.3,66.74,46.9,49.41,37.43217391
Assam,Wheat,Rabi       ,2076.0,22.45,5.67,75.86,41.5,60.48,1.040909091
Goa,Rice,Kharif     ,1413.96,27.88,7.13,74.43,53.4,62.08,3.27
Goa,Rice,Rabi       ,1413.96,27.88,6.35,71.1,50.65,51.29,3.15
Goa,Sugarcane,Whole Year ,1413.96,27.88,6.96,74.75,51.52,53.69,47.61
Karnataka,Maize,Kharif     ,630.03,24.36,6.24,78.77,44.49,51.52,2.3356
Karnataka,Maize,Rabi       ,630.03,24.36,6.36,86.78,49.37,59.63,1.943478261
Karnataka,Maize,Summer     ,630.03,24.36,6.69,89.54,46.64,62.18,2.470909091
Karnataka,Potato,Whole Year ,630.03,24.36,7.3,73.65,45.52,48.45,9.008666667
Karnataka,Rice,Kharif     ,630.03,24.36,6.07,84.15,48.72,47.48,2.133333333
Karnataka,Rice,Rabi       ,630.03,24.36,7.37,64.82,53.8,62.2,2.892
Karnataka,Rice,Summer     ,630.03,24.36,6.62,80.19,47.48,62.37,3.8768
Karnataka,Sugarcane,Whole Year ,630.03,24.36,7.37,69.9,42.71,47.98,72.1276
Karnataka,Wheat,Rabi       ,630.03,24.36,7.42,87.84,49.96,62.54,0.516428571
Kerala,Rice,Autumn     ,1542.25,27.08,6.24,69.57,51.02,56.65,2.140769231
Kerala,Rice,Summer     ,1542.25,27.08,6.57,67.55,49.34,62.61,1.845
Kerala,Rice,Winter     ,1542.25,27.08,6.34,72.08,44.04,48.36,1.960714286
Kerala,Sugarcane,Whole Year ,1542.25,27.08,6.53,81.13,51.62,55.91,82.35
Meghalaya,Maize,Kharif     ,2608.08,17.73,6.03,75.84,47.97,49.9,1.528571429
Meghalaya,Potato,Whole Year ,2608.08,17.73,7.06,71.31,52.43,61.74,7.241428571
Meghalaya,Rice,Kharif     ,2608.08,17.73,6.88,80.09,47.84,48.35,1.798571429
Meghalaya,Sugarcane,Whole Year ,2608.08,17.73,7.18,82.05,41.27,60.27,2.346
Meghalaya,Wheat,Rabi       ,2608.08,17.73,7.14,70.94,47.97,48.68,1.49
Puducherry,Rice,Kharif     ,842.18,28.24,6.15,74.54,41.11,49.25,2.993333333
Puducherry,Sugarcane,Whole Year ,842.18,28.24,6.07,79.67,41.05,54.64,54.985
Tamil Nadu,Maize,Kharif     ,895.93,28.23,6.69,87.11,53.81,48.64,1.7856
Tamil Nadu,Potato,Whole Year ,895.93,28.23,6.58,80.91,42.19,57.09,17.054
Tamil Nadu,Rice,Kharif     ,895.93,28.23,6.15,84.03,44.52,57.11,2.728214286
Tamil Nadu,Sugarcane,Whole Year ,895.93,28.23,5.87,81.99,46.98,53.76,96.11384615
West Bengal,Maize,Kharif     ,1423.27,25.84,6.5,72.78,52.94,47.39,2.133333333
West Bengal,Potato,Whole Year ,1423.27,25.84,6.21,82.0,46.93,49.26,21.86777778
West Bengal,Rice,Autumn     ,1423.27,25.84,7.39,64.87,41.78,58.87,2.131666667
West Bengal,Rice,Summer     ,1423.27,25.84,5.62,77.49,51.22,54.45,2.879444444
West Bengal,Rice,Winter     ,1423.27,25.84,7.14,66.52,40.72,60.9,2.283333333
West Bengal,Sugarcane,Whole Year ,1423.27,25.84,6.06,77.07,48.49,52.08,74.46533333
West Bengal,Wheat,Rabi       ,1423.27,25.84,5.5,77.61,49.55,47.4,2.194444444
Karnataka,Maize,Kharif     ,994.53,23.16,6.49,82.82,53.77,47.53,3.0068
Karnataka,Maize,Rabi       ,994.53,23.16,6.02,77.61,47.23,48.93,2.84826087
Karnataka,Maize,Summer     ,994.53,23.16,7.49,81.29,42.96,50.39,3.007826087
Karnataka,Potato,Whole Year ,994.53,23.16,5.96,72.88,50.41,57.93,10.17875
Karnataka,Rice,Kharif     ,994.53,23.16,7.37,67.9,49.58,59.06,2.37
Karnataka,Rice,Rabi       ,994.53,23.16,5.66,69.44,47.55,60.53,3.388666667
Karnataka,Rice,Summer     ,994.53,23.16,6.25,67.34,47.73,58.03,4.251666667
Karnataka,Wheat,Rabi       ,994.53,23.16,5.78,78.06,45.46,55.57,0.845333333
Kerala,Rice,Autumn     ,2080.13,26.76,6.33,86.11,41.22,48.38,2.271538462
Kerala,Rice,Summer     ,2080.13,26.76,5.71,71.59,41.67,51.2,2.256923077
Kerala,Rice,Winter     ,2080.13,26.76,6.28,70.66,53.84,51.0,2.175714286
Kerala,Sugarcane,Whole Year ,2080.13,26.76,5.97,85.96,50.73,50.98,82.35153846
Meghalaya,Maize,Kharif     ,2896.44,17.53,5.79,88.5,54.03,49.57,1.465714286
Meghalaya,Potato,Whole Year ,2896.44,17.53,6.82,79.77,48.19,47.06,7.178571429
Meghalaya,Rice,Autumn     ,2896.44,17.53,5.74,78.81,47.62,56.26,1.492857143
Meghalaya,Rice,Summer     ,2896.44,17.53,6.45,79.58,49.25,54.18,2.078333333
Meghalaya,Rice,Winter     ,2896.44,17.53,7.09,74.94,42.98,60.45,1.792857143
Meghalaya,Sugarcane,Whole Year ,2896.44,17.53,6.14,87.74,46.51,56.51,2.264
Meghalaya,Wheat,Rabi       ,2896.44,17.53,5.55,74.23,42.62,62.19,1.156666667
Tamil Nadu,Maize,Kharif     ,1358.53,27.49,6.35,72.91,53.47,49.86,1.758846154
Tamil Nadu,Potato,Whole Year ,1358.53,27.49,6.58,71.33,44.37,47.67,16.0325
Tamil Nadu,Rice,Kharif     ,1358.53,27.49,7.02,84.64,50.12,58.44,3.015172414
Tamil Nadu,Sugarcane,Whole Year ,1358.53,27.49,5.82,84.8,47.68,55.6,104.66
Andhra Pradesh,Maize,Kharif     ,1192.26,27.95,5.65,73.74,43.42,52.39,3.803636364
Andhra Pradesh,Maize,Rabi       ,1192.26,27.95,7.03,80.42,49.14,53.3,6.032272727
Andhra Pradesh,Potato,Whole Year ,1192.26,27.95,6.98,69.75,44.18,60.58,8.895
Andhra Pradesh,Rice,Kharif     ,1192.26,27.95,5.94,83.38,47.52,60.68,2.549090909
Andhra Pradesh,Rice,Rabi       ,1192.26,27.95,6.93,86.26,52.91,53.59,3.132272727
Andhra Pradesh,Sugarcane,Whole Year ,1192.26,27.95,5.92,78.29,44.09,61.53,83.59
Andhra Pradesh,Wheat,Rabi       ,1192.26,27.95,6.53,79.2,45.28,58.66,0.774
Assam,Maize,Kharif     ,2104.81,22.79,5.66,87.62,48.19,48.53,0.635925926
Assam,Potato,Whole Year ,2104.81,22.79,6.38,80.7,42.33,61.01,5.326296296
Assam,Rice,Autumn     ,2104.81,22.79,6.26,86.31,50.65,54.0,1.132222222
Assam,Rice,Summer     ,2104.81,22.79,5.77,83.47,51.41,61.14,1.637692308
Assam,Rice,Winter     ,2104.81,22.79,5.58,75.71,41.97,49.45,1.502592593
Assam,Sugarcane,Whole Year ,2104.81,22.79,6.66,72.21,40.68,48.39,37.99444444
Assam,Wheat,Rabi       ,2104.81,22.79,6.35,86.27,46.54,49.28,1.084230769
Karnataka,Maize,Kharif     ,1335.41,23.3,7.39,88.15,45.4,52.39,3.1212
Karnataka,Maize,Rabi       ,1335.41,23.3,7.34,76.71,52.81,52.33,3.341304348
Karnataka,Maize,Summer     ,1335.41,23.3,5.92,86.24,50.85,54.41,3.096666667
Karnataka,Potato,Kharif     ,1335.41,23.3,6.54,75.48,47.38,61.29,3.381333333
Karnataka,Potato,Rabi       ,1335.41,23.3,6.16,80.89,41.34,61.06,17.84
Karnataka,Potato,Summer     ,1335.41,23.3,6.71,80.0,41.95,54.42,15.45
Karnataka,Rice,Kharif     ,1335.41,23.3,6.01,75.31,53.37,50.42,2.50962963
Karnataka,Rice,Rabi       ,1335.41,23.3,6.65,85.58,45.54,56.67,2.2675
Karnataka,Rice,Summer     ,1335.41,23.3,6.99,76.49,49.16,59.32,3.0144
Karnataka,Sugarcane,Whole Year ,1335.41,23.3,5.93,87.39,44.75,50.06,90.63772727
Karnataka,Wheat,Rabi       ,1335.41,23.3,7.21,67.67,54.42,56.46,0.880714286
Kerala,Rice,Autumn     ,2084.75,26.88,6.15,67.05,43.88,62.28,2.096923077
Kerala,Rice,Summer     ,2084.75,26.88,7.14,68.38,52.72,56.18,2.345714286
Kerala,Rice,Winter     ,2084.75,26.88,6.16,73.89,47.97,52.03,2.189285714
Kerala,Sugarcane,Whole Year ,2084.75,26.88,6.64,88.93,42.34,51.11,66.14538462
Meghalaya,Maize,Kharif     ,2764.31,17.85,5.82,80.25,52.73,47.4,1.481428571
Meghalaya,Potato,Whole Year ,2764.31,17.85,6.9,68.86,41.22,53.24,7.768571429
Meghalaya,Rice,Autumn     ,2764.31,17.85,6.61,87.45,41.18,62.19,1.597142857
Meghalaya,Rice,Summer     ,2764.31,17.85,7.26,76.01,53.7,49.85,2.245
Meghalaya,Rice,Winter     ,2764.31,17.85,6.5,80.68,43.27,56.88,1.971428571
Meghalaya,Sugarcane,Whole Year ,2764.31,17.85,5.83,71.06,52.88,49.98,2.342
Meghalaya,Wheat,Rabi       ,2764.31,17.85,6.68,69.43,43.31,47.49,1.306666667
Tamil Nadu,Maize,Kharif     ,1894.66,27.9,7.41,84.35,50.53,48.71,0.0
Tamil Nadu,Potato,Whole Year ,1894.66,27.9,6.86,78.05,43.62,58.49,15.32
Tamil Nadu,Rice,Kharif     ,1894.66,27.9,5.83,83.02,54.47,59.38,2.895517241
Tamil Nadu,Sugarcane,Whole Year ,1894.66,27.9,7.35,72.85,52.95,50.54,102.4842857
West Bengal,Maize,Kharif     ,1437.97,25.96,6.38,89.41,52.79,52.94,2.601764706
West Bengal,Potato,Whole Year ,1437.97,25.96,6.86,85.44,43.44,53.3,19.345
West Bengal,Rice,Autumn     ,1437.97,25.96,5.94,72.42,49.88,47.87,2.116111111
West Bengal,Rice,Summer     ,1437.97,25.96,6.42,73.16,47.35,52.27,2.767222222
West Bengal,Rice,Winter     ,1437.97,25.96,5.67,68.13,44.75,57.11,2.317222222
West Bengal,Sugarcane,Whole Year ,1437.97,25.96,6.01,88.41,47.27,53.22,80.03066667
West Bengal,Wheat,Rabi       ,1437.97,25.96,5.53,88.71,54.78,50.53,1.953333333
Puducherry,Rice,Kharif     ,1082.72,27.89,6.43,76.03,41.34,57.35,2.64
Puducherry,Rice,Rabi       ,1082.72,27.89,6.32,80.74,46.03,47.73,4.05
Puducherry,Rice,Summer     ,1082.72,27.89,7.09,82.49,47.68,62.83,3.05
Puducherry,Sugarcane,Kharif     ,1082.72,27.89,7.15,84.45,42.65,58.01,112.3
Meghalaya,Maize,Kharif     ,2184.76,18.05,5.9,71.66,43.66,58.42,1.541428571
Meghalaya,Potato,Rabi       ,2184.76,18.05,5.75,84.68,42.62,60.21,8.212857143
Meghalaya,Rice,Autumn     ,2184.76,18.05,6.22,74.59,46.18,48.67,1.641428571
Meghalaya,Rice,Rabi       ,2184.76,18.05,7.14,80.46,48.38,49.43,2.077142857
Meghalaya,Rice,Winter     ,2184.76,18.05,6.18,83.75,52.73,52.02,1.852857143
Meghalaya,Sugarcane,Whole Year ,2184.76,18.05,5.56,67.91,45.68,61.6,2.348
Meghalaya,Wheat,Rabi       ,2184.76,18.05,6.5,73.86,41.94,63.06,1.32
Andhra Pradesh,Maize,Kharif     ,1343.62,27.65,7.09,86.18,53.53,54.03,2.942727273
Andhra Pradesh,Maize,Rabi       ,1343.62,27.65,6.99,80.32,42.13,50.73,6.363181818
Andhra Pradesh,Potato,Whole Year ,1343.62,27.65,6.04,74.45,50.2,58.67,12.436
Andhra Pradesh,Rice,Kharif     ,1343.62,27.65,6.83,74.86,53.01,59.17,2.689090909
Andhra Pradesh,Rice,Rabi       ,1343.62,27.65,6.88,82.83,43.41,63.18,3.036818182
Andhra Pradesh,Sugarcane,Whole Year ,1343.62,27.65,6.97,88.37,45.59,59.04,86.37380952
Andhra Pradesh,Wheat,Rabi       ,1343.62,27.65,6.38,79.85,50.47,53.39,0.68
Assam,Maize,Kharif     ,1531.41,22.91,5.56,89.57,41.66,55.83,0.6252
Assam,Potato,Whole Year ,1531.41,22.91,5.96,81.83,52.61,51.06,6.657407407
Assam,Rice,Autumn     ,1531.41,22.91,6.79,72.17,53.59,50.88,1.028148148
Assam,Rice,Summer     ,1531.41,22.91,6.62,82.4,46.27,62.33,1.837037037
Assam,Rice,Winter     ,1531.41,22.91,6.53,77.39,52.04,62.98,1.269259259
Assam,Sugarcane,Whole Year ,1531.41,22.91,7.49,70.76,49.38,52.36,39.10666667
Assam,Wheat,Rabi       ,1531.41,22.91,6.67,72.37,45.48,61.31,1.134444444
Karnataka,Maize,Kharif     ,664.25,23.26,6.94,88.21,54.05,56.5,2.7448
Karnataka,Maize,Rabi       ,664.25,23.26,5.78,67.94,47.47,62.37,2.7208
Karnataka,Maize,Summer     ,664.25,23.26,7.12,80.39,51.0,47.1,3.203333333
Karnataka,Potato,Whole Year ,664.25,23.26,7.43,74.86,52.47,49.47,12.976875
Karnataka,Rice,Kharif     ,664.25,23.26,5.83,77.39,51.68,47.88,2.428148148
Karnataka,Rice,Rabi       ,664.25,23.26,7.22,75.6,41.96,52.95,2.335333333
Karnataka,Rice,Summer     ,664.25,23.26,6.51,83.42,48.48,56.35,2.6825
Karnataka,Sugarcane,Whole Year ,664.25,23.26,5.83,87.72,44.2,60.41,90.2876
Karnataka,Wheat,Rabi       ,664.25,23.26,5.91,89.68,45.56,62.09,0.810714286
Kerala,Rice,Autumn     ,2279.1,26.48,5.92,78.05,44.45,62.86,2.270769231
Kerala,Rice,Summer     ,2279.1,26.48,6.93,71.36,50.16,59.81,2.497857143
Kerala,Rice,Winter     ,2279.1,26.48,6.44,79.7,42.56,58.29,2.286428571
Kerala,Sugarcane,Whole Year ,2279.1,26.48,6.13,86.14,46.07,58.93,33.668
Tamil Nadu,Maize,Whole Year ,1236.69,27.82,6.87,69.74,52.02,53.24,4.483076923
Tamil Nadu,Potato,Whole Year ,1236.69,27.82,6.81,86.43,52.0,55.03,15.11333333
Tamil Nadu,Rice,Kharif     ,1236.69,27.82,6.5,80.35,43.37,56.62,3.584827586
Tamil Nadu,Sugarcane,Whole Year ,1236.69,27.82,7.37,88.46,48.05,50.45,118.1746429
West Bengal,Maize,Kharif     ,1535.61,25.91,6.03,74.81,51.39,48.62,2.723125
West Bengal,Potato,Whole Year ,1535.61,25.91,7.44,75.87,43.86,59.87,13.35111111
West Bengal,Rice,Autumn     ,1535.61,25.91,7.25,83.99,53.15,60.82,2.001111111
West Bengal,Rice,Summer     ,1535.61,25.91,5.92,80.04,45.55,63.07,3.028888889
West Bengal,Rice,Winter     ,1535.61,25.91,7.1,72.92,45.33,55.86,2.291666667
West Bengal,Sugarcane,Whole Year ,1535.61,25.91,7.23,83.13,46.1,50.41,79.200625
West Bengal,Wheat,Rabi       ,1535.61,25.91,6.0,67.09,44.47,63.0,2.168888889
Puducherry,Rice,Kharif     ,1151.09,27.8,6.96,68.37,42.7,48.3,2.986666667
Puducherry,Rice,Rabi       ,1151.09,27.8,6.92,75.98,46.78,48.65,3.02
Puducherry,Rice,Summer     ,1151.09,27.8,5.98,85.2,44.82,56.97,2.21
Puducherry,Sugarcane,Kharif     ,1151.09,27.8,6.13,70.27,42.22,59.7,86.75
Assam,Maize,Kharif     ,1932.73,22.52,6.83,76.42,48.39,47.05,0.60962963
Assam,Potato,Whole Year ,1932.73,22.52,5.69,74.83,43.43,62.24,6.564444444
Assam,Rice,Autumn     ,1932.73,22.52,6.96,65.41,47.22,58.83,1.082592593
Assam,Rice,Summer     ,1932.73,22.52,5.78,81.39,42.26,55.28,2.085925926
Assam,Rice,Winter     ,1932.73,22.52,6.13,66.31,46.67,51.56,1.36962963
Assam,Sugarcane,Whole Year ,1932.73,22.52,5.6,82.63,47.52,55.59,36.67259259
Assam,Wheat,Rabi       ,1932.73,22.52,7.05,85.13,52.8,60.27,1.225185185
Karnataka,Maize,Kharif     ,1096.34,23.25,7.33,85.47,43.96,57.27,3.112962963
Karnataka,Maize,Rabi       ,1096.34,23.25,6.18,80.62,44.34,47.28,3.109230769
Karnataka,Maize,Summer     ,1096.34,23.25,5.96,89.95,52.18,58.84,3.179259259
Karnataka,Potato,Kharif     ,1096.34,23.25,5.76,68.87,48.47,62.14,5.07
Karnataka,Potato,Rabi       ,1096.34,23.25,7.33,78.59,50.85,51.29,12.32909091
Karnataka,Potato,Summer     ,1096.34,23.25,7.2,82.23,51.66,48.77,15.924
Karnataka,Rice,Kharif     ,1096.34,23.25,6.5,73.03,48.36,56.81,2.567586207
Karnataka,Rice,Rabi       ,1096.34,23.25,7.38,64.75,50.0,62.76,2.255333333
Karnataka,Rice,Summer     ,1096.34,23.25,5.62,76.06,52.09,63.48,2.846923077
Karnataka,Sugarcane,Whole Year ,1096.34,23.25,7.44,85.16,45.08,59.03,83.41653846
Karnataka,Wheat,Rabi       ,1096.34,23.25,6.91,72.99,50.39,49.27,1.018
Kerala,Rice,Autumn     ,2054.41,26.63,5.81,75.92,43.18,57.92,2.07
Kerala,Rice,Summer     ,2054.41,26.63,5.91,79.72,44.64,49.04,2.335714286
Kerala,Rice,Winter     ,2054.41,26.63,6.43,78.79,52.03,55.32,2.252857143
Kerala,Sugarcane,Whole Year ,2054.41,26.63,7.4,72.46,42.48,61.42,37.17272727
Tamil Nadu,Maize,Whole Year ,1255.81,27.63,7.48,81.81,52.77,49.03,4.077307692
Tamil Nadu,Potato,Whole Year ,1255.81,27.63,6.17,85.96,47.45,62.53,17.018
Tamil Nadu,Rice,Kharif     ,1255.81,27.63,5.55,79.05,42.81,52.62,3.213793103
Tamil Nadu,Sugarcane,Whole Year ,1255.81,27.63,6.08,69.67,50.58,55.21,104.9803571
West Bengal,Maize,Kharif     ,1961.06,25.47,6.61,72.13,43.09,62.91,1.775454545
West Bengal,Maize,Rabi       ,1961.06,25.47,6.42,68.97,49.73,49.61,3.295
West Bengal,Maize,Summer     ,1961.06,25.47,5.68,82.56,53.72,50.72,2.845294118
West Bengal,Potato,Whole Year ,1961.06,25.47,6.85,79.07,44.13,61.47,22.28666667
West Bengal,Rice,Autumn     ,1961.06,25.47,7.0,77.28,46.19,58.17,1.956111111
West Bengal,Rice,Summer     ,1961.06,25.47,5.83,81.65,51.68,51.86,3.048888889
West Bengal,Rice,Winter     ,1961.06,25.47,6.49,74.52,42.93,60.9,2.261666667
West Bengal,Sugarcane,Whole Year ,1961.06,25.47,6.07,76.36,42.22,51.69,103.3246667
West Bengal,Wheat,Rabi       ,1961.06,25.47,6.77,90.12,41.63,60.52,2.452222222
Puducherry,Rice,Kharif     ,1376.2,27.74,7.45,77.1,43.39,61.21,3.0
Puducherry,Rice,Rabi       ,1376.2,27.74,6.34,68.29,45.86,52.54,2.82
Puducherry,Rice,Summer     ,1376.2,27.74,6.44,71.48,41.79,56.71,2.125
Puducherry,Sugarcane,Kharif     ,1376.2,27.74,6.77,69.44,43.88,59.86,79.25
Andhra Pradesh,Maize,Kharif     ,1157.69,27.71,6.29,73.8,46.81,54.23,3.601818182
Andhra Pradesh,Maize,Rabi       ,1157.69,27.71,6.17,85.93,40.19,62.01,6.952727273
Andhra Pradesh,Potato,Whole Year ,1157.69,27.71,5.78,79.39,43.33,58.71,9.332
Andhra Pradesh,Rice,Kharif     ,1157.69,27.71,5.83,73.72,43.12,52.26,2.913636364
Andhra Pradesh,Rice,Rabi       ,1157.69,27.71,5.78,78.84,48.11,58.19,3.236818182
Andhra Pradesh,Sugarcane,Whole Year ,1157.69,27.71,6.39,80.26,51.23,56.72,81.6452381
Andhra Pradesh,Wheat,Rabi       ,1157.69,27.71,6.48,83.06,45.16,53.74,1.026666667
Assam,Maize,Kharif     ,1658.15,22.57,7.27,81.53,50.38,62.68,0.595555556
Assam,Potato,Whole Year ,1658.15,22.57,6.52,79.95,40.84,49.31,6.5
Assam,Rice,Autumn     ,1658.15,22.57,6.09,80.14,53.63,60.89,1.117777778
Assam,Rice,Summer     ,1658.15,22.57,5.95,81.82,53.57,57.33,1.951153846
Assam,Rice,Winter     ,1658.15,22.57,6.44,79.83,49.69,51.81,1.607407407
Assam,Sugarcane,Whole Year ,1658.15,22.57,7.37,70.67,53.34,51.16,37.27
Assam,Wheat,Rabi       ,1658.15,22.57,6.81,89.69,52.49,60.11,1.045769231
Karnataka,Maize,Kharif     ,1131.17,22.75,7.48,81.45,51.15,48.08,2.895555556
Karnataka,Maize,Rabi       ,1131.17,22.75,5.9,77.73,52.52,61.88,2.845
Karnataka,Maize,Summer     ,1131.17,22.75,6.09,88.56,53.27,47.78,3.073928571
Karnataka,Potato,Kharif     ,1131.17,22.75,7.08,75.55,41.23,56.11,2.449411765
Karnataka,Potato,Rabi       ,1131.17,22.75,6.43,78.05,44.27,49.57,15.515
Karnataka,Potato,Summer     ,1131.17,22.75,6.5,76.13,46.33,52.49,15.96333333
Karnataka,Rice,Kharif     ,1131.17,22.75,5.95,81.78,54.19,61.61,2.513448276
Karnataka,Rice,Rabi       ,1131.17,22.75,7.47,84.0,52.34,58.36,2.514166667
Karnataka,Rice,Summer     ,1131.17,22.75,7.29,68.33,46.48,48.13,2.786923077
Karnataka,Sugarcane,Whole Year ,1131.17,22.75,7.34,69.13,47.0,55.72,85.54
Karnataka,Wheat,Rabi       ,1131.17,22.75,6.33,77.91,49.22,59.9,1.012857143
Kerala,Rice,Autumn     ,1974.68,26.48,5.53,75.73,43.15,56.99,2.295384615
Kerala,Rice,Summer     ,1974.68,26.48,6.26,64.89,43.85,47.67,2.446428571
Kerala,Rice,Winter     ,1974.68,26.48,7.15,72.14,43.57,61.56,2.260714286
Kerala,Sugarcane,Whole Year ,1974.68,26.48,6.65,72.59,44.75,58.22,73.525
Meghalaya,Maize,Kharif     ,2128.07,17.72,7.12,76.64,43.15,46.82,1.545714286
Meghalaya,Potato,Whole Year ,2128.07,17.72,6.1,75.7,49.82,61.48,7.417142857
Meghalaya,Rice,Autumn     ,2128.07,17.72,5.93,83.79,46.52,47.23,1.53
Meghalaya,Rice,Summer     ,2128.07,17.72,6.54,83.53,47.77,56.36,2.154285714
Meghalaya,Rice,Winter     ,2128.07,17.72,5.6,80.29,50.01,62.05,1.802857143
Meghalaya,Sugarcane,Whole Year ,2128.07,17.72,7.32,78.55,49.6,53.3,2.316
Meghalaya,Wheat,Rabi       ,2128.07,17.72,5.59,80.81,52.45,55.96,1.245
Tamil Nadu,Maize,Whole Year ,1428.04,27.66,5.76,68.86,49.41,51.93,5.226296296
Tamil Nadu,Potato,Whole Year ,1428.04,27.66,5.92,86.48,51.01,56.75,19.39
Tamil Nadu,Rice,Kharif     ,1428.04,27.66,7.26,69.26,51.79,48.4,3.562580645
Tamil Nadu,Sugarcane,Whole Year ,1428.04,27.66,6.65,83.45,43.0,49.82,111.4553333
West Bengal,Maize,Autumn     ,1561.27,25.32,6.24,89.27,44.42,50.32,2.369090909
West Bengal,Maize,Rabi       ,1561.27,25.32,6.41,76.89,53.44,55.09,3.217272727
West Bengal,Maize,Summer     ,1561.27,25.32,6.08,79.18,49.29,60.34,2.743529412
West Bengal,Potato,Whole Year ,1561.27,25.32,5.88,66.37,53.3,61.0,13.99944444
West Bengal,Rice,Autumn     ,1561.27,25.32,7.27,81.07,44.63,57.55,2.04
West Bengal,Rice,Summer     ,1561.27,25.32,7.35,66.16,49.36,51.59,2.646666667
West Bengal,Rice,Winter     ,1561.27,25.32,6.81,64.82,41.6,54.02,2.393888889
West Bengal,Sugarcane,Whole Year ,1561.27,25.32,7.09,75.23,51.95,52.69,98.52
West Bengal,Wheat,Rabi       ,1561.27,25.32,5.65,71.01,43.08,47.48,2.172777778
Puducherry,Rice,Kharif     ,1110.91,28.23,7.0,67.23,43.85,62.61,2.893333333
Puducherry,Rice,Rabi       ,1110.91,28.23,6.84,68.6,53.78,63.69,2.903333333
Puducherry,Rice,Summer     ,1110.91,28.23,5.93,69.55,53.63,55.97,1.965
Puducherry,Sugarcane,Kharif     ,1110.91,28.23,6.56,76.12,51.2,49.37,97.28
Andhra Pradesh,Maize,Kharif     ,819.63,28.42,7.4,70.96,53.72,57.6,3.095
Andhra Pradesh,Maize,Rabi       ,819.63,28.42,6.2,78.42,40.41,48.19,6.097272727
Andhra Pradesh,Potato,Whole Year ,819.63,28.42,6.97,84.54,48.76,52.82,10.294
Andhra Pradesh,Rice,Kharif     ,819.63,28.42,6.56,68.32,47.68,54.73,2.790909091
Andhra Pradesh,Rice,Rabi       ,819.63,28.42,5.92,76.86,42.15,63.33,3.098636364
Andhra Pradesh,Sugarcane,Whole Year ,819.63,28.42,7.29,83.37,46.1,53.17,83.372
Andhra Pradesh,Wheat,Rabi       ,819.63,28.42,5.83,82.63,46.38,59.02,0.95
Assam,Maize,Kharif     ,1700.26,23.06,6.84,77.93,45.65,48.52,0.617407407
Assam,Potato,Whole Year ,1700.26,23.06,7.15,64.5,54.05,55.92,7.163703704
Assam,Rice,Autumn     ,1700.26,23.06,5.73,84.67,53.99,49.56,1.070740741
Assam,Rice,Summer     ,1700.26,23.06,6.27,65.52,44.01,60.39,1.903703704
Assam,Rice,Winter     ,1700.26,23.06,7.05,84.72,48.31,60.44,1.780740741
Assam,Sugarcane,Whole Year ,1700.26,23.06,7.01,87.37,44.69,55.83,38.25
Assam,Wheat,Rabi       ,1700.26,23.06,6.94,82.5,42.83,60.69,1.097037037
Karnataka,Maize,Kharif     ,858.32,23.5,6.03,84.5,52.7,60.1,2.418148148
Karnataka,Maize,Rabi       ,858.32,23.5,7.02,69.55,48.07,48.9,2.43962963
Karnataka,Maize,Summer     ,858.32,23.5,6.98,77.7,48.17,61.12,2.839642857
Karnataka,Potato,Kharif     ,858.32,23.5,6.44,76.27,46.66,58.35,6.492666667
Karnataka,Potato,Rabi       ,858.32,23.5,5.61,77.51,46.22,54.07,15.23416667
Karnataka,Potato,Summer     ,858.32,23.5,6.99,76.22,48.03,52.64,15.96166667
Karnataka,Rice,Kharif     ,858.32,23.5,7.26,79.35,48.41,47.9,2.397931034
Karnataka,Rice,Rabi       ,858.32,23.5,6.04,86.64,53.94,59.34,2.416666667
Karnataka,Rice,Summer     ,858.32,23.5,6.64,70.8,45.14,55.95,2.806923077
Karnataka,Sugarcane,Whole Year ,858.32,23.5,6.64,71.66,49.85,57.22,94.28791667
Karnataka,Wheat,Rabi       ,858.32,23.5,6.8,71.11,55.51,47.61,0.919285714
Kerala,Rice,Autumn     ,1558.44,26.9,7.37,79.27,43.72,49.55,2.303076923
Kerala,Rice,Summer     ,1558.44,26.9,6.5,66.51,46.73,56.19,2.385
Kerala,Rice,Winter     ,1558.44,26.9,6.22,73.51,48.17,63.61,2.286428571
Kerala,Sugarcane,Whole Year ,1558.44,26.9,6.41,71.65,42.16,50.32,50.8875
Meghalaya,Maize,Kharif     ,2328.88,18.01,7.19,89.43,44.69,56.25,1.574285714
Meghalaya,Potato,Whole Year ,2328.88,18.01,5.63,71.42,42.56,59.46,7.318571429
Meghalaya,Rice,Autumn     ,2328.88,18.01,6.88,75.85,51.4,54.81,1.542857143
Meghalaya,Rice,Summer     ,2328.88,18.01,6.99,83.29,51.48,59.24,2.171428571
Meghalaya,Rice,Winter     ,2328.88,18.01,6.51,66.55,53.1,50.26,1.802857143
Meghalaya,Sugarcane,Whole Year ,2328.88,18.01,6.16,80.07,45.84,48.83,2.46
Meghalaya,Wheat,Rabi       ,2328.88,18.01,7.3,71.73,53.82,59.3,1.25
Tamil Nadu,Maize,Whole Year ,1165.21,28.22,6.54,72.26,47.09,52.86,4.798888889
Tamil Nadu,Potato,Whole Year ,1165.21,28.22,7.09,76.66,53.96,60.92,19.2475
Tamil Nadu,Rice,Kharif     ,1165.21,28.22,6.3,74.59,50.89,63.29,3.539677419
Tamil Nadu,Sugarcane,Whole Year ,1165.21,28.22,6.86,84.31,40.16,54.36,100.2083333
Puducherry,Rice,Kharif     ,1434.44,28.07,5.94,72.53,44.56,58.59,2.673333333
Puducherry,Rice,Rabi       ,1434.44,28.07,5.85,83.28,47.29,48.92,3.446666667
Puducherry,Rice,Summer     ,1434.44,28.07,5.86,82.52,50.77,62.74,2.7
Puducherry,Sugarcane,Kharif     ,1434.44,28.07,7.17,70.93,48.95,57.83,115.19
Assam,Maize,Kharif     ,2262.61,22.89,5.65,77.45,51.15,48.05,0.61
Assam,Potato,Whole Year ,2262.61,22.89,6.83,76.94,43.47,51.01,7.705185185
Assam,Rice,Autumn     ,2262.61,22.89,6.78,83.2,50.21,48.88,1.272592593
Assam,Rice,Summer     ,2262.61,22.89,6.89,67.53,54.65,55.38,2.342222222
Assam,Rice,Winter     ,2262.61,22.89,6.07,75.73,52.23,54.56,1.958888889
Assam,Sugarcane,Whole Year ,2262.61,22.89,6.0,73.78,41.43,56.09,36.27592593
Assam,Wheat,Rabi       ,2262.61,22.89,7.29,76.61,47.95,50.75,1.196666667
Andhra Pradesh,Maize,Kharif     ,1557.24,27.91,5.57,87.0,52.24,61.64,3.821818182
Andhra Pradesh,Maize,Rabi       ,1557.24,27.91,5.95,72.02,43.27,55.89,7.073636364
Andhra Pradesh,Potato,Whole Year ,1557.24,27.91,6.43,84.85,53.73,60.52,10.99875
Andhra Pradesh,Rice,Kharif     ,1557.24,27.91,6.55,84.18,42.58,63.65,2.666818182
Andhra Pradesh,Rice,Rabi       ,1557.24,27.91,6.66,77.72,42.79,53.86,3.325909091
Andhra Pradesh,Sugarcane,Whole Year ,1557.24,27.91,6.46,69.35,51.77,51.92,81.58380952
Andhra Pradesh,Wheat,Rabi       ,1557.24,27.91,6.02,81.84,50.07,52.32,1.311818182
Karnataka,Maize,Kharif     ,969.11,23.76,7.01,86.03,51.27,47.1,3.354285714
Karnataka,Maize,Rabi       ,969.11,23.76,6.42,88.2,45.78,52.16,2.8475
Karnataka,Maize,Summer     ,969.11,23.76,5.62,86.73,50.86,59.44,3.294137931
Karnataka,Potato,Kharif     ,969.11,23.76,7.0,81.52,53.7,48.01,8.056875
Karnataka,Potato,Rabi       ,969.11,23.76,6.3,73.31,47.63,54.25,12.75454545
Karnataka,Potato,Summer     ,969.11,23.76,5.85,66.09,46.99,47.44,15.26142857
Karnataka,Rice,Kharif     ,969.11,23.76,6.39,87.38,43.32,53.73,2.654
Karnataka,Rice,Rabi       ,969.11,23.76,6.93,75.03,51.65,53.42,2.668333333
Karnataka,Rice,Summer     ,969.11,23.76,7.46,84.46,41.48,53.93,2.935714286
Karnataka,Sugarcane,Whole Year ,969.11,23.76,6.73,69.35,49.46,54.17,97.33137931
Karnataka,Wheat,Rabi       ,969.11,23.76,6.26,81.67,47.04,47.68,1.166470588
Kerala,Rice,Autumn     ,1937.17,26.9,6.09,65.81,43.02,60.61,2.236923077
Kerala,Rice,Summer     ,1937.17,26.9,5.76,67.96,51.51,52.69,2.48
Kerala,Rice,Winter     ,1937.17,26.9,7.01,77.87,47.92,60.04,2.202142857
Kerala,Sugarcane,Whole Year ,1937.17,26.9,6.65,74.19,53.26,51.19,41.51714286
Meghalaya,Maize,Kharif     ,3082.63,18.07,5.84,88.56,53.22,57.45,1.561428571
Meghalaya,Potato,Whole Year ,3082.63,18.07,7.31,84.15,50.15,54.87,7.374285714
Meghalaya,Rice,Autumn     ,3082.63,18.07,6.13,68.02,49.69,54.13,1.53
Meghalaya,Rice,Rabi       ,3082.63,18.07,6.11,86.21,43.34,50.95,2.077142857
Meghalaya,Rice,Winter     ,3082.63,18.07,5.64,67.0,51.0,49.64,1.828571429
Meghalaya,Sugarcane,Whole Year ,3082.63,18.07,6.13,70.37,52.15,48.69,2.35
Meghalaya,Wheat,Rabi       ,3082.63,18.07,6.3,71.29,54.02,63.3,1.2475
Puducherry,Rice,Kharif     ,1264.88,27.95,7.14,70.57,46.0,49.11,3.046666667
Puducherry,Rice,Rabi       ,1264.88,27.95,5.96,87.46,53.86,50.47,2.856666667
Puducherry,Rice,Summer     ,1264.88,27.95,6.51,68.42,47.41,63.03,2.49
Puducherry,Sugarcane,Kharif     ,1264.88,27.95,5.99,81.04,45.65,53.18,147.66
Assam,Maize,Kharif     ,1698.68,22.6,6.87,78.67,48.35,53.9,0.693333333
Assam,Potato,Whole Year ,1698.68,22.6,5.88,68.06,41.23,60.98,7.035925926
Assam,Rice,Autumn     ,1698.68,22.6,6.35,77.18,54.77,53.63,1.268518519
Assam,Rice,Summer     ,1698.68,22.6,6.17,65.2,48.75,52.57,2.489615385
Assam,Rice,Winter     ,1698.68,22.6,6.63,73.64,51.93,59.12,1.797037037
Assam,Sugarcane,Whole Year ,1698.68,22.6,6.98,66.34,43.87,52.11,37.69074074
Assam,Wheat,Rabi       ,1698.68,22.6,7.31,80.05,43.96,51.04,1.169615385
Andhra Pradesh,Maize,Kharif     ,730.18,27.96,6.04,87.74,52.44,59.36,3.427727273
Andhra Pradesh,Maize,Rabi       ,730.18,27.96,6.92,83.78,46.81,47.66,6.432272727
Andhra Pradesh,Potato,Whole Year ,730.18,27.96,6.76,76.78,43.24,51.14,10.52428571
Andhra Pradesh,Rice,Kharif     ,730.18,27.96,6.06,67.93,43.38,58.05,2.909090909
Andhra Pradesh,Rice,Rabi       ,730.18,27.96,5.99,65.93,48.33,59.92,3.031818182
Andhra Pradesh,Sugarcane,Whole Year ,730.18,27.96,6.1,67.57,40.63,57.18,86.0155
Andhra Pradesh,Wheat,Rabi       ,730.18,27.96,5.95,69.03,44.55,50.99,1.306666667
Karnataka,Maize,Kharif     ,641.34,23.49,5.59,76.99,43.13,47.58,2.855357143
Karnataka,Maize,Rabi       ,641.34,23.49,5.78,82.83,47.18,61.94,3.0375
Karnataka,Maize,Summer     ,641.34,23.49,7.21,75.89,46.57,58.26,3.159655172
Karnataka,Potato,Kharif     ,641.34,23.49,6.35,74.31,51.02,46.65,8.90875
Karnataka,Potato,Rabi       ,641.34,23.49,6.97,66.31,40.99,62.78,12.50666667
Karnataka,Potato,Summer     ,641.34,23.49,5.88,74.16,48.95,55.1,14.4325
Karnataka,Rice,Kharif     ,641.34,23.49,5.89,77.02,45.62,58.51,2.702666667
Karnataka,Rice,Rabi       ,641.34,23.49,6.12,70.2,41.51,49.21,2.378181818
Karnataka,Rice,Summer     ,641.34,23.49,6.77,83.46,54.42,48.4,2.931428571
Karnataka,Sugarcane,Whole Year ,641.34,23.49,7.27,82.59,52.07,47.09,89.37346154
Karnataka,Wheat,Rabi       ,641.34,23.49,5.5,90.48,50.73,56.27,0.981333333
Kerala,Potato,Whole Year ,1472.9,26.75,7.32,64.5,44.79,60.82,11.5
Kerala,Rice,Autumn     ,1472.9,26.75,6.72,87.31,43.7,55.56,2.301538462
Kerala,Rice,Summer     ,1472.9,26.75,6.02,69.82,51.84,52.18,2.7
Kerala,Rice,Winter     ,1472.9,26.75,5.86,67.58,41.79,49.47,2.426428571
Kerala,Sugarcane,Whole Year ,1472.9,26.75,7.19,78.21,53.05,61.28,38.00357143
Meghalaya,Maize,Kharif     ,2237.85,17.61,5.78,81.0,53.4,56.58,1.58
Meghalaya,Potato,Whole Year ,2237.85,17.61,6.42,70.07,44.95,57.38,7.448571429
Meghalaya,Rice,Autumn     ,2237.85,17.61,6.56,82.55,41.62,55.65,1.511428571
Meghalaya,Rice,Rabi       ,2237.85,17.61,6.32,66.42,47.94,55.18,2.07
Meghalaya,Rice,Winter     ,2237.85,17.61,6.53,71.33,53.41,48.78,1.91
Meghalaya,Sugarcane,Whole Year ,2237.85,17.61,6.22,73.42,42.59,49.8,2.444
Meghalaya,Wheat,Rabi       ,2237.85,17.61,7.21,88.23,43.12,51.27,1.34
Tamil Nadu,Maize,Kharif     ,1371.22,27.72,6.22,88.65,42.67,48.83,5.832307692
Tamil Nadu,Maize,Rabi       ,1371.22,27.72,5.66,88.07,43.23,50.21,6.611481481
Tamil Nadu,Potato,Whole Year ,1371.22,27.72,7.03,82.61,44.47,56.59,19.59125
Tamil Nadu,Rice,Kharif     ,1371.22,27.72,7.36,84.19,42.15,54.92,4.226451613
Tamil Nadu,Sugarcane,Whole Year ,1371.22,27.72,7.0,81.6,47.9,61.16,113.736
Andhra Pradesh,Maize,Kharif     ,1192.65,27.87,5.99,69.71,52.78,58.98,4.040952381
Andhra Pradesh,Maize,Rabi       ,1192.65,27.87,6.66,68.38,43.35,59.8,6.119545455
Andhra Pradesh,Potato,Kharif     ,1192.65,27.87,7.0,86.62,54.37,56.0,16.335
Andhra Pradesh,Potato,Rabi       ,1192.65,27.87,7.34,83.22,42.37,53.79,17.176
Andhra Pradesh,Rice,Kharif     ,1192.65,27.87,5.78,69.34,48.83,61.6,2.969545455
Andhra Pradesh,Rice,Rabi       ,1192.65,27.87,7.1,66.72,44.14,56.75,3.243636364
Andhra Pradesh,Sugarcane,Whole Year ,1192.65,27.87,6.85,76.38,42.91,60.38,81.79941176
Andhra Pradesh,Wheat,Rabi       ,1192.65,27.87,7.07,75.78,46.59,53.85,1.25
Assam,Maize,Kharif     ,2102.52,22.78,6.94,72.99,40.71,57.64,0.771481481
Assam,Potato,Whole Year ,2102.52,22.78,5.77,74.55,47.56,50.99,7.105555556
Assam,Rice,Autumn     ,2102.52,22.78,6.0,70.18,45.0,52.01,1.291481481
Assam,Rice,Summer     ,2102.52,22.78,6.34,75.17,43.7,55.09,2.7724
Assam,Rice,Winter     ,2102.52,22.78,6.7,85.91,41.15,59.57,1.968888889
Assam,Sugarcane,Whole Year ,2102.52,22.78,6.32,81.54,46.68,51.28,35.72222222
Assam,Wheat,Rabi       ,2102.52,22.78,5.72,72.77,54.37,51.23,1.2508
Karnataka,Maize,Kharif     ,488.69,24.37,6.67,83.16,52.79,60.58,2.741071429
Karnataka,Maize,Rabi       ,488.69,24.37,7.3,82.34,41.22,57.01,3.155185185
Karnataka,Maize,Summer     ,488.69,24.37,7.03,75.78,54.04,61.12,3.439666667
Karnataka,Potato,Kharif     ,488.69,24.37,7.17,70.78,42.82,55.1,7.302
Karnataka,Potato,Rabi       ,488.69,24.37,5.83,69.94,42.65,57.05,16.72363636
Karnataka,Potato,Summer     ,488.69,24.37,6.95,64.39,43.74,60.09,21.82333333
Karnataka,Rice,Kharif     ,488.69,24.37,5.94,81.3,46.48,59.68,2.418333333
Karnataka,Rice,Rabi       ,488.69,24.37,5.61,75.27,42.67,61.38,2.394615385
Karnataka,Rice,Summer     ,488.69,24.37,6.94,72.41,40.89,56.06,2.747777778
Karnataka,Sugarcane,Whole Year ,488.69,24.37,6.49,78.19,52.5,48.19,83.30689655
Karnataka,Wheat,Rabi       ,488.69,24.37,5.61,71.26,42.67,55.49,0.846428571
Kerala,Maize,Whole Year ,1152.35,27.14,5.85,77.04,42.43,58.68,0.535
Kerala,Potato,Whole Year ,1152.35,27.14,6.45,76.83,51.46,50.91,18.905
Kerala,Rice,Autumn     ,1152.35,27.14,7.15,78.73,54.1,51.57,2.41
Kerala,Rice,Summer     ,1152.35,27.14,6.29,84.96,54.89,63.77,2.482142857
Kerala,Rice,Winter     ,1152.35,27.14,6.23,71.53,52.88,53.79,2.355
Kerala,Sugarcane,Whole Year ,1152.35,27.14,5.67,89.49,41.1,53.71,48.69090909
Kerala,Wheat,Whole Year ,1152.35,27.14,5.9,73.75,41.77,49.45,0.0
Meghalaya,Maize,Whole Year ,2851.85,17.79,5.81,75.65,48.99,55.65,2.2
Meghalaya,Potato,Whole Year ,2851.85,17.79,5.91,82.2,53.82,62.29,7.585714286
Meghalaya,Rice,Autumn     ,2851.85,17.79,6.25,86.5,49.87,52.72,2.232857143
Meghalaya,Rice,Rabi       ,2851.85,17.79,6.49,82.17,48.57,61.31,2.13
Meghalaya,Rice,Winter     ,2851.85,17.79,6.23,70.37,41.06,63.51,2.118571429
Meghalaya,Sugarcane,Whole Year ,2851.85,17.79,5.82,85.24,50.69,62.08,2.72
Meghalaya,Wheat,Rabi       ,2851.85,17.79,5.75,69.84,49.33,55.36,1.356666667
Andhra Pradesh,Maize,Kharif     ,1279.53,27.45,5.95,66.8,42.97,52.44,3.460769231
Andhra Pradesh,Maize,Rabi       ,1279.53,27.45,5.65,67.4,49.81,53.06,7.458461538
Andhra Pradesh,Potato,Kharif     ,1279.53,27.45,6.06,74.53,45.36,54.57,16.03
Andhra Pradesh,Potato,Rabi       ,1279.53,27.45,6.24,70.89,49.49,61.41,15.024
Andhra Pradesh,Rice,Kharif     ,1279.53,27.45,7.33,78.19,48.72,61.32,2.715384615
Andhra Pradesh,Rice,Rabi       ,1279.53,27.45,6.89,81.85,44.19,54.12,3.408461538
Andhra Pradesh,Sugarcane,Whole Year ,1279.53,27.45,5.63,76.18,41.28,56.78,84.42615385
Andhra Pradesh,Wheat,Rabi       ,1279.53,27.45,6.31,69.35,43.87,60.32,0.68
Assam,Maize,Kharif     ,1838.45,23.2,6.54,82.94,46.72,48.41,3.53037037
Assam,Potato,Whole Year ,1838.45,23.2,5.68,75.17,46.45,62.69,7.258148148
Assam,Rice,Autumn     ,1838.45,23.2,6.15,86.87,41.25,59.19,1.386296296
Assam,Rice,Summer     ,1838.45,23.2,6.92,82.36,42.92,53.83,2.655925926
Assam,Rice,Winter     ,1838.45,23.2,6.35,85.2,49.68,47.89,1.982592593
Assam,Sugarcane,Whole Year ,1838.45,23.2,5.83,81.58,52.16,63.0,36.24925926
Assam,Wheat,Rabi       ,1838.45,23.2,7.38,79.07,45.71,48.2,1.232
Goa,Rice,Kharif     ,2110.26,27.31,7.11,82.76,52.69,50.62,2.82
Goa,Rice,Rabi       ,2110.26,27.31,6.25,66.17,47.66,60.45,3.205
Goa,Sugarcane,Whole Year ,2110.26,27.31,6.88,84.13,40.28,63.22,48.06
Karnataka,Maize,Kharif     ,878.57,23.6,5.87,70.08,50.23,50.61,3.165
Karnataka,Maize,Rabi       ,878.57,23.6,7.16,83.57,45.09,57.43,2.988888889
Karnataka,Maize,Summer     ,878.57,23.6,6.77,84.52,49.12,60.81,3.111724138
Karnataka,Potato,Kharif     ,878.57,23.6,6.81,83.6,48.64,59.01,7.544117647
Karnataka,Potato,Rabi       ,878.57,23.6,6.73,77.62,54.01,56.59,15.11727273
Karnataka,Potato,Summer     ,878.57,23.6,7.4,81.2,49.29,57.99,14.03416667
Karnataka,Rice,Kharif     ,878.57,23.6,7.29,69.77,48.89,51.76,2.792666667
Karnataka,Rice,Rabi       ,878.57,23.6,6.26,87.01,44.26,62.81,2.545833333
Karnataka,Rice,Summer     ,878.57,23.6,7.38,80.24,50.12,48.74,3.022962963
Karnataka,Sugarcane,Whole Year ,878.57,23.6,6.16,71.67,53.04,57.02,87.8824
Karnataka,Wheat,Rabi       ,878.57,23.6,5.58,74.81,45.19,62.48,1.068571429
Kerala,Maize,Whole Year ,1766.57,26.95,6.64,80.43,41.93,51.03,1.445
Kerala,Potato,Whole Year ,1766.57,26.95,5.57,83.47,40.67,61.4,19.56
Kerala,Rice,Autumn     ,1766.57,26.95,7.04,74.21,41.45,60.14,2.416923077
Kerala,Rice,Summer     ,1766.57,26.95,5.59,82.34,48.78,50.96,2.673571429
Kerala,Rice,Winter     ,1766.57,26.95,5.82,86.4,49.58,52.87,2.506428571
Kerala,Sugarcane,Whole Year ,1766.57,26.95,6.73,66.51,44.23,61.53,59.56181818
Meghalaya,Maize,Whole Year ,2467.09,18.22,6.3,66.76,40.29,55.48,2.16
Meghalaya,Potato,Whole Year ,2467.09,18.22,6.67,68.67,49.74,49.88,7.969090909
Meghalaya,Rice,Autumn     ,2467.09,18.22,7.03,69.87,48.25,59.75,2.448571429
Meghalaya,Rice,Rabi       ,2467.09,18.22,5.97,87.31,45.66,51.67,2.396363636
Meghalaya,Rice,Winter     ,2467.09,18.22,5.57,69.6,45.0,60.87,2.238571429
Meghalaya,Sugarcane,Whole Year ,2467.09,18.22,5.82,85.12,40.46,63.47,2.675
Meghalaya,Wheat,Rabi       ,2467.09,18.22,7.09,81.98,48.19,63.01,1.506
Tamil Nadu,Maize,Kharif     ,1023.06,27.79,5.58,68.71,51.91,59.04,6.161111111
Tamil Nadu,Maize,Rabi       ,1023.06,27.79,5.93,73.78,48.59,62.07,5.431724138
Tamil Nadu,Potato,Kharif     ,1023.06,27.79,6.21,79.41,53.62,61.36,18.37333333
Tamil Nadu,Potato,Rabi       ,1023.06,27.79,5.98,81.67,45.86,56.11,24.145
Tamil Nadu,Rice,Kharif     ,1023.06,27.79,6.27,78.56,44.1,50.43,4.491935484
Tamil Nadu,Sugarcane,Whole Year ,1023.06,27.79,5.7,86.52,52.0,53.74,97.58677419
Andhra Pradesh,Maize,Kharif     ,749.08,28.18,5.67,80.24,49.65,58.36,3.446923077
Andhra Pradesh,Maize,Rabi       ,749.08,28.18,6.27,73.52,40.38,55.01,7.481538462
Andhra Pradesh,Potato,Kharif     ,749.08,28.18,5.87,81.48,52.26,50.19,17.6225
Andhra Pradesh,Potato,Rabi       ,749.08,28.18,5.94,85.13,41.41,57.79,17.564
Andhra Pradesh,Rice,Kharif     ,749.08,28.18,5.6,71.76,45.73,50.07,3.184615385
Andhra Pradesh,Rice,Rabi       ,749.08,28.18,7.24,69.64,48.38,60.03,3.541538462
Andhra Pradesh,Sugarcane,Whole Year ,749.08,28.18,7.45,80.9,44.84,56.37,81.93615385
Andhra Pradesh,Wheat,Rabi       ,749.08,28.18,5.69,73.44,46.74,55.92,1.02
Assam,Maize,Kharif     ,1623.83,23.51,6.43,70.58,49.61,59.42,2.96962963
Assam,Potato,Whole Year ,1623.83,23.51,6.69,76.38,52.04,47.06,7.653703704
Assam,Rice,Autumn     ,1623.83,23.51,6.7,74.71,50.61,57.32,1.531481481
Assam,Rice,Summer     ,1623.83,23.51,6.91,67.03,43.61,47.43,2.613076923
Assam,Rice,Winter     ,1623.83,23.51,7.37,83.83,44.54,61.28,1.977777778
Assam,Sugarcane,Whole Year ,1623.83,23.51,7.46,72.7,42.06,59.4,36.59814815
Assam,Wheat,Rabi       ,1623.83,23.51,6.85,79.77,43.75,51.89,1.199615385
Goa,Rice,Kharif     ,2194.71,27.59,5.66,83.83,47.29,59.47,2.925
Goa,Rice,Rabi       ,2194.71,27.59,6.47,65.68,48.68,55.87,2.775
Goa,Sugarcane,Whole Year ,2194.71,27.59,7.48,75.94,48.09,56.29,54.35
Karnataka,Maize,Kharif     ,605.9,24.06,7.46,78.53,49.14,47.45,3.134642857
Karnataka,Maize,Rabi       ,605.9,24.06,6.8,79.32,52.67,58.47,3.191785714
Karnataka,Maize,Summer     ,605.9,24.06,7.33,80.24,45.51,61.22,3.19
Karnataka,Potato,Kharif     ,605.9,24.06,5.66,79.5,47.67,55.81,6.655555556
Karnataka,Potato,Rabi       ,605.9,24.06,6.55,69.02,41.16,59.06,15.352
Karnataka,Potato,Summer     ,605.9,24.06,6.81,77.82,51.58,56.28,13.72166667
Karnataka,Rice,Kharif     ,605.9,24.06,7.36,86.81,52.93,61.28,2.812333333
Karnataka,Rice,Rabi       ,605.9,24.06,7.17,79.73,45.11,54.27,2.493846154
Karnataka,Rice,Summer     ,605.9,24.06,5.9,70.86,50.6,58.57,2.852
Karnataka,Sugarcane,Whole Year ,605.9,24.06,5.59,79.94,47.86,62.4,92.69038462
Karnataka,Wheat,Rabi       ,605.9,24.06,6.28,70.64,49.39,52.9,1.289285714
Kerala,Maize,Whole Year ,1901.93,27.01,5.89,79.95,53.95,57.58,1.166666667
Kerala,Potato,Whole Year ,1901.93,27.01,6.27,73.68,44.59,52.71,18.56
Kerala,Rice,Autumn     ,1901.93,27.01,5.88,67.14,54.54,52.34,2.215384615
Kerala,Rice,Summer     ,1901.93,27.01,5.6,72.58,44.07,49.48,2.801428571
Kerala,Rice,Winter     ,1901.93,27.01,5.83,81.4,44.86,61.31,2.500714286
Kerala,Sugarcane,Whole Year ,1901.93,27.01,7.4,76.11,42.81,59.12,45.05384615
Kerala,Wheat,Whole Year ,1901.93,27.01,5.99,83.03,54.98,51.65,3.0
Meghalaya,Maize,Whole Year ,2285.61,18.24,6.6,87.21,51.44,58.84,2.214545455
Meghalaya,Potato,Summer     ,2285.61,18.24,5.58,77.97,48.8,51.86,8.149090909
Meghalaya,Potato,Winter     ,2285.61,18.24,6.86,85.83,54.38,48.75,6.598181818
Meghalaya,Rice,Autumn     ,2285.61,18.24,6.86,64.89,41.4,50.38,2.507272727
Meghalaya,Rice,Rabi       ,2285.61,18.24,6.36,84.8,49.46,57.96,2.505454545
Meghalaya,Rice,Winter     ,2285.61,18.24,6.61,70.14,50.59,50.11,2.319090909
Meghalaya,Sugarcane,Whole Year ,2285.61,18.24,7.11,67.88,42.12,51.36,2.70125
Meghalaya,Wheat,Rabi       ,2285.61,18.24,7.32,83.95,53.66,63.46,1.568
Tamil Nadu,Maize,Kharif     ,1096.01,27.98,5.96,80.17,48.93,62.28,8.406538462
Tamil Nadu,Maize,Rabi       ,1096.01,27.98,7.42,69.04,50.68,52.87,7.637586207
Tamil Nadu,Potato,Kharif     ,1096.01,27.98,5.91,78.8,50.26,60.35,21.70833333
Tamil Nadu,Potato,Rabi       ,1096.01,27.98,7.12,67.94,49.01,54.39,22.54
Tamil Nadu,Rice,Kharif     ,1096.01,27.98,7.42,67.28,52.89,53.61,4.730322581
Tamil Nadu,Sugarcane,Whole Year ,1096.01,27.98,5.91,84.69,42.46,50.66,99.26033333
Andhra Pradesh,Maize,Kharif     ,824.0,28.21,6.54,86.87,40.69,62.71,3.876923077
Andhra Pradesh,Maize,Rabi       ,824.0,28.21,5.62,72.95,42.56,54.57,5.915384615
Andhra Pradesh,Potato,Kharif     ,824.0,28.21,5.73,76.3,43.7,58.22,7.96
Andhra Pradesh,Potato,Rabi       ,824.0,28.21,7.28,72.61,43.96,58.19,8.875
Andhra Pradesh,Rice,Kharif     ,824.0,28.21,6.87,87.48,51.97,55.98,3.091538462
Andhra Pradesh,Rice,Rabi       ,824.0,28.21,7.04,86.1,54.91,54.13,3.671538462
Andhra Pradesh,Sugarcane,Whole Year ,824.0,28.21,5.94,79.05,52.22,52.09,85.06461538
Andhra Pradesh,Wheat,Rabi       ,824.0,28.21,5.63,70.67,47.79,62.47,0.696666667
Puducherry,Rice,Kharif     ,1567.72,28.11,7.18,68.75,48.93,57.8,2.273333333
Puducherry,Rice,Rabi       ,1567.72,28.11,6.84,84.22,41.89,53.15,2.47
Puducherry,Rice,Summer     ,1567.72,28.11,7.36,86.06,41.88,53.3,2.225
Puducherry,Sugarcane,Kharif     ,1567.72,28.11,5.73,78.08,43.97,62.93,117.5
Assam,Maize,Kharif     ,2064.92,23.56,6.02,72.16,50.42,57.44,2.514074074
Assam,Potato,Whole Year ,2064.92,23.56,7.17,84.53,41.47,58.52,6.482962963
Assam,Rice,Autumn     ,2064.92,23.56,6.17,86.54,50.6,55.78,1.398888889
Assam,Rice,Summer     ,2064.92,23.56,6.42,64.9,44.02,54.4,2.488076923
Assam,Rice,Winter     ,2064.92,23.56,7.34,70.14,41.95,58.5,1.965925926
Assam,Sugarcane,Whole Year ,2064.92,23.56,6.89,80.38,41.02,52.48,35.5662963
Assam,Wheat,Rabi       ,2064.92,23.56,7.27,79.35,53.36,49.82,1.1756
Meghalaya,Maize,Kharif     ,2901.61,18.19,6.59,87.64,52.02,59.5,2.24
Meghalaya,Potato,Summer     ,2901.61,18.19,5.88,85.26,43.33,63.01,8.179090909
Meghalaya,Potato,Winter     ,2901.61,18.19,6.22,67.29,43.94,50.96,6.711818182
Meghalaya,Rice,Autumn     ,2901.61,18.19,6.37,82.62,52.96,47.65,2.551818182
Meghalaya,Rice,Rabi       ,2901.61,18.19,6.14,78.3,52.02,48.15,2.557272727
Meghalaya,Rice,Winter     ,2901.61,18.19,7.36,73.73,53.01,59.47,2.347272727
Meghalaya,Sugarcane,Whole Year ,2901.61,18.19,6.28,80.14,45.75,48.47,2.7475
Meghalaya,Wheat,Rabi       ,2901.61,18.19,6.61,79.48,42.22,47.93,1.646
Goa,Rice,Kharif     ,1993.22,27.72,5.63,71.26,51.49,59.73,2.83
Goa,Rice,Rabi       ,1993.22,27.72,6.25,86.4,52.93,61.43,2.76
Goa,Sugarcane,Whole Year ,1993.22,27.72,5.63,76.78,51.74,60.0,53.265
Karnataka,Maize,Kharif     ,824.43,23.87,7.38,82.39,53.91,57.39,2.7225
Karnataka,Maize,Rabi       ,824.43,23.87,5.81,71.43,51.42,59.95,2.544285714
Karnataka,Maize,Summer     ,824.43,23.87,6.62,73.07,52.7,61.69,2.877407407
Karnataka,Potato,Kharif     ,824.43,23.87,5.97,77.81,45.54,59.0,4.458333333
Karnataka,Potato,Rabi       ,824.43,23.87,5.53,68.95,42.22,49.36,14.405
Karnataka,Potato,Summer     ,824.43,23.87,7.06,65.5,42.76,49.27,15.74090909
Karnataka,Rice,Kharif     ,824.43,23.87,7.48,85.15,44.92,48.3,2.525666667
Karnataka,Rice,Rabi       ,824.43,23.87,6.68,74.26,47.92,57.36,2.456428571
Karnataka,Rice,Summer     ,824.43,23.87,6.23,80.56,45.0,47.95,2.785769231
Karnataka,Sugarcane,Whole Year ,824.43,23.87,6.4,79.34,47.66,52.65,85.546
Karnataka,Wheat,Rabi       ,824.43,23.87,5.55,85.16,49.38,61.43,0.854285714
Kerala,Maize,Whole Year ,2093.51,27.01,7.09,68.37,43.26,51.82,1.73
Kerala,Potato,Whole Year ,2093.51,27.01,7.18,65.99,47.91,57.97,7.215
Kerala,Rice,Autumn     ,2093.51,27.01,6.1,67.54,52.51,61.52,2.327692308
Kerala,Rice,Summer     ,2093.51,27.01,6.65,69.55,45.38,60.83,2.67
Kerala,Rice,Winter     ,2093.51,27.01,6.74,76.01,47.02,51.26,2.370714286
Kerala,Sugarcane,Whole Year ,2093.51,27.01,6.73,75.34,53.06,50.22,42.25571429
Kerala,Wheat,Whole Year ,2093.51,27.01,5.94,82.89,50.66,60.61,1.5
Tamil Nadu,Maize,Kharif     ,1961.46,27.87,6.52,76.61,42.59,47.44,7.782
Tamil Nadu,Maize,Rabi       ,1961.46,27.87,6.29,72.18,51.98,58.49,6.849655172
Tamil Nadu,Potato,Kharif     ,1961.46,27.87,6.75,82.47,52.82,59.4,20.9825
Tamil Nadu,Potato,Rabi       ,1961.46,27.87,7.47,83.36,52.64,61.26,22.4075
Tamil Nadu,Rice,Kharif     ,1961.46,27.87,6.87,85.98,43.94,61.0,4.061290323
Tamil Nadu,Sugarcane,Whole Year ,1961.46,27.87,7.42,66.28,53.3,56.72,98.0
Andhra Pradesh,Maize,Kharif     ,935.87,28.04,6.06,84.16,41.0,55.12,3.907692308
Andhra Pradesh,Maize,Rabi       ,935.87,28.04,7.03,86.58,40.26,60.61,6.493846154
Andhra Pradesh,Potato,Kharif     ,935.87,28.04,6.27,83.85,40.86,57.72,9.09
Andhra Pradesh,Potato,Rabi       ,935.87,28.04,6.79,71.0,41.03,51.5,9.715
Andhra Pradesh,Rice,Kharif     ,935.87,28.04,5.9,65.93,50.04,54.91,3.361538462
Andhra Pradesh,Rice,Rabi       ,935.87,28.04,7.05,73.24,53.08,48.53,3.727692308
Andhra Pradesh,Sugarcane,Whole Year ,935.87,28.04,5.76,83.48,49.95,50.61,86.50846154
Andhra Pradesh,Wheat,Rabi       ,935.87,28.04,5.81,86.61,45.49,47.51,2.155
Puducherry,Rice,Kharif     ,765.27,28.23,5.85,76.71,47.7,47.46,3.24
Puducherry,Rice,Rabi       ,765.27,28.23,6.78,85.52,40.63,61.92,3.436666667
Puducherry,Rice,Summer     ,765.27,28.23,6.22,80.65,49.18,59.62,2.535
Puducherry,Sugarcane,Kharif     ,765.27,28.23,5.78,85.26,41.21,58.08,125.0
Assam,Maize,Kharif     ,2251.68,23.94,5.56,67.33,45.38,52.45,2.545925926
Assam,Potato,Whole Year ,2251.68,23.94,7.38,67.96,47.94,49.78,7.258518519
Assam,Rice,Autumn     ,2251.68,23.94,5.72,72.37,41.01,57.95,1.405185185
Assam,Rice,Summer     ,2251.68,23.94,7.01,78.26,45.61,53.55,2.412692308
Assam,Rice,Winter     ,2251.68,23.94,6.89,86.05,42.96,51.55,1.996666667
Assam,Sugarcane,Whole Year ,2251.68,23.94,7.11,81.92,45.84,57.65,37.7337037
Assam,Wheat,Rabi       ,2251.68,23.94,6.6,70.08,43.54,61.99,1.2684
Meghalaya,Maize,Kharif     ,4088.19,18.6,7.24,83.76,53.93,57.01,2.245454545
Meghalaya,Potato,Summer     ,4088.19,18.6,6.32,81.97,50.12,58.35,8.252727273
Meghalaya,Potato,Winter     ,4088.19,18.6,6.05,70.27,45.95,50.42,6.522727273
Meghalaya,Rice,Autumn     ,4088.19,18.6,5.57,81.66,54.57,57.33,2.552727273
Meghalaya,Rice,Rabi       ,4088.19,18.6,5.89,69.76,42.64,55.16,2.573636364
Meghalaya,Rice,Winter     ,4088.19,18.6,6.5,68.67,44.01,55.42,2.359090909
Meghalaya,Sugarcane,Whole Year ,4088.19,18.6,5.64,89.22,46.73,57.32,2.67
Meghalaya,Wheat,Rabi       ,4088.19,18.6,6.74,76.33,50.97,63.23,1.632
Goa,Rice,Kharif     ,2582.83,27.35,6.72,71.14,52.49,53.39,2.795
Goa,Rice,Rabi       ,2582.83,27.35,5.76,81.57,54.44,63.15,2.745
Goa,Sugarcane,Whole Year ,2582.83,27.35,6.19,88.68,44.04,48.98,41.525
Karnataka,Maize,Kharif     ,586.82,24.49,6.05,86.33,42.82,62.19,2.6025
Karnataka,Maize,Rabi       ,586.82,24.49,6.13,76.99,47.81,61.96,2.6956
Karnataka,Maize,Summer     ,586.82,24.49,6.41,71.38,51.82,60.26,3.482222222
Karnataka,Potato,Kharif     ,586.82,24.49,7.42,85.42,43.06,48.24,10.48722222
Karnataka,Potato,Rabi       ,586.82,24.49,7.0,72.31,52.8,52.48,13.475
Karnataka,Potato,Summer     ,586.82,24.49,6.02,79.02,50.85,53.1,15.46571429
Karnataka,Rice,Kharif     ,586.82,24.49,7.28,86.03,46.58,55.91,2.529666667
Karnataka,Rice,Rabi       ,586.82,24.49,7.41,82.2,41.21,60.14,2.525333333
Karnataka,Rice,Summer     ,586.82,24.49,6.03,78.85,45.04,48.18,2.852692308
Karnataka,Sugarcane,Whole Year ,586.82,24.49,6.59,87.8,48.53,51.47,75.5836
Karnataka,Wheat,Rabi       ,586.82,24.49,5.53,75.98,53.16,52.44,0.944285714
Kerala,Maize,Whole Year ,1153.76,27.27,6.75,81.96,40.24,51.2,1.775
Kerala,Potato,Whole Year ,1153.76,27.27,6.96,67.35,50.47,58.35,15.87
Kerala,Rice,Autumn     ,1153.76,27.27,6.83,85.75,49.98,59.82,2.524615385
Kerala,Rice,Summer     ,1153.76,27.27,6.23,71.64,41.22,56.79,2.534285714
Kerala,Rice,Winter     ,1153.76,27.27,5.94,77.7,47.76,48.17,2.102142857
Kerala,Sugarcane,Whole Year ,1153.76,27.27,5.96,81.28,50.51,63.04,72.10375
Kerala,Wheat,Whole Year ,1153.76,27.27,6.03,68.99,48.24,48.24,1.0
Tamil Nadu,Maize,Kharif     ,811.36,28.11,6.19,72.83,46.97,59.92,4.682222222
Tamil Nadu,Maize,Rabi       ,811.36,28.11,7.16,88.51,49.65,57.6,1.654827586
Tamil Nadu,Potato,Kharif     ,811.36,28.11,6.11,69.54,43.95,53.06,24.5825
Tamil Nadu,Potato,Rabi       ,811.36,28.11,6.76,73.38,44.03,48.97,21.248
Tamil Nadu,Rice,Kharif     ,811.36,28.11,7.26,82.13,54.73,52.09,3.068387097
Tamil Nadu,Sugarcane,Whole Year ,811.36,28.11,5.92,67.87,49.94,55.41,78.37766667
Andhra Pradesh,Maize,Kharif     ,991.2,28.14,5.99,86.12,43.75,53.34,4.422307692
Andhra Pradesh,Maize,Rabi       ,991.2,28.14,7.44,73.53,50.58,47.94,7.576153846
Andhra Pradesh,Potato,Kharif     ,991.2,28.14,6.79,84.66,50.31,49.47,7.15
Andhra Pradesh,Potato,Rabi       ,991.2,28.14,5.63,77.06,52.23,58.1,8.49
Andhra Pradesh,Rice,Kharif     ,991.2,28.14,6.03,68.92,49.03,59.68,3.25
Andhra Pradesh,Rice,Rabi       ,991.2,28.14,6.88,85.4,45.2,63.77,3.887692308
Andhra Pradesh,Sugarcane,Whole Year ,991.2,28.14,6.3,85.71,43.86,50.6,92.49384615
Andhra Pradesh,Wheat,Kharif     ,991.2,28.14,6.15,76.45,46.4,56.59,0.85
Andhra Pradesh,Wheat,Rabi       ,991.2,28.14,7.32,85.63,44.02,49.45,0.716666667
Puducherry,Rice,Kharif     ,1248.7,28.29,5.72,84.91,49.25,60.89,3.256666667
Puducherry,Rice,Rabi       ,1248.7,28.29,7.05,86.4,50.72,62.65,3.27
Puducherry,Rice,Summer     ,1248.7,28.29,6.91,72.34,47.89,56.59,2.85
Puducherry,Sugarcane,Kharif     ,1248.7,28.29,5.79,87.26,52.81,48.92,125.0
Assam,Maize,Kharif     ,2621.54,23.5,6.16,69.51,40.76,57.21,2.989259259
Assam,Potato,Whole Year ,2621.54,23.5,7.36,65.08,49.45,57.52,7.139259259
Assam,Rice,Autumn     ,2621.54,23.5,7.18,84.87,42.73,61.56,1.418148148
Assam,Rice,Summer     ,2621.54,23.5,6.77,64.71,50.3,53.52,2.704615385
Assam,Rice,Winter     ,2621.54,23.5,6.07,66.7,54.88,63.63,2.063703704
Assam,Sugarcane,Whole Year ,2621.54,23.5,5.99,68.13,41.38,57.83,36.48703704
Assam,Wheat,Rabi       ,2621.54,23.5,6.19,84.43,45.91,47.86,1.3388
Meghalaya,Maize,Kharif     ,5244.36,18.43,5.85,71.27,45.39,59.05,2.246363636
Meghalaya,Potato,Summer     ,5244.36,18.43,7.23,80.98,48.4,61.87,8.254545455
Meghalaya,Potato,Winter     ,5244.36,18.43,6.03,76.28,54.76,47.19,6.526363636
Meghalaya,Rice,Autumn     ,5244.36,18.43,6.23,73.68,43.42,56.48,2.551818182
Meghalaya,Rice,Rabi       ,5244.36,18.43,5.66,77.15,50.5,49.34,2.576363636
Meghalaya,Rice,Winter     ,5244.36,18.43,5.65,73.91,50.74,62.17,2.36
Meghalaya,Sugarcane,Whole Year ,5244.36,18.43,6.54,83.82,49.64,48.32,2.67
Meghalaya,Wheat,Rabi       ,5244.36,18.43,5.5,73.1,52.69,58.63,1.636
Goa,Rice,Kharif     ,1982.62,27.48,7.47,69.49,48.72,49.25,2.635
Goa,Rice,Rabi       ,1982.62,27.48,7.25,66.39,53.62,56.4,2.855
Goa,Sugarcane,Whole Year ,1982.62,27.48,5.62,77.03,45.66,58.3,45.41
Karnataka,Maize,Kharif     ,1088.08,23.74,7.34,89.66,48.4,55.52,4.282857143
Karnataka,Maize,Rabi       ,1088.08,23.74,6.84,88.79,46.38,61.82,3.7392
Karnataka,Maize,Summer     ,1088.08,23.74,6.3,73.92,44.33,55.98,3.739230769
Karnataka,Potato,Kharif     ,1088.08,23.74,6.29,67.28,40.76,53.13,9.301176471
Karnataka,Potato,Rabi       ,1088.08,23.74,5.9,66.76,52.52,61.2,18.17769231
Karnataka,Potato,Summer     ,1088.08,23.74,5.72,72.06,44.9,47.5,14.78714286
Karnataka,Rice,Kharif     ,1088.08,23.74,6.56,71.79,46.48,60.82,2.9
Karnataka,Rice,Rabi       ,1088.08,23.74,7.06,76.38,42.14,56.14,2.773076923
Karnataka,Rice,Summer     ,1088.08,23.74,7.03,79.83,47.16,58.88,3.063703704
Karnataka,Sugarcane,Whole Year ,1088.08,23.74,5.66,70.01,41.72,49.39,91.89956522
Karnataka,Wheat,Rabi       ,1088.08,23.74,6.38,71.68,47.89,48.96,1.065333333
Kerala,Maize,Whole Year ,1693.59,27.14,7.39,81.72,49.95,47.24,1.1775
Kerala,Potato,Whole Year ,1693.59,27.14,7.11,81.45,50.83,60.07,14.15
Kerala,Rice,Autumn     ,1693.59,27.14,6.63,75.97,43.22,55.33,2.217692308
Kerala,Rice,Summer     ,1693.59,27.14,6.6,70.36,40.99,52.98,2.733571429
Kerala,Rice,Winter     ,1693.59,27.14,6.94,69.75,52.4,47.32,2.483571429
Kerala,Sugarcane,Whole Year ,1693.59,27.14,6.47,87.28,52.76,55.2,68.18888889
Kerala,Wheat,Whole Year ,1693.59,27.14,6.98,88.66,44.44,51.69,1.0
Tamil Nadu,Maize,Kharif     ,1290.07,28.13,6.31,88.66,43.96,59.25,8.962
Tamil Nadu,Maize,Rabi       ,1290.07,28.13,6.37,73.59,43.24,60.32,6.956785714
Tamil Nadu,Potato,Kharif     ,1290.07,28.13,6.65,76.95,50.97,55.75,16.698
Tamil Nadu,Potato,Rabi       ,1290.07,28.13,7.03,77.27,43.86,46.93,23.12
Tamil Nadu,Rice,Autumn     ,1290.07,28.13,7.12,66.36,49.32,61.19,3.967857143
Tamil Nadu,Rice,Summer     ,1290.07,28.13,6.19,87.38,47.15,54.08,4.451428571
Tamil Nadu,Rice,Winter     ,1290.07,28.13,7.22,77.96,48.84,55.77,4.139
Tamil Nadu,Sugarcane,Whole Year ,1290.07,28.13,6.25,87.28,41.0,58.11,94.5
Andhra Pradesh,Maize,Kharif     ,927.05,28.18,5.73,71.39,45.7,47.11,3.716923077
Andhra Pradesh,Maize,Rabi       ,927.05,28.18,5.65,73.13,39.96,62.76,5.788461538
Andhra Pradesh,Potato,Kharif     ,927.05,28.18,6.32,76.83,47.39,56.79,7.44
Andhra Pradesh,Potato,Rabi       ,927.05,28.18,6.0,85.87,47.26,59.13,8.096666667
Andhra Pradesh,Rice,Kharif     ,927.05,28.18,7.48,76.67,54.13,62.87,3.263846154
Andhra Pradesh,Rice,Rabi       ,927.05,28.18,6.15,70.5,51.01,54.73,3.699230769
Andhra Pradesh,Sugarcane,Kharif     ,927.05,28.18,6.39,86.7,52.64,51.43,84.04769231
Andhra Pradesh,Wheat,Rabi       ,927.05,28.18,7.1,84.65,44.92,56.4,0.095
Puducherry,Rice,Kharif     ,947.36,28.04,6.65,81.23,43.91,52.85,3.373333333
Puducherry,Rice,Rabi       ,947.36,28.04,6.61,64.78,42.43,63.06,3.976666667
Puducherry,Rice,Summer     ,947.36,28.04,7.2,70.22,47.74,60.7,2.885
Puducherry,Sugarcane,Kharif     ,947.36,28.04,5.69,70.74,44.02,52.33,130.0
Assam,Maize,Kharif     ,1825.84,23.04,6.59,82.87,54.04,52.99,2.868518519
Assam,Potato,Whole Year ,1825.84,23.04,5.74,79.62,51.05,54.69,7.511851852
Assam,Rice,Autumn     ,1825.84,23.04,6.38,70.5,47.6,54.4,1.492592593
Assam,Rice,Summer     ,1825.84,23.04,6.68,73.81,52.65,56.16,2.645
Assam,Rice,Winter     ,1825.84,23.04,6.94,70.32,45.66,59.74,2.15
Assam,Sugarcane,Whole Year ,1825.84,23.04,5.81,87.33,46.95,56.97,33.76481481
Assam,Wheat,Rabi       ,1825.84,23.04,5.67,84.19,43.38,49.28,1.371666667
Meghalaya,Maize,Kharif     ,3403.4,17.87,6.47,81.97,43.84,55.54,2.246363636
Meghalaya,Potato,Summer     ,3403.4,17.87,5.89,83.24,44.29,53.56,8.255454545
Meghalaya,Potato,Winter     ,3403.4,17.87,6.85,69.91,41.32,56.05,6.526363636
Meghalaya,Rice,Autumn     ,3403.4,17.87,7.43,72.11,54.89,49.43,2.545454545
Meghalaya,Rice,Rabi       ,3403.4,17.87,5.7,82.78,42.67,52.67,2.569090909
Meghalaya,Rice,Winter     ,3403.4,17.87,6.05,85.5,48.48,51.55,2.352727273
Meghalaya,Sugarcane,Whole Year ,3403.4,17.87,7.43,82.85,50.92,53.98,2.67125
Meghalaya,Wheat,Rabi       ,3403.4,17.87,5.75,89.29,45.25,51.63,1.638
Goa,Rice,Kharif     ,2090.67,27.57,6.94,81.65,47.34,49.56,2.72
Goa,Rice,Rabi       ,2090.67,27.57,6.14,72.84,46.88,56.29,2.72
Goa,Sugarcane,Whole Year ,2090.67,27.57,5.78,82.38,40.9,51.11,34.38
Karnataka,Maize,Kharif     ,586.33,23.97,5.74,81.37,45.27,50.19,2.882413793
Karnataka,Maize,Rabi       ,586.33,23.97,6.13,89.57,49.94,47.88,3.1972
Karnataka,Maize,Summer     ,586.33,23.97,5.66,89.62,48.22,62.29,3.2775
Karnataka,Potato,Kharif     ,586.33,23.97,6.02,66.27,54.76,48.45,8.165862069
Karnataka,Potato,Rabi       ,586.33,23.97,6.27,77.52,51.18,49.88,14.73
Karnataka,Potato,Summer     ,586.33,23.97,7.07,79.07,41.43,60.41,16.26142857
Karnataka,Rice,Kharif     ,586.33,23.97,5.96,67.3,42.59,49.34,2.637
Karnataka,Rice,Rabi       ,586.33,23.97,6.42,81.82,47.59,56.15,2.480833333
Karnataka,Rice,Summer     ,586.33,23.97,6.9,78.14,54.17,52.34,2.9272
Karnataka,Sugarcane,Whole Year ,586.33,23.97,6.59,70.11,50.66,54.19,83.26862069
Karnataka,Wheat,Rabi       ,586.33,23.97,6.1,78.32,47.68,59.22,0.960740741
Kerala,Maize,Whole Year ,1799.12,26.92,7.14,84.44,45.22,54.58,4.508
Kerala,Potato,Whole Year ,1799.12,26.92,7.01,68.84,41.13,59.96,13.75
Kerala,Rice,Autumn     ,1799.12,26.92,5.73,84.13,50.21,47.25,1.565384615
Kerala,Rice,Summer     ,1799.12,26.92,6.17,65.65,47.58,49.74,3.09
Kerala,Rice,Winter     ,1799.12,26.92,7.34,65.16,46.22,63.45,2.684285714
Kerala,Sugarcane,Whole Year ,1799.12,26.92,7.2,69.53,47.8,61.63,81.14875
Kerala,Wheat,Whole Year ,1799.12,26.92,7.39,77.96,50.5,63.13,1.45
Tamil Nadu,Maize,Kharif     ,832.38,28.08,5.54,85.3,50.45,48.39,7.625384615
Tamil Nadu,Maize,Rabi       ,832.38,28.08,7.22,74.37,51.28,56.19,6.984
Tamil Nadu,Potato,Kharif     ,832.38,28.08,6.74,68.46,43.91,51.92,13.195
Tamil Nadu,Potato,Rabi       ,832.38,28.08,7.07,82.31,44.54,58.13,23.2225
Tamil Nadu,Rice,Autumn     ,832.38,28.08,5.91,84.66,44.49,51.62,4.184827586
Tamil Nadu,Rice,Summer     ,832.38,28.08,5.79,66.93,52.82,54.14,3.997333333
Tamil Nadu,Rice,Winter     ,832.38,28.08,5.77,74.97,40.85,49.52,3.749032258
Tamil Nadu,Sugarcane,Whole Year ,832.38,28.08,5.6,86.05,44.2,52.62,99.34166667
Andhra Pradesh,Maize,Kharif     ,1027.8,28.2,6.14,68.49,49.66,51.15,4.653076923
Andhra Pradesh,Maize,Rabi       ,1027.8,28.2,7.34,75.93,51.42,62.45,6.698461538
Andhra Pradesh,Potato,Kharif     ,1027.8,28.2,6.95,78.81,49.87,49.23,12.21
Andhra Pradesh,Potato,Rabi       ,1027.8,28.2,5.6,69.29,50.45,49.6,13.155
Andhra Pradesh,Rice,Kharif     ,1027.8,28.2,5.92,68.4,53.83,63.24,3.517692308
Andhra Pradesh,Rice,Rabi       ,1027.8,28.2,7.21,65.4,52.25,62.35,3.873076923
Andhra Pradesh,Sugarcane,Kharif     ,1027.8,28.2,5.94,69.47,44.15,55.95,83.44538462
Andhra Pradesh,Wheat,Rabi       ,1027.8,28.2,5.73,69.17,55.15,49.2,0.155
Puducherry,Rice,Kharif     ,1060.94,28.41,6.96,71.91,48.07,59.39,3.216666667
Puducherry,Rice,Rabi       ,1060.94,28.41,7.15,72.34,50.57,61.56,3.883333333
Puducherry,Rice,Summer     ,1060.94,28.41,5.89,72.01,49.88,62.66,3.55
Puducherry,Sugarcane,Kharif     ,1060.94,28.41,6.25,70.05,49.17,49.21,140.0
Assam,Maize,Kharif     ,2368.95,23.09,6.68,74.01,40.43,55.71,3.155555556
Assam,Potato,Whole Year ,2368.95,23.09,6.39,76.31,47.93,54.33,7.303703704
Assam,Rice,Autumn     ,2368.95,23.09,7.22,70.42,46.37,62.61,1.464814815
Assam,Rice,Summer     ,2368.95,23.09,5.88,72.63,52.07,62.49,2.492307692
Assam,Rice,Winter     ,2368.95,23.09,5.63,80.07,48.05,47.4,2.137037037
Assam,Sugarcane,Whole Year ,2368.95,23.09,5.76,87.4,43.85,57.73,38.92111111
Assam,Wheat,Rabi       ,2368.95,23.09,7.32,71.97,49.94,48.32,1.272083333
Meghalaya,Maize,Kharif     ,4360.57,18.07,7.41,78.59,42.12,53.46,2.254545455
Meghalaya,Potato,Summer     ,4360.57,18.07,6.77,75.13,40.92,50.06,8.257272727
Meghalaya,Potato,Winter     ,4360.57,18.07,6.38,85.56,43.43,60.84,6.527272727
Meghalaya,Rice,Autumn     ,4360.57,18.07,6.68,87.45,46.48,53.64,2.510909091
Meghalaya,Rice,Rabi       ,4360.57,18.07,7.07,82.1,51.68,51.94,2.57
Meghalaya,Rice,Winter     ,4360.57,18.07,7.39,80.16,49.04,52.09,2.36
Meghalaya,Sugarcane,Whole Year ,4360.57,18.07,6.41,74.68,42.29,53.66,2.675
Meghalaya,Wheat,Rabi       ,4360.57,18.07,5.89,68.59,52.9,47.66,1.638
Goa,Rice,Kharif     ,3627.84,27.55,6.13,81.38,48.52,60.31,2.475
Goa,Rice,Rabi       ,3627.84,27.55,7.32,72.57,45.61,47.67,2.95
Goa,Sugarcane,Whole Year ,3627.84,27.55,5.55,85.67,42.08,53.84,70.115
Karnataka,Maize,Kharif     ,818.07,24.57,5.88,83.03,49.84,48.18,3.572068966
Karnataka,Maize,Rabi       ,818.07,24.57,6.73,85.65,41.4,50.0,3.466785714
Karnataka,Maize,Summer     ,818.07,24.57,6.6,82.89,50.07,59.73,3.905357143
Karnataka,Potato,Kharif     ,818.07,24.57,6.94,80.39,48.59,57.26,7.178214286
Karnataka,Potato,Rabi       ,818.07,24.57,6.19,84.03,53.61,49.04,15.27291667
Karnataka,Potato,Summer     ,818.07,24.57,6.32,74.53,47.07,59.31,15.88222222
Karnataka,Rice,Kharif     ,818.07,24.57,6.05,80.21,46.73,59.61,2.924
Karnataka,Rice,Rabi       ,818.07,24.57,6.13,79.05,43.62,60.5,2.881428571
Karnataka,Rice,Summer     ,818.07,24.57,5.97,71.06,46.16,51.12,2.86862069
Karnataka,Sugarcane,Whole Year ,818.07,24.57,6.17,73.56,47.12,48.91,81.45551724
Karnataka,Wheat,Rabi       ,818.07,24.57,5.59,78.47,53.82,52.23,1.08125
Kerala,Maize,Whole Year ,1778.18,27.57,6.68,70.07,46.23,52.99,1.82
Kerala,Potato,Whole Year ,1778.18,27.57,6.13,83.87,42.87,57.72,13.41
Kerala,Rice,Autumn     ,1778.18,27.57,6.78,85.84,44.02,60.28,1.949230769
Kerala,Rice,Summer     ,1778.18,27.57,7.18,81.52,43.85,57.44,2.815714286
Kerala,Rice,Winter     ,1778.18,27.57,5.7,65.7,50.09,57.02,2.503571429
Kerala,Sugarcane,Whole Year ,1778.18,27.57,6.59,76.79,49.75,51.87,83.834
Kerala,Wheat,Whole Year ,1778.18,27.57,5.85,84.19,50.14,62.71,2.0
Tamil Nadu,Maize,Kharif     ,1207.03,28.36,6.68,74.92,50.26,52.39,8.614827586
Tamil Nadu,Maize,Rabi       ,1207.03,28.36,7.19,66.88,41.82,50.64,6.841666667
Tamil Nadu,Potato,Kharif     ,1207.03,28.36,5.75,66.45,41.14,48.44,21.384
Tamil Nadu,Potato,Rabi       ,1207.03,28.36,6.54,72.34,52.18,47.38,21.68
Tamil Nadu,Rice,Autumn     ,1207.03,28.36,7.21,77.61,49.29,61.65,4.077241379
Tamil Nadu,Rice,Summer     ,1207.03,28.36,6.83,66.57,54.29,47.98,4.095
Tamil Nadu,Rice,Winter     ,1207.03,28.36,6.35,78.98,51.84,49.9,3.818387097
Tamil Nadu,Sugarcane,Whole Year ,1207.03,28.36,6.43,75.1,51.29,47.97,102.7843333
Odisha,Maize,Autumn     ,1508.87,26.76,6.63,87.29,47.71,56.49,0.812
Odisha,Maize,Summer     ,1508.87,26.76,7.07,88.33,42.64,50.39,0.945714286
Odisha,Maize,Winter     ,1508.87,26.76,7.48,77.07,47.94,46.98,0.9925
Odisha,Potato,Whole Year ,1508.87,26.76,7.18,78.15,46.82,55.29,8.774
Odisha,Sugarcane,Winter     ,1508.87,26.76,7.33,79.55,50.72,53.81,55.64206897
Odisha,Wheat,Rabi       ,1508.87,26.76,6.74,70.47,47.22,58.39,0.856666667
Andhra Pradesh,Maize,Kharif     ,1191.08,28.21,7.02,70.58,45.71,47.87,2.201818182
Andhra Pradesh,Maize,Rabi       ,1191.08,28.21,6.93,87.6,42.66,53.73,3.21
Andhra Pradesh,Rice,Kharif     ,1191.08,28.21,6.95,64.74,44.31,57.45,1.99173913
Andhra Pradesh,Rice,Rabi       ,1191.08,28.21,5.8,85.39,49.88,52.83,2.64
Andhra Pradesh,Sugarcane,Kharif     ,1191.08,28.21,6.25,80.8,51.0,47.3,77.1065
Andhra Pradesh,Wheat,Rabi       ,1191.08,28.21,5.76,73.67,51.67,50.64,0.55375
Bihar,Maize,Kharif     ,1263.31,25.76,5.88,69.52,47.74,48.03,1.260185185
Bihar,Maize,Rabi       ,1263.31,25.76,5.73,88.22,43.6,62.76,2.803555556
Bihar,Maize,Summer     ,1263.31,25.76,6.35,73.76,53.88,60.27,2.025192308
Bihar,Potato,Whole Year ,1263.31,25.76,5.7,66.44,46.36,55.42,8.929636364
Bihar,Rice,Autumn     ,1263.31,25.76,6.25,73.77,41.26,49.54,1.102244898
Bihar,Rice,Summer     ,1263.31,25.76,7.29,77.88,54.23,50.85,1.683265306
Bihar,Rice,Winter     ,1263.31,25.76,5.83,77.24,50.24,57.13,1.354363636
Bihar,Sugarcane,Whole Year ,1263.31,25.76,7.31,74.5,49.42,57.42,50.18152174
Bihar,Wheat,Rabi       ,1263.31,25.76,5.84,71.3,48.73,60.41,1.811090909
Gujarat,Maize,Whole Year ,1009.83,26.78,6.93,80.75,48.5,50.93,1.690666667
Gujarat,Potato,Whole Year ,1009.83,26.78,7.19,76.86,48.29,48.45,21.167
Gujarat,Rice,Whole Year ,1009.83,26.78,6.04,77.65,47.61,47.86,1.665
Gujarat,Sugarcane,Whole Year ,1009.83,26.78,5.89,72.02,50.14,47.04,72.99533333
Gujarat,Wheat,Rabi       ,1009.83,26.78,7.2,67.89,46.34,51.51,2.36
Madhya Pradesh,Maize,Kharif     ,1390.54,24.4,6.56,76.13,42.11,59.44,1.143023256
Madhya Pradesh,Wheat,Rabi       ,1390.54,24.4,7.23,86.06,52.41,50.89,1.475681818
Maharashtra,Maize,Autumn     ,2053.66,26.37,6.48,84.55,52.36,58.04,989.87
Maharashtra,Maize,Kharif     ,2053.66,26.37,6.02,85.02,41.56,48.04,1.082083333
Maharashtra,Maize,Rabi       ,2053.66,26.37,5.88,81.4,49.7,52.09,1.476875
Maharashtra,Maize,Summer     ,2053.66,26.37,6.73,70.42,46.56,55.81,1.407777778
Maharashtra,Rice,Kharif     ,2053.66,26.37,6.92,80.16,53.33,57.42,8.778275862
Maharashtra,Rice,Summer     ,2053.66,26.37,7.28,78.81,51.25,53.18,2.018888889
Maharashtra,Sugarcane,Kharif     ,2053.66,26.37,6.85,82.49,44.01,47.49,0.863333333
Maharashtra,Wheat,Rabi       ,2053.66,26.37,6.53,79.0,52.34,48.85,0.8476
Mizoram,Maize,Kharif     ,1730.69,22.66,5.85,85.94,43.66,59.79,2.0875
Mizoram,Maize,Rabi       ,1730.69,22.66,6.49,78.46,45.06,50.12,2.15
Mizoram,Rice,Whole Year ,1730.69,22.66,6.93,68.96,43.8,52.97,1.6
Mizoram,Sugarcane,Whole Year ,1730.69,22.66,5.88,73.17,53.89,47.1,5.8
Mizoram,Wheat,Rabi       ,1730.69,22.66,6.02,81.17,52.25,49.21,0.5
Punjab,Maize,Kharif     ,942.38,23.39,6.28,68.59,51.67,55.35,2.102727273
Punjab,Rice,Kharif     ,942.38,23.39,7.06,82.47,44.12,62.51,3.476470588
Punjab,Sugarcane,Whole Year ,942.38,23.39,5.95,70.78,46.03,56.5,58.046875
Punjab,Wheat,Rabi       ,942.38,23.39,6.97,89.11,50.84,54.5,3.781176471
Uttar Pradesh,Maize,Kharif     ,711.1,26.03,6.65,75.35,43.08,56.5,1.498125
Uttar Pradesh,Maize,Summer     ,711.1,26.03,5.99,83.59,53.59,51.68,1.577936508
Uttar Pradesh,Potato,Whole Year ,711.1,26.03,6.85,84.61,50.28,54.77,13.6445
Uttar Pradesh,Rice,Kharif     ,711.1,26.03,6.53,84.45,54.23,50.22,2.037
Uttar Pradesh,Rice,Summer     ,711.1,26.03,6.39,82.01,41.96,60.66,2.202903226
Uttar Pradesh,Sugarcane,Kharif     ,711.1,26.03,6.96,86.52,49.45,56.02,56.43
Uttar Pradesh,Sugarcane,Whole Year ,711.1,26.03,6.17,76.23,51.61,48.19,53.15815789
Uttar Pradesh,Wheat,Rabi       ,711.1,26.03,6.57,69.38,52.0,57.82,2.416
Andhra Pradesh,Maize,Kharif     ,1100.41,28.21,6.63,78.91,49.9,48.49,2.479545455
Andhra Pradesh,Maize,Rabi       ,1100.41,28.21,7.38,86.8,50.21,52.48,4.245
Andhra Pradesh,Rice,Kharif     ,1100.41,28.21,6.81,67.56,42.01,60.24,2.47
Andhra Pradesh,Rice,Rabi       ,1100.41,28.21,7.04,70.26,48.55,52.5,2.986086957
Andhra Pradesh,Sugarcane,Whole Year ,1100.41,28.21,5.93,87.53,40.25,63.4,81.223
Andhra Pradesh,Wheat,Rabi       ,1100.41,28.21,7.11,88.43,44.36,53.56,0.468888889
Bihar,Maize,Kharif     ,1017.81,26.1,6.76,88.26,53.87,50.87,1.276363636
Bihar,Maize,Rabi       ,1017.81,26.1,5.57,82.83,47.21,49.02,2.834545455
Bihar,Maize,Summer     ,1017.81,26.1,6.88,81.86,44.33,55.15,2.175306122
Bihar,Potato,Whole Year ,1017.81,26.1,6.16,64.84,41.69,49.16,9.751454545
Bihar,Rice,Summer     ,1017.81,26.1,6.98,81.26,53.72,63.49,1.765777778
Bihar,Rice,Winter     ,1017.81,26.1,7.17,76.35,52.71,50.55,1.242909091
Bihar,Sugarcane,Whole Year ,1017.81,26.1,5.55,87.67,41.0,62.67,39.29543478
Bihar,Wheat,Rabi       ,1017.81,26.1,6.03,86.23,51.61,51.25,1.889272727
Gujarat,Maize,Kharif     ,758.93,27.88,6.17,83.72,44.01,58.79,1.649411765
Gujarat,Potato,Whole Year ,758.93,27.88,5.83,64.89,44.28,48.44,22.369
Gujarat,Rice,Kharif     ,758.93,27.88,6.18,81.74,51.46,61.1,1.695384615
Gujarat,Sugarcane,Whole Year ,758.93,27.88,5.97,74.28,46.5,58.41,70.090625
Gujarat,Wheat,Rabi       ,758.93,27.88,7.38,72.85,53.14,55.21,2.425263158
Haryana,Maize,Kharif     ,986.16,24.04,6.92,86.11,40.46,47.56,0.938235294
Haryana,Potato,Whole Year ,986.16,24.04,5.74,82.68,52.86,49.7,14.64631579
Haryana,Rice,Kharif     ,986.16,24.04,7.06,80.85,54.02,50.0,2.286666667
Haryana,Sugarcane,Whole Year ,986.16,24.04,7.24,84.56,43.84,52.36,51.58421053
Haryana,Wheat,Rabi       ,986.16,24.04,7.01,86.56,55.15,51.11,3.825789474
Himachal Pradesh,Maize,Kharif     ,962.76,21.24,6.71,82.25,44.41,58.94,2.23
Himachal Pradesh,Potato,Kharif     ,962.76,21.24,6.91,64.5,49.07,59.94,11.007
Himachal Pradesh,Potato,Rabi       ,962.76,21.24,5.94,85.71,51.56,49.72,10.772
Himachal Pradesh,Rice,Kharif     ,962.76,21.24,5.68,77.45,42.74,62.58,1.455454545
Himachal Pradesh,Wheat,Rabi       ,962.76,21.24,7.17,87.6,44.97,55.42,1.363333333
Madhya Pradesh,Maize,Kharif     ,1049.84,25.01,6.51,87.36,45.87,52.86,1.294035088
Madhya Pradesh,Rice,Kharif     ,1049.84,25.01,5.88,65.81,44.67,55.28,0.586785714
Madhya Pradesh,Sugarcane,Whole Year ,1049.84,25.01,6.7,78.65,52.09,51.5,17.87372881
Madhya Pradesh,Wheat,Rabi       ,1049.84,25.01,5.55,72.29,46.97,52.36,1.618983051
Maharashtra,Maize,Kharif     ,2133.35,26.75,6.89,81.24,40.41,48.77,1.952608696
Maharashtra,Maize,Rabi       ,2133.35,26.75,6.8,68.19,53.76,53.99,1.399444444
Maharashtra,Maize,Summer     ,2133.35,26.75,6.14,78.52,47.95,50.48,1.426666667
Maharashtra,Rice,Kharif     ,2133.35,26.75,6.61,80.41,46.76,60.42,1.267241379
Maharashtra,Rice,Summer     ,2133.35,26.75,6.41,84.92,45.77,52.18,2.053333333
Maharashtra,Sugarcane,Kharif     ,2133.35,26.75,6.01,77.18,51.56,59.05,84.55434783
Maharashtra,Wheat,Rabi       ,2133.35,26.75,6.45,70.79,50.52,59.3,1.265
Punjab,Maize,Kharif     ,986.16,24.04,7.02,80.0,52.11,59.27,2.42
Punjab,Rice,Kharif     ,986.16,24.04,6.63,83.62,53.9,61.68,3.099411765
Punjab,Sugarcane,Whole Year ,986.16,24.04,7.29,82.18,42.3,53.11,60.698
Punjab,Wheat,Rabi       ,986.16,24.04,5.5,68.97,47.71,48.2,4.298823529
Tamil Nadu,Maize,Kharif     ,1115.79,28.32,6.45,88.21,44.59,49.65,1.606666667
Tamil Nadu,Potato,Whole Year ,1115.79,28.32,5.53,69.84,51.52,61.25,19.0875
Tamil Nadu,Rice,Kharif     ,1115.79,28.32,5.91,72.0,52.15,53.33,3.445
Tamil Nadu,Sugarcane,Whole Year ,1115.79,28.32,5.59,68.24,48.53,61.4,136.0751852
Tripura,Maize,Kharif     ,1919.99,25.37,7.43,70.92,49.0,59.4,0.7475
Tripura,Rice,Kharif     ,1919.99,25.37,6.09,86.99,52.99,57.87,1.8775
Tripura,Sugarcane,Whole Year ,1919.99,25.37,6.07,77.57,41.9,48.2,48.21
Tripura,Wheat,Rabi       ,1919.99,25.37,5.73,71.06,51.92,61.28,1.9025
Uttar Pradesh,Maize,Kharif     ,962.01,25.83,6.42,88.0,48.87,56.43,0.933780488
Uttar Pradesh,Maize,Summer     ,962.01,25.83,7.04,72.82,40.81,49.88,1.01047619
Uttar Pradesh,Potato,Whole Year ,962.01,25.83,7.14,79.34,48.05,50.27,21.38225
Uttar Pradesh,Rice,Kharif     ,962.01,25.83,6.84,67.19,49.01,63.29,1.865060241
Uttar Pradesh,Rice,Summer     ,962.01,25.83,7.35,65.43,51.48,60.19,2.015172414
Uttar Pradesh,Sugarcane,Whole Year ,962.01,25.83,7.46,85.54,44.75,50.13,51.80960526
Uttar Pradesh,Wheat,Rabi       ,962.01,25.83,5.79,72.11,53.06,59.72,2.37373494
Bihar,Maize,Kharif     ,887.84,26.37,6.7,78.41,42.34,53.09,1.615272727
Bihar,Maize,Rabi       ,887.84,26.37,6.28,72.73,52.42,49.76,2.928333333
Bihar,Maize,Summer     ,887.84,26.37,7.02,80.63,52.46,57.17,2.511666667
Bihar,Potato,Whole Year ,887.84,26.37,6.95,71.76,50.78,52.32,9.737297297
Bihar,Rice,Kharif     ,887.84,26.37,6.86,75.59,49.47,59.99,1.061666667
Bihar,Rice,Summer     ,887.84,26.37,7.21,65.77,52.7,62.67,1.700666667
Bihar,Sugarcane,Whole Year ,887.84,26.37,6.89,71.11,52.41,59.4,36.62083333
Bihar,Wheat,Rabi       ,887.84,26.37,6.38,81.38,45.58,52.87,2.113513514
Gujarat,Maize,Kharif     ,440.13,28.45,6.02,82.86,40.56,62.12,1.324117647
Gujarat,Potato,Whole Year ,440.13,28.45,6.44,75.73,44.95,54.03,20.62111111
Gujarat,Rice,Kharif     ,440.13,28.45,5.88,65.06,41.28,51.14,1.510714286
Gujarat,Sugarcane,Whole Year ,440.13,28.45,6.51,68.59,40.4,55.19,73.26
Gujarat,Wheat,Rabi       ,440.13,28.45,5.51,75.17,49.51,63.08,2.239473684
Haryana,Maize,Kharif     ,537.97,25.49,7.0,78.24,51.63,53.46,0.812631579
Haryana,Potato,Whole Year ,537.97,25.49,6.76,77.15,44.65,48.01,21.46470588
Haryana,Rice,Kharif     ,537.97,25.49,6.19,73.01,43.63,54.86,2.235
Haryana,Sugarcane,Whole Year ,537.97,25.49,7.2,72.61,51.6,61.61,44.50210526
Haryana,Wheat,Rabi       ,537.97,25.49,6.06,80.0,43.45,59.82,4.054210526
Himachal Pradesh,Maize,Kharif     ,572.46,22.3,6.38,72.6,50.95,60.83,2.324166667
Himachal Pradesh,Potato,Whole Year ,572.46,22.3,5.7,68.72,54.41,58.88,5.58
Himachal Pradesh,Rice,Kharif     ,572.46,22.3,6.27,74.54,42.63,47.48,1.55
Himachal Pradesh,Sugarcane,Whole Year ,572.46,22.3,6.37,82.66,50.57,48.1,5.206666667
Himachal Pradesh,Wheat,Rabi       ,572.46,22.3,7.11,87.31,50.88,63.03,1.5775
Karnataka,Maize,Kharif     ,856.67,22.94,7.1,81.49,41.64,52.38,2.7368
Karnataka,Maize,Rabi       ,856.67,22.94,6.6,72.77,42.86,55.9,2.327619048
Karnataka,Maize,Summer     ,856.67,22.94,6.92,72.87,53.04,48.33,1.786666667
Karnataka,Potato,Whole Year ,856.67,22.94,7.08,83.13,47.08,62.46,17.287
Karnataka,Rice,Kharif     ,856.67,22.94,6.87,78.99,43.91,57.52,2.292962963
Karnataka,Rice,Rabi       ,856.67,22.94,7.28,76.25,41.24,58.37,2.079285714
Karnataka,Rice,Summer     ,856.67,22.94,7.43,67.97,53.56,55.56,2.7336
Karnataka,Sugarcane,Whole Year ,856.67,22.94,6.89,73.52,48.92,49.99,102.486
Karnataka,Wheat,Rabi       ,856.67,22.94,6.28,90.06,44.09,57.09,0.880555556
Madhya Pradesh,Maize,Kharif     ,1021.78,25.0,5.9,81.39,46.46,49.59,1.543220339
Madhya Pradesh,Potato,Whole Year ,1021.78,25.0,6.9,75.78,45.49,61.3,12.04827586
Madhya Pradesh,Rice,Kharif     ,1021.78,25.0,6.66,67.04,41.13,63.56,1.110508475
Madhya Pradesh,Sugarcane,Whole Year ,1021.78,25.0,7.0,75.38,49.49,61.0,32.28931034
Madhya Pradesh,Wheat,Rabi       ,1021.78,25.0,7.16,83.08,53.42,59.58,1.877777778
Maharashtra,Maize,Kharif     ,1622.75,26.19,7.34,78.35,50.41,52.08,1.3428
Maharashtra,Maize,Rabi       ,1622.75,26.19,6.75,76.26,41.82,52.24,1.491111111
Maharashtra,Maize,Summer     ,1622.75,26.19,6.12,75.09,44.97,51.07,1.428888889
Maharashtra,Rice,Kharif     ,1622.75,26.19,6.49,86.76,54.86,54.53,1.211935484
Maharashtra,Rice,Summer     ,1622.75,26.19,5.91,86.06,43.4,55.31,2.081
Maharashtra,Sugarcane,Whole Year ,1622.75,26.19,6.46,85.4,41.61,61.16,86.55576923
Maharashtra,Wheat,Rabi       ,1622.75,26.19,6.64,70.6,45.61,62.77,1.299655172
Nagaland,Maize,Kharif     ,684.23,19.18,6.25,72.92,40.82,61.44,1.312857143
Nagaland,Potato,Whole Year ,684.23,19.18,6.14,74.25,49.27,55.2,10.82857143
Nagaland,Rice,Kharif     ,684.23,19.18,7.05,74.98,48.21,58.13,1.484285714
Nagaland,Sugarcane,Whole Year ,684.23,19.18,6.79,70.07,40.8,48.26,50.0
Odisha,Maize,Kharif     ,1304.31,26.2,6.64,75.45,45.34,52.86,1.160333333
Odisha,Maize,Rabi       ,1304.31,26.2,6.52,89.06,51.42,55.55,1.395357143
Odisha,Potato,Whole Year ,1304.31,26.2,7.28,69.84,52.92,49.25,9.781851852
Odisha,Rice,Autumn     ,1304.31,26.2,5.94,87.32,47.47,52.38,0.971333333
Odisha,Rice,Summer     ,1304.31,26.2,6.7,84.52,45.44,61.26,2.073333333
Odisha,Rice,Winter     ,1304.31,26.2,6.44,77.08,43.05,61.95,1.142666667
Odisha,Sugarcane,Winter     ,1304.31,26.2,6.96,73.1,43.03,48.19,60.69166667
Odisha,Wheat,Rabi       ,1304.31,26.2,7.32,68.17,43.7,55.33,1.351333333
Punjab,Maize,Kharif     ,537.97,25.49,5.59,84.84,49.37,59.02,2.711666667
Punjab,Rice,Kharif     ,537.97,25.49,7.35,87.21,47.37,61.11,3.332352941
Punjab,Sugarcane,Whole Year ,537.97,25.49,7.47,80.28,53.79,50.43,62.67266667
Punjab,Wheat,Rabi       ,537.97,25.49,5.68,79.17,53.9,60.29,4.651764706
Tamil Nadu,Maize,Kharif     ,931.08,27.7,7.22,72.03,52.38,61.13,1.688
Tamil Nadu,Potato,Whole Year ,931.08,27.7,6.67,69.86,42.46,60.8,18.72
Tamil Nadu,Rice,Kharif     ,931.08,27.7,6.68,68.04,43.14,62.68,3.499642857
Tamil Nadu,Sugarcane,Whole Year ,931.08,27.7,6.51,82.85,47.47,53.54,107.9448148
Uttar Pradesh,Maize,Kharif     ,649.86,26.85,6.12,71.66,40.98,47.84,1.303170732
Uttar Pradesh,Maize,Rabi       ,649.86,26.85,6.56,74.62,44.54,47.57,1.455079365
Uttar Pradesh,Potato,Whole Year ,649.86,26.85,5.64,80.43,41.83,47.62,21.67878049
Uttar Pradesh,Rice,Kharif     ,649.86,26.85,5.75,75.8,43.9,56.79,1.991707317
Uttar Pradesh,Rice,Summer     ,649.86,26.85,7.21,66.84,43.15,50.01,2.190384615
Uttar Pradesh,Sugarcane,Whole Year ,649.86,26.85,5.88,66.82,51.13,58.26,52.28773333
Uttar Pradesh,Wheat,Rabi       ,649.86,26.85,6.41,69.77,52.19,63.52,2.636419753
Bihar,Maize,Kharif     ,1005.78,26.02,5.69,87.74,46.32,60.2,1.728918919
Bihar,Maize,Rabi       ,1005.78,26.02,6.51,79.38,51.83,61.2,2.568571429
Bihar,Maize,Summer     ,1005.78,26.02,6.18,90.18,53.21,55.69,2.77
Bihar,Potato,Whole Year ,1005.78,26.02,6.0,71.54,51.13,57.78,9.984594595
Bihar,Rice,Autumn     ,1005.78,26.02,6.29,71.83,48.41,62.03,1.399189189
Bihar,Rice,Kharif     ,1005.78,26.02,7.13,66.99,54.39,60.32,1.310645161
Bihar,Rice,Summer     ,1005.78,26.02,7.05,74.33,49.41,48.63,1.590645161
Bihar,Sugarcane,Whole Year ,1005.78,26.02,6.44,77.88,44.79,47.5,37.13647059
Bihar,Wheat,Rabi       ,1005.78,26.02,6.39,79.11,44.16,55.17,2.073513514
Chhattisgarh,Maize,Kharif     ,867.47,26.38,6.73,88.23,51.87,57.75,1.168125
Chhattisgarh,Potato,Whole Year ,867.47,26.38,6.29,85.78,53.21,62.68,7.36625
Chhattisgarh,Rice,Kharif     ,867.47,26.38,6.65,75.27,42.2,54.55,0.6575
Chhattisgarh,Sugarcane,Whole Year ,867.47,26.38,6.33,82.31,41.18,53.76,2.739333333
Chhattisgarh,Wheat,Rabi       ,867.47,26.38,6.3,73.2,47.61,58.63,1.214375
Gujarat,Maize,Kharif     ,549.8,28.31,5.85,82.43,49.5,61.87,0.8175
Gujarat,Potato,Whole Year ,549.8,28.31,6.63,79.31,45.22,49.97,21.33555556
Gujarat,Rice,Kharif     ,549.8,28.31,6.78,66.12,46.94,54.35,0.8725
Gujarat,Rice,Summer     ,549.8,28.31,6.25,82.35,42.31,53.29,3.53
Gujarat,Sugarcane,Whole Year ,549.8,28.31,6.92,66.4,51.75,56.89,67.18071429
Gujarat,Wheat,Rabi       ,549.8,28.31,7.37,76.45,49.8,62.91,2.346842105
Haryana,Maize,Kharif     ,829.38,24.65,5.64,78.52,53.38,47.56,0.740555556
Haryana,Potato,Whole Year ,829.38,24.65,6.07,75.14,49.72,49.71,15.6075
Haryana,Rice,Kharif     ,829.38,24.65,7.26,76.19,52.92,47.67,2.443157895
Haryana,Sugarcane,Whole Year ,829.38,24.65,7.36,83.79,48.99,54.98,49.43
Haryana,Wheat,Rabi       ,829.38,24.65,6.28,70.94,47.67,48.64,3.990526316
Himachal Pradesh,Maize,Kharif     ,869.51,21.5,5.67,86.64,42.53,56.65,2.3325
Himachal Pradesh,Rice,Kharif     ,869.51,21.5,5.64,80.44,48.79,59.53,1.55
Himachal Pradesh,Sugarcane,Whole Year ,869.51,21.5,6.62,89.62,49.14,49.04,2.665714286
Himachal Pradesh,Wheat,Rabi       ,869.51,21.5,6.74,72.49,45.05,62.14,0.803333333
Madhya Pradesh,Maize,Kharif     ,867.75,25.33,6.78,69.83,49.79,56.56,1.558636364
Madhya Pradesh,Rice,Kharif     ,867.75,25.33,6.87,86.06,45.88,49.8,0.613555556
Madhya Pradesh,Sugarcane,Whole Year ,867.75,25.33,7.13,76.43,41.87,58.32,17.88844444
Madhya Pradesh,Wheat,Rabi       ,867.75,25.33,6.43,70.01,54.33,54.76,1.499333333
Maharashtra,Maize,Kharif     ,1944.66,26.28,5.89,73.46,40.58,57.23,0.856538462
Maharashtra,Maize,Rabi       ,1944.66,26.28,6.95,68.51,42.7,48.17,1.161666667
Maharashtra,Rice,Kharif     ,1944.66,26.28,6.25,68.8,51.97,56.61,0.9865625
Maharashtra,Rice,Summer     ,1944.66,26.28,5.66,66.42,53.28,60.12,1.987
Maharashtra,Sugarcane,Whole Year ,1944.66,26.28,6.09,89.1,48.75,56.47,77.65407407
Maharashtra,Wheat,Rabi       ,1944.66,26.28,7.23,70.68,49.24,60.94,1.197
Mizoram,Maize,Kharif     ,1561.26,22.64,6.93,78.16,40.48,54.31,2.1825
Mizoram,Maize,Rabi       ,1561.26,22.64,6.35,86.57,41.3,62.1,1.516666667
Mizoram,Potato,Whole Year ,1561.26,22.64,6.49,81.62,53.11,48.25,5.805
Mizoram,Rice,Kharif     ,1561.26,22.64,5.65,68.02,45.7,58.04,1.8875
Mizoram,Sugarcane,Whole Year ,1561.26,22.64,6.45,71.36,50.57,60.44,8.705
Nagaland,Maize,Kharif     ,688.55,18.4,6.37,71.12,47.01,60.47,1.5125
Nagaland,Potato,Whole Year ,688.55,18.4,6.64,85.27,44.55,58.49,10.32375
Nagaland,Rice,Kharif     ,688.55,18.4,6.92,64.75,54.0,51.65,1.5025
Nagaland,Rice,Rabi       ,688.55,18.4,6.68,79.56,49.74,48.13,1.98
Nagaland,Sugarcane,Whole Year ,688.55,18.4,6.29,82.49,51.37,55.63,39.93666667
Nagaland,Wheat,Rabi       ,688.55,18.4,7.27,77.26,49.58,55.38,2.0675
Odisha,Maize,Kharif     ,1100.2,26.35,6.96,72.74,41.5,53.47,0.8808
Odisha,Potato,Whole Year ,1100.2,26.35,6.02,79.93,52.26,53.02,9.321071429
Odisha,Rice,Autumn     ,1100.2,26.35,7.4,64.83,42.88,50.91,0.733666667
Odisha,Rice,Summer     ,1100.2,26.35,6.32,66.19,45.32,55.79,1.685333333
Odisha,Rice,Winter     ,1100.2,26.35,7.43,79.97,45.17,55.09,1.020666667
Odisha,Sugarcane,Whole Year ,1100.2,26.35,5.56,82.18,49.35,53.95,51.06793103
Odisha,Wheat,Rabi       ,1100.2,26.35,5.74,70.97,53.35,62.36,1.201538462
Punjab,Maize,Kharif     ,829.38,24.65,5.99,86.87,46.0,59.75,2.904615385
Punjab,Rice,Kharif     ,829.38,24.65,7.42,74.31,53.01,63.16,3.501764706
Punjab,Sugarcane,Whole Year ,829.38,24.65,7.3,81.48,40.65,48.35,65.445625
Punjab,Wheat,Rabi       ,829.38,24.65,7.33,83.0,41.31,61.17,4.503529412
Tamil Nadu,Maize,Kharif     ,1035.18,27.82,6.63,81.06,46.37,49.81,1.629090909
Tamil Nadu,Potato,Whole Year ,1035.18,27.82,5.81,86.18,54.56,61.71,18.08
Tamil Nadu,Rice,Kharif     ,1035.18,27.82,6.2,84.99,47.82,62.59,3.611785714
Tamil Nadu,Sugarcane,Whole Year ,1035.18,27.82,6.51,69.13,51.84,49.88,108.0914815
Uttar Pradesh,Maize,Kharif     ,976.03,25.93,6.48,78.66,52.35,61.83,1.534782609
Uttar Pradesh,Maize,Rabi       ,976.03,25.93,7.1,74.35,46.01,52.6,1.606610169
Uttar Pradesh,Potato,Whole Year ,976.03,25.93,5.57,70.62,42.33,51.57,19.7573913
Uttar Pradesh,Rice,Kharif     ,976.03,25.93,7.02,66.14,48.47,51.5,1.894782609
Uttar Pradesh,Rice,Summer     ,976.03,25.93,7.23,70.44,45.51,53.33,2.083181818
Uttar Pradesh,Sugarcane,Whole Year ,976.03,25.93,6.77,69.91,40.4,55.35,50.03478261
Uttar Pradesh,Wheat,Rabi       ,976.03,25.93,5.93,86.6,54.13,53.1,2.68057971
Uttarakhand,Maize,Kharif     ,706.41,18.34,5.64,84.2,47.86,56.8,1.337692308
Uttarakhand,Maize,Rabi       ,706.41,18.34,7.16,76.09,41.44,60.62,1.535
Uttarakhand,Potato,Kharif     ,706.41,18.34,7.15,74.76,54.32,58.56,21.66555556
Uttarakhand,Potato,Rabi       ,706.41,18.34,6.33,85.44,52.78,61.83,21.60538462
Uttarakhand,Rice,Kharif     ,706.41,18.34,6.86,66.23,45.85,50.71,1.649230769
Uttarakhand,Rice,Rabi       ,706.41,18.34,6.64,70.17,48.37,53.74,3.125
Uttarakhand,Sugarcane,Whole Year ,706.41,18.34,5.55,67.35,45.52,56.93,58.175
Uttarakhand,Wheat,Rabi       ,706.41,18.34,5.83,85.04,46.73,59.44,1.550769231
Bihar,Maize,Autumn     ,1096.14,25.95,5.63,68.86,44.35,48.26,1.768108108
Bihar,Maize,Rabi       ,1096.14,25.95,6.32,85.95,50.67,52.49,2.911818182
Bihar,Maize,Summer     ,1096.14,25.95,7.26,84.89,40.72,58.84,2.469189189
Bihar,Potato,Whole Year ,1096.14,25.95,5.58,70.33,45.82,50.1,10.54486486
Bihar,Rice,Autumn     ,1096.14,25.95,5.83,69.88,44.35,59.56,1.409189189
Bihar,Rice,Kharif     ,1096.14,25.95,6.81,73.19,43.42,54.29,1.792903226
Bihar,Rice,Summer     ,1096.14,25.95,6.19,85.4,53.7,51.86,1.098275862
Bihar,Sugarcane,Whole Year ,1096.14,25.95,6.32,80.94,53.5,57.24,44.32352941
Bihar,Wheat,Rabi       ,1096.14,25.95,6.52,78.24,50.99,55.54,1.977567568
Chhattisgarh,Maize,Kharif     ,1214.25,26.22,6.68,79.85,40.84,49.73,0.75375
Chhattisgarh,Potato,Whole Year ,1214.25,26.22,6.3,78.47,47.94,61.81,6.849375
Chhattisgarh,Rice,Kharif     ,1214.25,26.22,7.37,78.88,42.01,50.64,1.34375
Chhattisgarh,Sugarcane,Whole Year ,1214.25,26.22,6.47,66.88,43.21,58.01,2.805714286
Chhattisgarh,Wheat,Rabi       ,1214.25,26.22,5.96,68.32,47.63,56.74,1.195
Gujarat,Maize,Kharif     ,479.49,28.07,6.85,73.34,53.67,53.6,2.108666667
Gujarat,Potato,Whole Year ,479.49,28.07,5.84,80.05,51.65,48.65,22.995
Gujarat,Rice,Kharif     ,479.49,28.07,6.68,65.74,53.38,49.67,1.533571429
Gujarat,Rice,Summer     ,479.49,28.07,5.72,69.97,40.63,50.1,2.935
Gujarat,Sugarcane,Whole Year ,479.49,28.07,6.02,73.61,43.3,53.34,62.97384615
Gujarat,Wheat,Rabi       ,479.49,28.07,7.2,69.33,46.98,53.06,2.474736842
Haryana,Maize,Kharif     ,886.36,24.52,5.61,69.37,45.15,50.75,1.051764706
Haryana,Potato,Whole Year ,886.36,24.52,6.83,76.13,53.15,53.49,19.08055556
Haryana,Rice,Kharif     ,886.36,24.52,6.72,66.3,51.52,51.65,2.645555556
Haryana,Sugarcane,Whole Year ,886.36,24.52,6.56,88.61,42.85,50.8,47.62210526
Haryana,Wheat,Rabi       ,886.36,24.52,7.04,83.58,44.63,57.98,3.979473684
Himachal Pradesh,Maize,Kharif     ,919.92,21.39,6.06,87.75,40.19,58.88,2.463333333
Himachal Pradesh,Potato,Whole Year ,919.92,21.39,6.63,84.14,45.44,61.2,8.677272727
Himachal Pradesh,Rice,Kharif     ,919.92,21.39,7.37,86.7,49.05,53.44,1.654545455
Himachal Pradesh,Sugarcane,Whole Year ,919.92,21.39,6.87,71.28,44.32,57.61,4.411428571
Himachal Pradesh,Wheat,Rabi       ,919.92,21.39,6.04,76.38,43.43,54.73,1.72
Madhya Pradesh,Maize,Kharif     ,980.81,25.13,7.38,89.01,51.1,60.57,1.943555556
Madhya Pradesh,Potato,Whole Year ,980.81,25.13,7.18,69.49,49.84,56.89,13.38955556
Madhya Pradesh,Rice,Kharif     ,980.81,25.13,5.57,76.91,44.01,49.45,0.849333333
Madhya Pradesh,Sugarcane,Whole Year ,980.81,25.13,7.38,77.82,40.74,55.84,30.92022222
Madhya Pradesh,Wheat,Rabi       ,980.81,25.13,6.89,88.74,53.62,47.31,1.654888889
Maharashtra,Maize,Kharif     ,1875.04,26.51,5.94,80.55,47.77,59.01,1.910769231
Maharashtra,Maize,Rabi       ,1875.04,26.51,6.78,71.34,40.1,50.08,1.887142857
Maharashtra,Maize,Summer     ,1875.04,26.51,6.19,85.09,52.47,52.0,1.293529412
Maharashtra,Rice,Kharif     ,1875.04,26.51,7.47,68.14,50.66,47.17,1.261875
Maharashtra,Rice,Summer     ,1875.04,26.51,7.01,86.04,41.61,51.92,2.192
Maharashtra,Sugarcane,Whole Year ,1875.04,26.51,6.92,68.1,48.27,60.54,69.57740741
Maharashtra,Wheat,Rabi       ,1875.04,26.51,5.84,90.16,44.77,51.15,1.313793103
Mizoram,Maize,Kharif     ,1562.48,22.95,6.27,76.42,51.35,59.5,2.076666667
Mizoram,Maize,Rabi       ,1562.48,22.95,6.36,78.27,43.76,58.57,1.6025
Mizoram,Potato,Whole Year ,1562.48,22.95,7.46,72.41,44.45,50.7,4.8975
Mizoram,Rice,Kharif     ,1562.48,22.95,7.08,74.73,45.71,55.56,1.825
Mizoram,Sugarcane,Whole Year ,1562.48,22.95,7.05,77.31,47.61,62.45,8.115
Nagaland,Maize,Kharif     ,537.09,19.14,6.68,77.79,50.53,53.27,2.025
Nagaland,Potato,Whole Year ,537.09,19.14,6.38,77.58,47.11,62.44,12.14875
Nagaland,Rice,Kharif     ,537.09,19.14,6.36,79.98,48.82,47.68,1.485
Nagaland,Rice,Rabi       ,537.09,19.14,6.17,69.48,54.08,53.26,1.76
Nagaland,Sugarcane,Whole Year ,537.09,19.14,6.67,83.27,48.08,61.4,43.005
Nagaland,Wheat,Rabi       ,537.09,19.14,6.78,90.31,48.21,47.91,2.04
Odisha,Maize,Kharif     ,1946.22,26.48,5.85,83.03,43.14,57.99,0.714615385
Odisha,Potato,Whole Year ,1946.22,26.48,6.09,83.63,47.3,61.17,9.565714286
Odisha,Rice,Kharif     ,1946.22,26.48,7.14,80.7,48.22,48.49,1.583666667
Odisha,Sugarcane,Whole Year ,1946.22,26.48,6.03,78.9,49.03,51.6,52.85172414
Odisha,Wheat,Rabi       ,1946.22,26.48,5.76,74.06,44.12,57.63,1.1288
Punjab,Maize,Kharif     ,886.36,24.52,6.19,78.86,44.29,60.1,2.7625
Punjab,Rice,Kharif     ,886.36,24.52,7.4,69.85,47.74,57.84,3.517058824
Punjab,Sugarcane,Whole Year ,886.36,24.52,6.59,85.65,46.11,61.05,67.87176471
Punjab,Wheat,Rabi       ,886.36,24.52,6.23,78.07,53.53,61.47,4.487058824
Tamil Nadu,Rice,Kharif     ,1253.37,28.16,6.61,68.7,54.39,60.34,3.532857143
Tamil Nadu,Sugarcane,Whole Year ,1253.37,28.16,5.67,85.77,44.88,52.81,102.0107407
Uttar Pradesh,Maize,Kharif     ,797.83,26.23,6.15,82.21,53.03,51.38,1.500869565
Uttar Pradesh,Maize,Rabi       ,797.83,26.23,7.28,67.31,52.31,49.49,1.63516129
Uttar Pradesh,Potato,Whole Year ,797.83,26.23,6.52,68.25,50.65,49.02,23.1684058
Uttar Pradesh,Rice,Kharif     ,797.83,26.23,7.45,68.09,51.13,55.95,2.016086957
Uttar Pradesh,Rice,Summer     ,797.83,26.23,5.96,72.32,52.08,60.26,2.097777778
Uttar Pradesh,Sugarcane,Whole Year ,797.83,26.23,7.13,68.88,50.69,53.03,52.52608696
Uttar Pradesh,Wheat,Rabi       ,797.83,26.23,6.18,90.06,50.96,55.28,2.729565217
Uttarakhand,Maize,Kharif     ,1283.71,17.87,7.3,81.61,44.7,57.42,1.185384615
Uttarakhand,Maize,Rabi       ,1283.71,17.87,7.02,90.12,46.96,51.56,1.1
Uttarakhand,Potato,Kharif     ,1283.71,17.87,7.24,81.55,42.2,60.22,19.90111111
Uttarakhand,Potato,Rabi       ,1283.71,17.87,6.52,84.4,43.16,49.11,20.00692308
Uttarakhand,Rice,Kharif     ,1283.71,17.87,6.33,65.42,47.13,52.76,1.608461538
Uttarakhand,Rice,Rabi       ,1283.71,17.87,6.53,75.37,54.27,53.88,2.2625
Uttarakhand,Sugarcane,Whole Year ,1283.71,17.87,7.31,70.91,45.65,48.32,58.175
Uttarakhand,Wheat,Rabi       ,1283.71,17.87,6.94,80.42,45.24,62.56,1.616153846
Bihar,Maize,Autumn     ,893.82,26.3,7.35,70.7,49.9,53.74,1.757567568
Bihar,Maize,Rabi       ,893.82,26.3,6.72,68.93,52.24,59.45,2.553513514
Bihar,Maize,Summer     ,893.82,26.3,6.49,83.39,50.4,50.45,2.609459459
Bihar,Potato,Whole Year ,893.82,26.3,7.33,77.27,42.34,55.9,10.27135135
Bihar,Rice,Autumn     ,893.82,26.3,6.16,74.14,51.95,59.09,1.060714286
Bihar,Rice,Summer     ,893.82,26.3,6.25,77.29,51.27,48.97,1.625517241
Bihar,Rice,Winter     ,893.82,26.3,6.42,83.76,45.45,49.15,1.345945946
Bihar,Sugarcane,Whole Year ,893.82,26.3,5.66,82.24,42.3,59.86,39.25787879
Bihar,Wheat,Rabi       ,893.82,26.3,5.6,71.45,46.48,48.53,1.844054054
Chhattisgarh,Maize,Kharif     ,804.92,26.85,6.46,86.89,45.82,50.25,1.279375
Chhattisgarh,Potato,Whole Year ,804.92,26.85,5.53,72.21,51.13,54.41,6.6325
Chhattisgarh,Rice,Kharif     ,804.92,26.85,6.44,65.12,48.67,48.4,0.710625
Chhattisgarh,Sugarcane,Whole Year ,804.92,26.85,5.67,80.62,51.56,47.79,2.751333333
Chhattisgarh,Wheat,Rabi       ,804.92,26.85,6.97,84.53,53.13,55.63,1.185
Gujarat,Maize,Kharif     ,366.66,28.63,5.58,81.11,46.31,46.89,1.671875
Gujarat,Potato,Whole Year ,366.66,28.63,6.18,83.43,45.14,52.86,20.24333333
Gujarat,Rice,Kharif     ,366.66,28.63,7.03,68.73,42.13,48.49,1.209230769
Gujarat,Rice,Summer     ,366.66,28.63,5.71,67.19,45.94,57.82,4.53
Gujarat,Sugarcane,Whole Year ,366.66,28.63,6.51,75.45,45.8,48.69,67.23714286
Gujarat,Wheat,Rabi       ,366.66,28.63,7.11,84.32,50.95,63.5,2.185789474
Haryana,Maize,Kharif     ,688.83,25.39,6.65,74.75,46.62,52.86,0.478333333
Haryana,Potato,Whole Year ,688.83,25.39,6.95,64.26,45.98,60.26,33.775
Haryana,Rice,Kharif     ,688.83,25.39,7.47,79.82,48.49,49.34,2.495
Haryana,Sugarcane,Whole Year ,688.83,25.39,6.18,73.41,42.78,55.26,48.52888889
Haryana,Wheat,Rabi       ,688.83,25.39,5.59,82.85,46.03,55.89,3.947894737
Himachal Pradesh,Maize,Kharif     ,721.57,22.21,6.02,69.8,45.48,57.44,1.6075
Himachal Pradesh,Potato,Whole Year ,721.57,22.21,6.97,74.9,49.07,54.4,10.06
Himachal Pradesh,Rice,Kharif     ,721.57,22.21,7.24,77.76,45.47,56.65,1.133636364
Himachal Pradesh,Sugarcane,Whole Year ,721.57,22.21,6.28,71.11,45.79,49.76,1.887142857
Himachal Pradesh,Wheat,Rabi       ,721.57,22.21,7.04,80.66,48.58,54.1,1.389166667
Karnataka,Maize,Kharif     ,668.45,23.99,5.64,80.1,47.76,50.25,2.174
Karnataka,Maize,Rabi       ,668.45,23.99,6.31,88.53,49.86,47.39,2.483181818
Karnataka,Maize,Summer     ,668.45,23.99,6.8,81.68,47.14,51.69,2.472173913
Karnataka,Potato,Whole Year ,668.45,23.99,6.39,66.66,50.13,58.37,5.757142857
Karnataka,Rice,Kharif     ,668.45,23.99,7.17,84.07,44.57,55.52,2.035185185
Karnataka,Rice,Rabi       ,668.45,23.99,6.82,80.52,46.12,55.29,2.000666667
Karnataka,Rice,Summer     ,668.45,23.99,6.49,85.62,44.69,56.44,2.378
Karnataka,Sugarcane,Whole Year ,668.45,23.99,6.6,83.65,43.76,52.26,83.89230769
Karnataka,Wheat,Rabi       ,668.45,23.99,7.39,76.77,52.7,52.85,0.572142857
Madhya Pradesh,Maize,Kharif     ,898.51,25.95,7.28,79.99,47.8,55.35,1.662
Madhya Pradesh,Potato,Whole Year ,898.51,25.95,6.42,73.5,49.6,48.08,11.89644444
Madhya Pradesh,Rice,Kharif     ,898.51,25.95,5.99,75.3,40.69,62.04,0.608
Madhya Pradesh,Sugarcane,Whole Year ,898.51,25.95,6.57,83.64,52.43,60.09,28.415
Madhya Pradesh,Wheat,Rabi       ,898.51,25.95,5.64,83.51,44.56,55.72,1.500666667
Maharashtra,Maize,Kharif     ,1326.47,27.12,7.09,79.78,45.75,61.78,1.725185185
Maharashtra,Maize,Rabi       ,1326.47,27.12,5.73,67.46,45.95,59.74,1.382727273
Maharashtra,Maize,Summer     ,1326.47,27.12,6.35,70.38,49.06,49.92,1.386315789
Maharashtra,Rice,Kharif     ,1326.47,27.12,6.12,73.3,45.87,51.09,0.8903125
Maharashtra,Rice,Summer     ,1326.47,27.12,6.08,68.65,43.97,53.79,2.288
Maharashtra,Sugarcane,Whole Year ,1326.47,27.12,7.24,83.41,46.48,54.92,65.24666667
Maharashtra,Wheat,Rabi       ,1326.47,27.12,6.26,81.75,54.71,48.47,1.234333333
Meghalaya,Maize,Kharif     ,2530.64,17.77,6.17,83.38,48.79,60.61,1.527142857
Meghalaya,Potato,Whole Year ,2530.64,17.77,5.71,76.51,41.1,46.73,7.74
Meghalaya,Rice,Kharif     ,2530.64,17.77,5.76,87.39,51.81,47.84,1.767142857
Meghalaya,Sugarcane,Whole Year ,2530.64,17.77,5.97,72.51,47.62,60.43,2.37
Meghalaya,Wheat,Rabi       ,2530.64,17.77,6.96,67.3,45.45,51.46,1.455
Mizoram,Maize,Kharif     ,1459.33,23.2,6.44,77.97,53.95,60.89,1.89
Mizoram,Maize,Rabi       ,1459.33,23.2,7.1,70.38,41.74,62.94,1.695
Mizoram,Potato,Whole Year ,1459.33,23.2,5.79,74.35,45.33,51.64,1.976666667
Mizoram,Rice,Kharif     ,1459.33,23.2,5.89,79.77,53.82,60.44,1.89
Mizoram,Sugarcane,Whole Year ,1459.33,23.2,6.93,83.19,50.12,48.29,6.4075
Nagaland,Maize,Kharif     ,838.03,18.71,5.75,77.5,40.46,58.59,2.02875
Nagaland,Potato,Whole Year ,838.03,18.71,7.3,78.54,53.96,55.71,11.25375
Nagaland,Rice,Kharif     ,838.03,18.71,7.21,75.69,44.47,58.57,1.46375
Nagaland,Sugarcane,Whole Year ,838.03,18.71,6.59,75.58,53.68,52.49,55.63166667
Nagaland,Wheat,Rabi       ,838.03,18.71,6.75,79.28,44.07,47.98,2.0775
Odisha,Maize,Kharif     ,1340.28,26.51,6.5,72.4,53.21,55.22,0.9248
Odisha,Potato,Whole Year ,1340.28,26.51,7.04,82.28,45.56,47.17,8.908214286
Odisha,Rice,Kharif     ,1340.28,26.51,5.75,84.71,45.68,47.6,0.753333333
Odisha,Sugarcane,Whole Year ,1340.28,26.51,7.48,66.6,42.14,57.87,52.07642857
Odisha,Wheat,Rabi       ,1340.28,26.51,6.17,69.6,44.42,58.57,1.133636364
Punjab,Maize,Kharif     ,688.83,25.39,7.47,75.01,51.49,53.77,2.083333333
Punjab,Rice,Kharif     ,688.83,25.39,6.9,76.39,52.83,57.5,3.438823529
Punjab,Sugarcane,Whole Year ,688.83,25.39,6.48,83.25,45.71,47.1,58.85235294
Punjab,Wheat,Rabi       ,688.83,25.39,7.42,82.41,50.84,58.46,4.13
Uttarakhand,Maize,Kharif     ,865.58,18.57,7.26,79.51,40.92,59.0,1.043076923
Uttarakhand,Maize,Rabi       ,865.58,18.57,6.38,82.48,41.83,49.54,1.455
Uttarakhand,Potato,Kharif     ,865.58,18.57,7.22,68.39,42.47,53.42,20.172
Uttarakhand,Potato,Rabi       ,865.58,18.57,5.57,75.71,45.79,53.71,19.99538462
Uttarakhand,Rice,Kharif     ,865.58,18.57,6.62,67.67,49.57,50.79,1.461538462
Uttarakhand,Rice,Rabi       ,865.58,18.57,6.9,71.16,40.71,47.38,2.8
Uttarakhand,Sugarcane,Whole Year ,865.58,18.57,6.17,86.44,46.55,57.49,58.185
Uttarakhand,Wheat,Rabi       ,865.58,18.57,5.88,79.6,48.27,49.97,1.650769231
Jharkhand,Maize,Autumn     ,1140.09,23.78,7.02,74.93,48.31,62.38,1.203571429
Jharkhand,Potato,Rabi       ,1140.09,23.78,7.08,68.37,53.03,51.74,7.418
Jharkhand,Potato,Winter     ,1140.09,23.78,7.46,65.99,49.46,55.0,6.716666667
Jharkhand,Rice,Autumn     ,1140.09,23.78,6.36,85.2,43.09,54.84,1.516666667
Jharkhand,Rice,Winter     ,1140.09,23.78,6.37,80.74,47.52,50.0,1.062222222
Jharkhand,Wheat,Rabi       ,1140.09,23.78,5.75,88.6,50.7,59.88,1.42125
Bihar,Maize,Kharif     ,1042.17,25.85,6.16,80.85,41.61,47.33,1.68
Bihar,Maize,Rabi       ,1042.17,25.85,6.69,87.77,43.16,56.19,2.925945946
Bihar,Maize,Summer     ,1042.17,25.85,5.94,78.7,53.86,54.49,2.775
Bihar,Potato,Whole Year ,1042.17,25.85,7.03,83.2,54.73,55.12,9.989210526
Bihar,Rice,Autumn     ,1042.17,25.85,5.68,67.22,48.59,62.99,1.141666667
Bihar,Rice,Kharif     ,1042.17,25.85,6.57,77.34,41.39,58.69,1.42
Bihar,Rice,Summer     ,1042.17,25.85,6.0,86.67,46.58,62.86,1.324642857
Bihar,Rice,Winter     ,1042.17,25.85,6.92,66.62,48.89,56.77,1.456315789
Bihar,Sugarcane,Whole Year ,1042.17,25.85,6.47,83.46,49.36,54.56,39.12181818
Bihar,Wheat,Rabi       ,1042.17,25.85,5.72,89.02,42.75,48.42,1.747105263
Chhattisgarh,Maize,Kharif     ,1433.14,26.55,6.66,70.94,44.48,46.63,1.20625
Chhattisgarh,Potato,Whole Year ,1433.14,26.55,6.6,83.95,42.68,50.52,5.158125
Chhattisgarh,Rice,Kharif     ,1433.14,26.55,6.84,81.68,41.83,53.56,1.4375
Chhattisgarh,Sugarcane,Whole Year ,1433.14,26.55,7.13,71.58,41.47,53.11,2.842666667
Chhattisgarh,Wheat,Rabi       ,1433.14,26.55,7.01,86.99,47.32,51.76,1.20875
Delhi,Maize,Kharif     ,1026.54,25.09,6.04,72.91,41.83,59.04,1.98
Delhi,Potato,Whole Year ,1026.54,25.09,5.68,74.37,50.06,50.81,4.94
Delhi,Rice,Kharif     ,1026.54,25.09,6.91,68.07,53.55,63.3,2.73
Delhi,Sugarcane,Whole Year ,1026.54,25.09,7.01,70.45,47.87,61.27,73.25
Delhi,Wheat,Rabi       ,1026.54,25.09,6.49,83.53,53.06,61.54,4.37
Gujarat,Maize,Kharif     ,891.79,27.32,6.68,78.9,48.16,61.27,1.825
Gujarat,Potato,Whole Year ,891.79,27.32,5.68,71.55,50.87,51.24,22.146
Gujarat,Rice,Kharif     ,891.79,27.32,5.64,80.21,44.45,61.97,1.7125
Gujarat,Rice,Summer     ,891.79,27.32,7.09,83.9,54.9,52.36,3.565714286
Gujarat,Sugarcane,Whole Year ,891.79,27.32,5.96,69.44,41.55,48.24,71.59666667
Gujarat,Wheat,Rabi       ,891.79,27.32,6.85,69.07,50.86,51.78,2.68875
Haryana,Maize,Kharif     ,1037.84,24.13,7.3,90.17,53.79,61.57,0.960588235
Haryana,Potato,Whole Year ,1037.84,24.13,7.2,70.78,54.31,55.6,22.60571429
Haryana,Rice,Kharif     ,1037.84,24.13,6.79,82.83,54.16,54.29,2.733333333
Haryana,Sugarcane,Whole Year ,1037.84,24.13,5.87,86.47,47.12,47.66,50.10277778
Haryana,Wheat,Rabi       ,1037.84,24.13,6.93,88.03,48.83,51.72,3.825789474
Jharkhand,Maize,Autumn     ,1429.22,23.41,7.42,70.38,50.69,49.36,1.39
Jharkhand,Potato,Rabi       ,1429.22,23.41,5.74,65.06,41.99,60.11,6.98625
Jharkhand,Potato,Winter     ,1429.22,23.41,7.14,79.0,44.47,51.04,8.628333333
Jharkhand,Rice,Autumn     ,1429.22,23.41,6.09,81.0,41.4,51.43,0.74
Jharkhand,Rice,Winter     ,1429.22,23.41,6.39,80.17,47.73,60.21,0.998636364
Jharkhand,Sugarcane,Whole Year ,1429.22,23.41,6.34,82.24,43.19,47.77,2.85
Jharkhand,Wheat,Rabi       ,1429.22,23.41,5.98,80.08,42.56,50.82,1.360909091
Madhya Pradesh,Maize,Kharif     ,1241.22,25.1,7.01,85.15,51.57,51.57,1.916041667
Madhya Pradesh,Potato,Whole Year ,1241.22,25.1,6.02,84.56,47.99,52.79,13.33404255
Madhya Pradesh,Rice,Kharif     ,1241.22,25.1,6.9,80.91,49.16,58.07,0.997916667
Madhya Pradesh,Sugarcane,Whole Year ,1241.22,25.1,5.94,68.69,47.17,55.45,31.46604167
Madhya Pradesh,Wheat,Rabi       ,1241.22,25.1,6.35,84.47,46.69,63.87,1.797916667
Maharashtra,Maize,Kharif     ,1970.27,27.08,7.36,69.36,48.02,59.38,1.724444444
Maharashtra,Maize,Rabi       ,1970.27,27.08,6.48,89.49,44.81,48.33,1.689130435
Maharashtra,Rice,Kharif     ,1970.27,27.08,7.27,69.14,49.91,53.76,1.232258065
Maharashtra,Rice,Summer     ,1970.27,27.08,6.13,82.88,40.78,57.47,2.217
Maharashtra,Sugarcane,Whole Year ,1970.27,27.08,6.01,77.91,45.56,51.76,56.65814815
Maharashtra,Wheat,Rabi       ,1970.27,27.08,7.22,89.08,48.51,61.23,1.171666667
Manipur,Maize,Kharif     ,1111.03,20.58,6.32,67.88,44.99,51.66,2.76
Manipur,Rice,Kharif     ,1111.03,20.58,5.98,85.31,51.21,55.49,2.305555556
Manipur,Sugarcane,Whole Year ,1111.03,20.58,7.35,67.48,48.42,48.21,32.71
Mizoram,Maize,Kharif     ,1231.02,23.24,6.09,76.82,43.97,53.11,1.981666667
Mizoram,Maize,Rabi       ,1231.02,23.24,6.04,78.28,51.56,49.57,1.802
Mizoram,Potato,Whole Year ,1231.02,23.24,6.46,77.54,46.18,59.99,3.301666667
Mizoram,Rice,Kharif     ,1231.02,23.24,6.43,69.41,53.94,54.83,1.925
Mizoram,Sugarcane,Whole Year ,1231.02,23.24,6.3,80.53,48.31,60.3,25.87
Nagaland,Maize,Kharif     ,780.96,18.65,6.88,87.17,50.77,62.3,1.69125
Nagaland,Maize,Rabi       ,780.96,18.65,6.75,70.08,48.98,54.7,1.71
Nagaland,Potato,Whole Year ,780.96,18.65,7.34,78.72,43.24,60.01,8.2975
Nagaland,Rice,Kharif     ,780.96,18.65,5.93,82.69,51.45,47.51,1.36
Nagaland,Rice,Rabi       ,780.96,18.65,6.06,66.19,41.9,47.47,1.945
Nagaland,Sugarcane,Whole Year ,780.96,18.65,6.35,67.44,47.55,59.84,37.28166667
Nagaland,Wheat,Rabi       ,780.96,18.65,5.78,83.62,54.39,60.52,1.86625
Odisha,Maize,Kharif     ,1857.72,26.57,5.91,75.95,49.14,51.11,0.887307692
Odisha,Maize,Rabi       ,1857.72,26.57,6.8,88.09,50.77,46.67,1.32
Odisha,Potato,Whole Year ,1857.72,26.57,5.85,84.36,44.35,57.77,9.688965517
Odisha,Rice,Kharif     ,1857.72,26.57,6.8,87.02,41.69,50.61,1.516333333
Odisha,Sugarcane,Whole Year ,1857.72,26.57,7.16,82.72,45.9,48.23,54.54655172
Odisha,Wheat,Rabi       ,1857.72,26.57,5.51,84.01,42.59,53.25,1.377407407
Punjab,Maize,Kharif     ,1037.84,24.13,6.0,83.59,50.49,46.9,3.086923077
Punjab,Rice,Kharif     ,1037.84,24.13,5.55,74.17,41.99,51.0,3.678235294
Punjab,Sugarcane,Whole Year ,1037.84,24.13,5.78,83.54,48.68,60.1,54.72
Punjab,Wheat,Rabi       ,1037.84,24.13,7.28,80.41,46.66,50.46,4.166470588
Uttar Pradesh,Maize,Kharif     ,803.3,25.86,5.96,70.71,45.27,51.24,1.296
Uttar Pradesh,Maize,Rabi       ,803.3,25.86,7.29,70.07,40.9,58.51,1.348888889
Uttar Pradesh,Maize,Summer     ,803.3,25.86,6.94,83.93,48.2,62.82,1.362166667
Uttar Pradesh,Potato,Whole Year ,803.3,25.86,6.44,86.35,48.47,55.34,19.60414286
Uttar Pradesh,Rice,Kharif     ,803.3,25.86,7.36,67.62,49.01,61.39,2.066285714
Uttar Pradesh,Rice,Summer     ,803.3,25.86,5.79,87.15,50.35,61.31,2.1595
Uttar Pradesh,Sugarcane,Whole Year ,803.3,25.86,7.49,89.64,46.01,58.33,48.92214286
Uttar Pradesh,Wheat,Rabi       ,803.3,25.86,6.41,85.52,52.08,48.74,2.767428571
Uttarakhand,Maize,Kharif     ,1079.15,17.95,6.56,89.73,49.29,51.23,1.456153846
Uttarakhand,Maize,Summer     ,1079.15,17.95,6.71,87.07,43.5,55.62,1.623333333
Uttarakhand,Potato,Whole Year ,1079.15,17.95,5.75,75.73,50.32,57.01,15.82153846
Uttarakhand,Rice,Kharif     ,1079.15,17.95,6.15,85.04,53.24,47.39,1.640769231
Uttarakhand,Rice,Summer     ,1079.15,17.95,5.85,75.67,48.47,58.44,3.66
Uttarakhand,Sugarcane,Whole Year ,1079.15,17.95,5.9,77.49,51.77,62.97,58.12
Uttarakhand,Wheat,Rabi       ,1079.15,17.95,7.13,69.71,43.23,57.79,1.525384615
Andhra Pradesh,Maize,Kharif     ,759.1,27.72,6.57,77.75,40.66,59.24,2.819545455
Andhra Pradesh,Maize,Rabi       ,759.1,27.72,6.49,72.58,47.7,50.67,5.235714286
Andhra Pradesh,Potato,Whole Year ,759.1,27.72,5.69,84.95,50.79,58.83,7.64
Andhra Pradesh,Rice,Kharif     ,759.1,27.72,5.95,79.37,46.38,58.0,2.720454545
Andhra Pradesh,Rice,Rabi       ,759.1,27.72,6.88,68.42,47.86,58.75,2.83
Andhra Pradesh,Sugarcane,Whole Year ,759.1,27.72,6.43,75.76,45.48,58.82,77.12619048
Andhra Pradesh,Wheat,Rabi       ,759.1,27.72,5.93,82.88,50.14,57.27,0.387272727
Assam,Potato,Whole Year ,2151.77,22.27,6.77,67.09,46.21,56.96,7.482608696
Assam,Rice,Autumn     ,2151.77,22.27,6.66,68.22,53.74,63.7,0.802173913
Assam,Rice,Summer     ,2151.77,22.27,5.75,80.55,44.28,62.21,1.764347826
Assam,Rice,Winter     ,2151.77,22.27,6.54,83.8,44.41,61.88,1.551304348
Assam,Sugarcane,Whole Year ,2151.77,22.27,7.37,76.25,39.91,59.05,37.40956522
Assam,Wheat,Rabi       ,2151.77,22.27,5.92,71.02,41.58,63.08,1.056956522
Bihar,Maize,Kharif     ,859.42,26.25,6.84,87.79,53.99,46.85,1.597837838
Bihar,Maize,Rabi       ,859.42,26.25,7.37,79.07,52.75,49.28,3.198
Bihar,Maize,Summer     ,859.42,26.25,6.29,77.83,53.0,59.58,2.952368421
Bihar,Potato,Whole Year ,859.42,26.25,5.64,85.36,45.08,48.21,8.02
Bihar,Rice,Autumn     ,859.42,26.25,5.56,74.2,51.06,63.32,0.788148148
Bihar,Rice,Summer     ,859.42,26.25,6.99,86.21,48.93,48.08,1.437407407
Bihar,Rice,Winter     ,859.42,26.25,6.24,82.61,45.69,51.82,0.647105263
Bihar,Sugarcane,Whole Year ,859.42,26.25,7.34,73.19,42.81,58.52,36.05151515
Bihar,Wheat,Rabi       ,859.42,26.25,5.69,88.66,55.21,53.02,1.569473684
Chhattisgarh,Maize,Kharif     ,1039.07,25.78,6.63,70.94,43.58,56.13,1.343125
Chhattisgarh,Potato,Whole Year ,1039.07,25.78,6.1,73.99,46.95,52.7,5.89625
Chhattisgarh,Rice,Kharif     ,1039.07,25.78,5.9,70.32,54.3,49.44,1.160625
Chhattisgarh,Sugarcane,Whole Year ,1039.07,25.78,5.98,81.4,44.8,48.12,2.764
Chhattisgarh,Wheat,Rabi       ,1039.07,25.78,6.89,66.99,43.23,60.71,0.963125
Delhi,Maize,Kharif     ,628.29,26.07,5.94,70.57,50.45,47.67,1.52
Delhi,Rice,Kharif     ,628.29,26.07,6.04,79.33,41.72,58.48,3.35
Delhi,Sugarcane,Whole Year ,628.29,26.07,7.14,82.43,45.22,47.23,75.25
Delhi,Wheat,Rabi       ,628.29,26.07,5.71,80.82,47.38,54.15,4.32
Gujarat,Maize,Kharif     ,763.53,27.7,7.2,87.37,50.69,57.91,1.0375
Gujarat,Potato,Whole Year ,763.53,27.7,7.16,70.51,45.28,50.8,26.09666667
Gujarat,Rice,Kharif     ,763.53,27.7,6.37,87.41,41.85,51.54,1.730666667
Gujarat,Rice,Summer     ,763.53,27.7,6.79,82.56,43.05,57.61,2.68625
Gujarat,Sugarcane,Whole Year ,763.53,27.7,5.86,82.93,49.97,48.7,71.64636364
Gujarat,Wheat,Rabi       ,763.53,27.7,6.18,67.47,42.96,51.51,2.6312
Haryana,Maize,Kharif     ,920.16,24.66,6.25,86.11,52.49,55.02,0.746875
Haryana,Potato,Whole Year ,920.16,24.66,6.07,69.01,51.56,54.33,23.1075
Haryana,Rice,Kharif     ,920.16,24.66,5.97,78.8,52.66,51.95,2.832777778
Haryana,Sugarcane,Whole Year ,920.16,24.66,6.33,88.14,46.82,61.46,49.24888889
Haryana,Wheat,Rabi       ,920.16,24.66,7.41,74.28,46.83,59.53,3.774736842
Madhya Pradesh,Maize,Kharif     ,915.19,25.58,6.94,83.01,53.73,46.64,1.34125
Madhya Pradesh,Potato,Whole Year ,915.19,25.58,6.59,83.12,52.9,49.81,14.71425532
Madhya Pradesh,Rice,Kharif     ,915.19,25.58,5.57,67.68,44.34,61.1,0.803541667
Madhya Pradesh,Sugarcane,Whole Year ,915.19,25.58,7.43,70.52,44.55,53.58,30.82
Madhya Pradesh,Wheat,Rabi       ,915.19,25.58,5.6,77.86,53.57,48.91,1.7075
Maharashtra,Maize,Kharif     ,2339.17,26.82,6.21,79.54,40.24,56.29,1.387777778
Maharashtra,Maize,Rabi       ,2339.17,26.82,7.4,74.31,49.34,59.47,1.723478261
Maharashtra,Maize,Summer     ,2339.17,26.82,6.79,81.35,43.75,60.86,1.462777778
Maharashtra,Rice,Kharif     ,2339.17,26.82,7.03,79.9,44.15,62.73,1.022903226
Maharashtra,Rice,Summer     ,2339.17,26.82,6.35,71.71,52.38,63.45,2.463
Maharashtra,Sugarcane,Whole Year ,2339.17,26.82,6.19,78.93,52.43,55.83,64.51
Maharashtra,Wheat,Rabi       ,2339.17,26.82,6.67,89.13,49.75,49.92,1.199666667
Nagaland,Maize,Kharif     ,847.98,18.24,6.95,83.39,52.37,55.47,1.80125
Nagaland,Maize,Rabi       ,847.98,18.24,7.27,89.68,47.73,57.17,1.905
Nagaland,Potato,Whole Year ,847.98,18.24,6.4,80.51,40.93,50.17,6.58125
Nagaland,Rice,Kharif     ,847.98,18.24,5.73,70.19,40.89,49.03,1.65625
Nagaland,Rice,Rabi       ,847.98,18.24,6.21,76.08,53.96,58.05,1.99
Nagaland,Sugarcane,Rabi       ,847.98,18.24,7.16,75.39,48.32,47.78,15.95
Nagaland,Sugarcane,Whole Year ,847.98,18.24,6.64,82.43,50.2,57.59,33.995
Nagaland,Wheat,Rabi       ,847.98,18.24,5.68,70.09,48.67,57.01,1.49125
Punjab,Maize,Kharif     ,920.16,24.66,6.0,84.29,42.94,61.42,2.883636364
Punjab,Rice,Kharif     ,920.16,24.66,6.82,77.7,52.07,59.44,3.788823529
Punjab,Sugarcane,Whole Year ,920.16,24.66,5.64,76.35,44.53,50.96,60.966
Punjab,Wheat,Rabi       ,920.16,24.66,7.03,79.84,44.26,51.11,4.178823529
Tripura,Maize,Kharif     ,2334.61,25.06,6.53,74.38,50.22,54.38,1.0525
Tripura,Rice,Kharif     ,2334.61,25.06,6.82,78.33,49.59,61.4,2.24
Tripura,Sugarcane,Whole Year ,2334.61,25.06,6.81,84.28,41.25,54.13,48.8525
Tripura,Wheat,Rabi       ,2334.61,25.06,6.21,77.71,53.48,61.34,2.0525
Uttarakhand,Maize,Kharif     ,1149.05,18.09,6.73,71.6,47.17,62.71,1.438461538
Uttarakhand,Maize,Summer     ,1149.05,18.09,6.66,67.09,52.72,59.8,1.96
Uttarakhand,Potato,Whole Year ,1149.05,18.09,6.65,70.46,43.59,60.62,13.04461538
Uttarakhand,Rice,Kharif     ,1149.05,18.09,5.91,69.16,53.8,63.2,1.592307692
Uttarakhand,Rice,Summer     ,1149.05,18.09,5.98,71.69,43.11,52.72,2.975
Uttarakhand,Sugarcane,Whole Year ,1149.05,18.09,6.56,69.39,41.63,50.69,58.47166667
Uttarakhand,Wheat,Rabi       ,1149.05,18.09,6.93,68.47,55.26,59.23,1.776923077
Jharkhand,Maize,Autumn     ,1252.79,23.14,6.29,72.34,46.67,46.98,1.367727273
Jharkhand,Potato,Rabi       ,1252.79,23.14,5.79,84.43,46.76,49.27,7.845
Jharkhand,Potato,Winter     ,1252.79,23.14,6.03,78.18,51.4,46.65,7.2175
Jharkhand,Rice,Autumn     ,1252.79,23.14,7.38,74.72,51.22,56.33,0.714
Jharkhand,Rice,Winter     ,1252.79,23.14,6.18,72.87,40.62,48.61,0.85
Jharkhand,Sugarcane,Whole Year ,1252.79,23.14,6.59,81.57,51.44,48.5,25.71
Jharkhand,Wheat,Rabi       ,1252.79,23.14,6.23,68.08,50.19,48.8,1.257727273
West Bengal,Maize,Kharif     ,1392.86,25.68,6.49,76.09,43.81,47.22,2.584375
West Bengal,Potato,Whole Year ,1392.86,25.68,6.49,82.64,51.95,54.91,21.12944444
West Bengal,Rice,Autumn     ,1392.86,25.68,6.4,66.89,49.68,53.85,2.037222222
West Bengal,Rice,Summer     ,1392.86,25.68,6.05,82.34,41.48,59.48,2.857777778
West Bengal,Rice,Winter     ,1392.86,25.68,6.67,78.32,53.75,53.21,2.336111111
West Bengal,Sugarcane,Whole Year ,1392.86,25.68,6.79,75.05,40.16,52.04,64.3
West Bengal,Wheat,Rabi       ,1392.86,25.68,6.69,85.44,41.35,61.42,2.104444444
Bihar,Maize,Kharif     ,802.49,26.79,5.95,87.74,45.16,50.75,1.619210526
Bihar,Maize,Rabi       ,802.49,26.79,6.55,70.21,46.72,59.81,2.773611111
Bihar,Maize,Summer     ,802.49,26.79,6.7,70.75,49.06,51.22,2.363611111
Bihar,Potato,Whole Year ,802.49,26.79,6.39,74.3,41.62,55.37,8.786842105
Bihar,Rice,Autumn     ,802.49,26.79,5.92,85.65,45.8,55.18,0.962666667
Bihar,Rice,Summer     ,802.49,26.79,6.72,82.7,44.01,60.66,1.304583333
Bihar,Rice,Winter     ,802.49,26.79,5.54,70.83,42.68,60.42,1.035263158
Bihar,Sugarcane,Whole Year ,802.49,26.79,6.57,77.83,47.88,53.6,36.43151515
Bihar,Wheat,Rabi       ,802.49,26.79,5.57,88.05,47.47,60.54,1.349736842
Chhattisgarh,Maize,Kharif     ,1526.16,26.18,6.99,78.44,46.36,56.27,1.088125
Chhattisgarh,Potato,Whole Year ,1526.16,26.18,5.6,66.16,51.33,47.45,4.965
Chhattisgarh,Rice,Kharif     ,1526.16,26.18,6.13,65.85,47.26,54.46,1.30375
Chhattisgarh,Sugarcane,Whole Year ,1526.16,26.18,5.76,75.09,45.99,61.44,2.86125
Chhattisgarh,Wheat,Rabi       ,1526.16,26.18,7.05,77.55,48.21,57.15,1.0125
Delhi,Maize,Kharif     ,718.47,25.46,7.4,76.04,42.1,58.52,1.82
Delhi,Potato,Whole Year ,718.47,25.46,7.41,65.28,46.99,54.03,15.87
Delhi,Rice,Kharif     ,718.47,25.46,7.26,68.26,43.2,55.66,2.81
Delhi,Sugarcane,Whole Year ,718.47,25.46,6.12,75.89,44.39,60.55,56.25
Delhi,Wheat,Rabi       ,718.47,25.46,6.08,85.81,48.31,52.12,4.34
Gujarat,Maize,Kharif     ,962.01,26.81,6.66,73.99,41.68,47.0,1.618125
Gujarat,Potato,Whole Year ,962.01,26.81,7.27,83.04,42.4,60.37,26.46181818
Gujarat,Rice,Kharif     ,962.01,26.81,6.77,80.16,48.73,59.66,1.843125
Gujarat,Rice,Summer     ,962.01,26.81,6.54,81.55,47.62,54.62,3.054444444
Gujarat,Sugarcane,Whole Year ,962.01,26.81,7.44,77.02,51.37,54.83,75.31714286
Gujarat,Wheat,Rabi       ,962.01,26.81,6.72,84.13,48.74,47.47,2.5792
Haryana,Maize,Kharif     ,879.45,24.2,6.33,80.37,53.67,57.64,0.4965
Haryana,Potato,Whole Year ,879.45,24.2,6.01,72.42,45.57,47.58,21.80066667
Haryana,Rice,Kharif     ,879.45,24.2,6.92,70.94,41.59,56.55,2.940526316
Haryana,Sugarcane,Whole Year ,879.45,24.2,6.35,68.44,53.9,54.66,49.81526316
Haryana,Wheat,Rabi       ,879.45,24.2,5.53,90.5,49.91,60.48,3.6065
Himachal Pradesh,Maize,Kharif     ,916.17,20.99,7.15,69.34,49.08,55.55,1.913333333
Himachal Pradesh,Potato,Whole Year ,916.17,20.99,6.21,83.34,50.51,58.82,6.635833333
Himachal Pradesh,Rice,Kharif     ,916.17,20.99,6.25,64.95,45.43,51.73,1.396363636
Himachal Pradesh,Sugarcane,Whole Year ,916.17,20.99,7.24,69.82,47.73,49.59,6.542857143
Himachal Pradesh,Wheat,Rabi       ,916.17,20.99,6.62,83.56,52.62,58.93,1.075833333
Madhya Pradesh,Maize,Kharif     ,1213.01,25.18,6.41,70.01,40.23,51.6,1.380638298
Madhya Pradesh,Potato,Whole Year ,1213.01,25.18,5.99,67.88,54.42,56.88,12.90382979
Madhya Pradesh,Rice,Kharif     ,1213.01,25.18,5.56,81.65,44.28,55.42,0.881041667
Madhya Pradesh,Sugarcane,Whole Year ,1213.01,25.18,6.79,68.05,44.79,50.05,31.52155556
Madhya Pradesh,Wheat,Rabi       ,1213.01,25.18,7.2,86.99,52.5,52.4,1.647083333
Maharashtra,Maize,Kharif     ,3211.91,26.39,5.59,67.56,40.59,52.02,1.67037037
Maharashtra,Maize,Rabi       ,3211.91,26.39,6.22,70.62,49.95,54.47,2.137307692
Maharashtra,Maize,Summer     ,3211.91,26.39,5.59,89.5,40.86,58.42,1.239473684
Maharashtra,Rice,Kharif     ,3211.91,26.39,5.79,80.89,53.12,58.59,1.215666667
Maharashtra,Rice,Summer     ,3211.91,26.39,6.02,70.12,41.18,48.25,2.007
Maharashtra,Sugarcane,Whole Year ,3211.91,26.39,5.78,79.06,51.05,50.4,66.29923077
Maharashtra,Wheat,Rabi       ,3211.91,26.39,6.0,80.46,54.73,62.01,1.329333333
Mizoram,Maize,Kharif     ,1418.06,23.29,7.44,86.77,40.01,52.96,1.99875
Mizoram,Maize,Rabi       ,1418.06,23.29,6.19,89.56,47.21,48.28,2.625
Mizoram,Potato,Whole Year ,1418.06,23.29,6.97,80.88,46.7,48.37,5.05125
Mizoram,Rice,Whole Year ,1418.06,23.29,5.55,65.67,41.2,49.85,1.9425
Mizoram,Sugarcane,Whole Year ,1418.06,23.29,7.05,86.64,42.15,57.62,18.325
Nagaland,Maize,Kharif     ,815.04,18.77,6.61,88.85,53.39,46.98,1.8025
Nagaland,Maize,Rabi       ,815.04,18.77,5.8,72.11,49.03,50.08,1.985
Nagaland,Rice,Kharif     ,815.04,18.77,7.2,84.44,45.09,62.22,1.6425
Nagaland,Rice,Rabi       ,815.04,18.77,5.7,65.86,42.65,57.07,2.06
Nagaland,Sugarcane,Rabi       ,815.04,18.77,6.84,87.96,44.55,47.49,12.52
Nagaland,Sugarcane,Whole Year ,815.04,18.77,6.2,77.71,47.24,56.63,37.27
Nagaland,Wheat,Rabi       ,815.04,18.77,6.86,88.51,50.62,59.35,1.66125
Punjab,Maize,Kharif     ,879.45,24.2,5.99,77.67,43.12,48.22,2.827
Punjab,Rice,Kharif     ,879.45,24.2,5.68,75.03,53.9,60.21,3.820588235
Punjab,Sugarcane,Whole Year ,879.45,24.2,7.0,71.05,48.32,60.93,64.525
Punjab,Wheat,Rabi       ,879.45,24.2,7.22,80.3,49.63,54.51,4.145294118
Tripura,Maize,Kharif     ,1998.49,25.23,6.49,85.83,48.9,62.22,0.9825
Tripura,Rice,Kharif     ,1998.49,25.23,5.75,79.12,47.02,63.37,2.305
Tripura,Sugarcane,Whole Year ,1998.49,25.23,6.14,75.7,43.57,57.96,48.79
Tripura,Wheat,Rabi       ,1998.49,25.23,5.92,84.36,52.44,56.34,1.8325
Uttarakhand,Maize,Kharif     ,1130.54,17.67,6.77,80.52,43.47,53.46,1.142307692
Uttarakhand,Maize,Summer     ,1130.54,17.67,5.88,72.78,52.23,60.34,1.9875
Uttarakhand,Potato,Whole Year ,1130.54,17.67,6.81,67.99,45.79,62.58,15.04615385
Uttarakhand,Rice,Kharif     ,1130.54,17.67,6.94,84.67,41.44,53.17,1.62
Uttarakhand,Rice,Summer     ,1130.54,17.67,5.69,72.86,43.19,48.73,3.89
Uttarakhand,Sugarcane,Whole Year ,1130.54,17.67,7.06,73.27,45.62,47.16,61.53333333
Uttarakhand,Wheat,Rabi       ,1130.54,17.67,7.15,77.55,48.68,51.3,1.353076923
Jharkhand,Maize,Autumn     ,938.94,23.93,5.75,88.46,45.61,48.88,1.040909091
Jharkhand,Potato,Rabi       ,938.94,23.93,7.1,77.16,46.26,51.65,7.759333333
Jharkhand,Potato,Winter     ,938.94,23.93,7.26,76.26,50.08,58.22,7.148333333
Jharkhand,Rice,Autumn     ,938.94,23.93,6.88,83.94,49.44,61.29,0.557857143
Jharkhand,Rice,Winter     ,938.94,23.93,5.69,68.76,46.27,61.04,0.531363636
Jharkhand,Sugarcane,Whole Year ,938.94,23.93,6.21,79.91,47.2,49.3,4.12
Jharkhand,Wheat,Rabi       ,938.94,23.93,6.25,75.47,51.14,49.53,1.023636364
Bihar,Maize,Kharif     ,1046.45,26.38,7.2,84.36,49.67,54.4,1.558918919
Bihar,Maize,Rabi       ,1046.45,26.38,7.07,83.23,50.51,56.23,3.231944444
Bihar,Maize,Summer     ,1046.45,26.38,7.26,69.53,49.36,52.85,3.389444444
Bihar,Rice,Autumn     ,1046.45,26.38,5.79,82.92,46.34,59.1,0.962413793
Bihar,Rice,Summer     ,1046.45,26.38,5.67,79.86,43.51,52.63,1.45173913
Bihar,Rice,Winter     ,1046.45,26.38,5.92,87.39,48.67,49.9,1.482702703
Bihar,Wheat,Rabi       ,1046.45,26.38,6.96,79.57,47.3,61.81,1.924324324
Chhattisgarh,Maize,Kharif     ,1114.47,26.26,6.57,80.37,46.51,56.45,1.048888889
Chhattisgarh,Potato,Kharif     ,1114.47,26.26,6.58,70.27,42.31,55.91,6.25
Chhattisgarh,Potato,Rabi       ,1114.47,26.26,6.48,82.29,54.08,52.69,4.25125
Chhattisgarh,Rice,Kharif     ,1114.47,26.26,7.05,69.85,43.77,62.0,1.247222222
Chhattisgarh,Sugarcane,Whole Year ,1114.47,26.26,7.18,76.94,41.22,48.88,2.463125
Chhattisgarh,Wheat,Rabi       ,1114.47,26.26,6.72,67.98,45.97,50.88,1.06
Delhi,Maize,Kharif     ,651.79,26.36,5.58,67.03,49.96,47.92,1.82
Delhi,Potato,Whole Year ,651.79,26.36,6.38,65.95,45.33,59.68,15.87
Delhi,Rice,Kharif     ,651.79,26.36,7.24,71.97,45.94,62.77,2.82
Delhi,Sugarcane,Whole Year ,651.79,26.36,5.89,81.53,44.98,60.97,75.25
Delhi,Wheat,Rabi       ,651.79,26.36,6.99,68.57,54.03,51.9,4.36
Gujarat,Maize,Kharif     ,986.67,27.3,6.98,89.87,45.33,50.87,0.529375
Gujarat,Potato,Whole Year ,986.67,27.3,6.75,83.02,51.14,60.56,20.45727273
Gujarat,Rice,Kharif     ,986.67,27.3,7.11,74.63,46.17,54.84,1.601875
Gujarat,Rice,Summer     ,986.67,27.3,6.21,87.23,41.04,53.53,2.855555556
Gujarat,Sugarcane,Whole Year ,986.67,27.3,7.13,81.04,42.16,60.67,71.79642857
Gujarat,Wheat,Rabi       ,986.67,27.3,5.94,75.96,54.38,51.01,2.5696
Haryana,Maize,Kharif     ,761.23,24.94,6.8,86.54,43.2,61.1,0.520625
Haryana,Potato,Whole Year ,761.23,24.94,6.24,81.79,41.04,56.1,21.90714286
Haryana,Rice,Kharif     ,761.23,24.94,6.89,81.96,41.13,48.38,2.8545
Haryana,Sugarcane,Whole Year ,761.23,24.94,6.11,88.05,42.89,57.19,56.0355
Haryana,Wheat,Rabi       ,761.23,24.94,5.9,83.51,47.24,50.34,4.062
Himachal Pradesh,Maize,Kharif     ,855.31,21.73,6.54,68.12,42.95,57.93,2.363333333
Himachal Pradesh,Potato,Whole Year ,855.31,21.73,6.46,84.21,46.52,53.49,10.05416667
Himachal Pradesh,Rice,Kharif     ,855.31,21.73,6.56,85.45,46.61,63.08,1.750909091
Himachal Pradesh,Sugarcane,Whole Year ,855.31,21.73,7.06,72.34,44.56,50.34,13.465
Himachal Pradesh,Wheat,Rabi       ,855.31,21.73,5.98,67.3,54.49,51.37,1.6375
Madhya Pradesh,Maize,Kharif     ,1821.87,25.49,5.88,80.4,48.97,56.29,0.903617021
Madhya Pradesh,Potato,Whole Year ,1821.87,25.49,6.67,78.22,48.06,60.48,12.9512766
Madhya Pradesh,Rice,Kharif     ,1821.87,25.49,6.31,81.22,46.16,58.5,0.856666667
Madhya Pradesh,Sugarcane,Whole Year ,1821.87,25.49,7.39,69.01,40.89,61.47,31.35595745
Madhya Pradesh,Wheat,Rabi       ,1821.87,25.49,7.43,71.83,45.43,55.35,1.73125
Maharashtra,Maize,Kharif     ,3370.1,26.64,7.42,71.49,44.96,49.84,1.599642857
Maharashtra,Maize,Rabi       ,3370.1,26.64,6.95,72.47,48.12,58.08,2.1984
Maharashtra,Maize,Summer     ,3370.1,26.64,5.85,87.45,45.99,56.77,1.184761905
Maharashtra,Rice,Kharif     ,3370.1,26.64,5.85,69.47,42.54,52.48,1.166333333
Maharashtra,Rice,Summer     ,3370.1,26.64,6.73,87.27,50.88,52.81,2.176
Maharashtra,Sugarcane,Whole Year ,3370.1,26.64,5.68,72.14,51.8,53.67,70.67444444
Maharashtra,Wheat,Rabi       ,3370.1,26.64,6.5,77.72,52.49,49.06,1.451666667
Nagaland,Maize,Kharif     ,710.77,18.97,6.69,70.75,40.47,48.62,1.67
Nagaland,Maize,Rabi       ,710.77,18.97,6.45,68.55,50.78,61.14,1.995
Nagaland,Potato,Kharif     ,710.77,18.97,6.86,70.24,49.87,59.91,8.96
Nagaland,Rice,Kharif     ,710.77,18.97,5.83,73.34,45.73,63.27,1.595
Nagaland,Rice,Rabi       ,710.77,18.97,6.43,84.81,49.59,52.62,1.605
Nagaland,Sugarcane,Rabi       ,710.77,18.97,7.39,72.83,44.22,62.99,16.72
Nagaland,Sugarcane,Whole Year ,710.77,18.97,6.2,69.35,47.45,50.96,48.145
Nagaland,Wheat,Rabi       ,710.77,18.97,6.81,86.12,50.53,48.51,0.86
Punjab,Maize,Kharif     ,761.23,24.94,6.36,72.9,40.12,49.25,3.202307692
Punjab,Rice,Kharif     ,761.23,24.94,5.97,67.6,50.4,54.15,3.75
Punjab,Wheat,Rabi       ,761.23,24.94,6.16,72.12,53.02,58.59,4.148421053
Tripura,Maize,Kharif     ,1808.32,25.53,6.44,71.19,41.13,47.93,0.9925
Tripura,Rice,Kharif     ,1808.32,25.53,6.97,80.08,48.67,62.77,2.4225
Tripura,Sugarcane,Whole Year ,1808.32,25.53,7.36,81.48,45.85,59.5,49.18
Tripura,Wheat,Rabi       ,1808.32,25.53,5.77,79.17,45.06,57.6,1.885
Uttar Pradesh,Maize,Kharif     ,945.42,26.3,5.61,84.79,47.64,52.72,1.307826087
Uttar Pradesh,Maize,Rabi       ,945.42,26.3,5.59,87.16,42.75,61.5,3.120454545
Uttar Pradesh,Maize,Summer     ,945.42,26.3,6.82,79.72,43.79,47.7,1.325689655
Uttar Pradesh,Potato,Rabi       ,945.42,26.3,7.24,68.11,53.9,49.79,20.56657143
Uttar Pradesh,Rice,Kharif     ,945.42,26.3,6.19,74.63,50.27,50.0,1.846
Uttar Pradesh,Rice,Summer     ,945.42,26.3,5.85,78.78,44.5,49.34,1.995
Uttar Pradesh,Sugarcane,Kharif     ,945.42,26.3,7.27,67.58,40.94,48.94,51.90457143
Uttar Pradesh,Wheat,Rabi       ,945.42,26.3,6.6,68.99,45.2,56.3,2.725428571
Uttarakhand,Maize,Kharif     ,1074.79,18.31,5.65,76.64,46.03,53.61,1.138461538
Uttarakhand,Maize,Rabi       ,1074.79,18.31,6.45,76.87,52.03,55.14,1.626666667
Uttarakhand,Potato,Kharif     ,1074.79,18.31,7.15,65.09,41.84,58.48,9.942727273
Uttarakhand,Potato,Rabi       ,1074.79,18.31,6.65,81.24,49.31,47.1,9.773846154
Uttarakhand,Rice,Kharif     ,1074.79,18.31,6.82,70.65,50.82,57.15,1.645384615
Uttarakhand,Rice,Rabi       ,1074.79,18.31,7.33,75.98,40.66,59.77,3.145
Uttarakhand,Sugarcane,Whole Year ,1074.79,18.31,5.83,72.56,48.72,50.0,61.44
Uttarakhand,Wheat,Rabi       ,1074.79,18.31,6.86,85.41,44.96,57.06,1.760769231
Jharkhand,Maize,Autumn     ,1468.99,23.54,6.95,78.46,51.56,52.65,1.457272727
Jharkhand,Potato,Rabi       ,1468.99,23.54,6.51,85.15,41.99,54.68,8.043636364
Jharkhand,Potato,Winter     ,1468.99,23.54,7.1,70.84,41.22,49.32,7.690909091
Jharkhand,Rice,Autumn     ,1468.99,23.54,6.78,67.19,43.4,55.68,1.274545455
Jharkhand,Rice,Winter     ,1468.99,23.54,6.87,81.84,50.14,62.49,1.208181818
Jharkhand,Sugarcane,Whole Year ,1468.99,23.54,6.58,86.66,41.8,51.6,38.04833333
Jharkhand,Wheat,Rabi       ,1468.99,23.54,7.14,76.48,50.36,60.14,1.280454545
Andhra Pradesh,Maize,Kharif     ,1067.72,27.44,6.42,88.77,50.09,47.37,4.237
Andhra Pradesh,Maize,Rabi       ,1067.72,27.44,5.77,85.42,44.02,58.25,6.2215
Andhra Pradesh,Rice,Kharif     ,1067.72,27.44,5.7,77.11,51.56,49.41,3.094545455
Andhra Pradesh,Rice,Rabi       ,1067.72,27.44,7.19,81.13,52.74,63.0,3.159090909
Andhra Pradesh,Sugarcane,Whole Year ,1067.72,27.44,7.46,75.53,43.17,59.72,83.4125
Andhra Pradesh,Wheat,Rabi       ,1067.72,27.44,6.7,75.06,50.36,54.7,1.0
Bihar,Maize,Autumn     ,1373.75,25.51,6.65,71.75,52.91,60.18,1.305526316
Bihar,Maize,Rabi       ,1373.75,25.51,6.22,86.34,51.82,51.94,3.763611111
Bihar,Maize,Summer     ,1373.75,25.51,7.3,74.76,51.13,51.92,3.207142857
Bihar,Potato,Whole Year ,1373.75,25.51,6.33,71.83,54.42,60.0,8.115
Bihar,Rice,Autumn     ,1373.75,25.51,5.77,83.93,43.71,52.39,0.617
Bihar,Rice,Summer     ,1373.75,25.51,6.56,76.64,54.46,47.54,1.416666667
Bihar,Rice,Winter     ,1373.75,25.51,7.25,79.25,41.49,62.81,1.260789474
Bihar,Sugarcane,Whole Year ,1373.75,25.51,6.7,88.01,41.75,49.88,33.2446875
Bihar,Wheat,Rabi       ,1373.75,25.51,6.2,70.11,48.49,55.9,2.228421053
Chhattisgarh,Maize,Kharif     ,1423.88,26.24,5.66,79.11,50.7,49.1,1.468333333
Chhattisgarh,Potato,Kharif     ,1423.88,26.24,7.26,76.46,52.02,55.24,6.440909091
Chhattisgarh,Potato,Rabi       ,1423.88,26.24,7.22,79.62,44.45,51.89,5.00875
Chhattisgarh,Rice,Kharif     ,1423.88,26.24,6.47,68.13,43.46,55.51,1.393888889
Chhattisgarh,Sugarcane,Whole Year ,1423.88,26.24,6.79,82.96,42.3,58.52,3.015
Chhattisgarh,Wheat,Rabi       ,1423.88,26.24,7.17,80.05,47.5,60.49,1.299444444
Gujarat,Maize,Kharif     ,1033.53,27.27,5.74,71.21,48.55,52.07,1.401176471
Gujarat,Potato,Whole Year ,1033.53,27.27,6.77,74.54,51.09,49.59,24.42333333
Gujarat,Rice,Kharif     ,1033.53,27.27,6.05,72.68,47.95,60.19,1.8325
Gujarat,Rice,Summer     ,1033.53,27.27,6.27,69.21,49.83,53.42,3.043333333
Gujarat,Sugarcane,Whole Year ,1033.53,27.27,7.43,69.08,42.81,63.11,71.189375
Gujarat,Wheat,Rabi       ,1033.53,27.27,6.7,86.19,51.19,60.7,2.9304
Haryana,Maize,Kharif     ,893.56,24.61,7.16,90.02,43.91,59.24,0.979375
Haryana,Potato,Whole Year ,893.56,24.61,6.63,77.62,53.68,49.76,15.53166667
Haryana,Rice,Kharif     ,893.56,24.61,5.92,85.72,52.48,59.35,3.191578947
Haryana,Sugarcane,Whole Year ,893.56,24.61,7.31,87.97,42.07,61.18,50.77
Haryana,Wheat,Rabi       ,893.56,24.61,6.02,73.29,44.98,59.32,4.036
Himachal Pradesh,Maize,Kharif     ,925.42,21.4,7.0,77.59,40.24,54.44,2.303333333
Himachal Pradesh,Potato,Kharif     ,925.42,21.4,5.9,65.85,45.68,62.42,9.051666667
Himachal Pradesh,Rice,Kharif     ,925.42,21.4,7.12,76.72,41.91,56.04,1.686363636
Himachal Pradesh,Sugarcane,Kharif     ,925.42,21.4,7.21,82.73,41.87,48.84,13.81285714
Himachal Pradesh,Wheat,Rabi       ,925.42,21.4,5.67,81.73,42.38,59.76,1.500833333
Madhya Pradesh,Maize,Kharif     ,1090.09,25.34,7.45,83.31,43.09,47.93,1.1325
Madhya Pradesh,Potato,Whole Year ,1090.09,25.34,6.22,75.26,47.32,47.22,11.41729167
Madhya Pradesh,Rice,Kharif     ,1090.09,25.34,6.37,66.35,49.72,49.67,0.875
Madhya Pradesh,Sugarcane,Whole Year ,1090.09,25.34,6.22,68.7,41.66,56.91,30.21326087
Madhya Pradesh,Wheat,Rabi       ,1090.09,25.34,6.42,79.02,41.62,48.38,1.548958333
Maharashtra,Maize,Kharif     ,2694.23,26.85,6.39,76.14,48.83,55.54,2.325357143
Maharashtra,Maize,Rabi       ,2694.23,26.85,7.0,78.35,48.87,56.4,2.6852
Maharashtra,Maize,Summer     ,2694.23,26.85,6.36,74.37,44.77,54.1,1.413684211
Maharashtra,Rice,Kharif     ,2694.23,26.85,7.07,78.08,49.1,57.88,1.377241379
Maharashtra,Rice,Summer     ,2694.23,26.85,6.22,85.55,54.74,49.6,2.486
Maharashtra,Sugarcane,Whole Year ,2694.23,26.85,5.96,74.96,41.59,48.11,74.23888889
Maharashtra,Wheat,Rabi       ,2694.23,26.85,7.08,84.66,47.22,61.3,1.782333333
Meghalaya,Maize,Kharif     ,2709.54,17.69,6.63,86.13,50.08,58.76,1.504285714
Meghalaya,Rice,Autumn     ,2709.54,17.69,5.66,80.21,50.1,59.81,1.498571429
Meghalaya,Rice,Summer     ,2709.54,17.69,6.23,80.84,54.26,48.36,2.022857143
Meghalaya,Rice,Winter     ,2709.54,17.69,5.98,87.07,40.98,48.74,1.812857143
Meghalaya,Sugarcane,Whole Year ,2709.54,17.69,7.17,74.71,52.48,62.83,2.344
Meghalaya,Wheat,Rabi       ,2709.54,17.69,6.39,72.38,50.21,62.15,1.2425
Nagaland,Maize,Kharif     ,999.96,18.26,6.29,76.06,40.46,59.3,1.835
Nagaland,Maize,Rabi       ,999.96,18.26,7.26,72.8,49.37,51.84,1.91
Nagaland,Potato,Kharif     ,999.96,18.26,6.52,84.62,53.89,49.02,15.335
Nagaland,Rice,Kharif     ,999.96,18.26,5.61,86.79,41.58,56.37,1.8275
Nagaland,Rice,Rabi       ,999.96,18.26,6.91,70.78,42.19,51.16,1.66
Nagaland,Sugarcane,Kharif     ,999.96,18.26,5.87,85.52,46.78,57.07,55.075
Nagaland,Wheat,Rabi       ,999.96,18.26,5.8,73.55,49.67,56.09,1.56375
Punjab,Maize,Kharif     ,893.56,24.61,6.41,77.93,45.95,60.93,3.560833333
Punjab,Rice,Kharif     ,893.56,24.61,5.89,68.3,52.31,62.84,3.968
Punjab,Wheat,Rabi       ,893.56,24.61,6.83,78.71,42.53,50.11,4.4775
Tripura,Maize,Kharif     ,2737.78,24.78,6.62,74.53,42.92,56.78,0.995
Tripura,Rice,Kharif     ,2737.78,24.78,6.08,77.03,44.08,52.04,2.4375
Tripura,Sugarcane,Whole Year ,2737.78,24.78,5.99,85.26,46.43,47.74,49.0375
Tripura,Wheat,Rabi       ,2737.78,24.78,7.38,68.87,49.96,60.28,1.88
Uttar Pradesh,Maize,Kharif     ,1067.29,25.64,5.79,72.08,53.66,62.83,1.360289855
Uttar Pradesh,Maize,Rabi       ,1067.29,25.64,5.84,69.92,45.87,46.96,2.78
Uttar Pradesh,Maize,Summer     ,1067.29,25.64,7.19,77.24,43.01,54.01,1.430714286
Uttar Pradesh,Potato,Rabi       ,1067.29,25.64,6.45,85.34,45.89,51.06,20.87428571
Uttar Pradesh,Rice,Kharif     ,1067.29,25.64,7.05,71.11,52.25,62.44,1.962
Uttar Pradesh,Rice,Summer     ,1067.29,25.64,6.33,84.37,49.67,50.06,2.152142857
Uttar Pradesh,Sugarcane,Kharif     ,1067.29,25.64,6.02,79.74,43.78,51.91,49.74928571
Uttar Pradesh,Wheat,Rabi       ,1067.29,25.64,6.37,87.62,54.96,47.23,2.723571429
Uttarakhand,Maize,Kharif     ,1427.79,18.07,6.95,75.44,41.44,60.69,1.223846154
Uttarakhand,Maize,Summer     ,1427.79,18.07,7.12,76.96,53.63,58.41,1.636666667
Uttarakhand,Potato,Kharif     ,1427.79,18.07,7.1,76.87,50.73,47.02,9.379090909
Uttarakhand,Potato,Rabi       ,1427.79,18.07,5.61,75.45,41.49,52.02,7.861538462
Uttarakhand,Rice,Kharif     ,1427.79,18.07,5.56,74.13,43.19,50.04,1.709230769
Uttarakhand,Rice,Summer     ,1427.79,18.07,7.07,69.19,49.8,47.82,3.423333333
Uttarakhand,Sugarcane,Whole Year ,1427.79,18.07,7.33,77.28,53.03,56.5,62.12857143
Uttarakhand,Wheat,Rabi       ,1427.79,18.07,6.88,72.31,49.8,55.72,1.673846154
Jharkhand,Maize,Autumn     ,1361.99,23.02,6.37,80.39,50.96,51.62,1.367272727
Jharkhand,Potato,Rabi       ,1361.99,23.02,6.99,77.01,54.02,61.18,7.252272727
Jharkhand,Potato,Winter     ,1361.99,23.02,7.05,74.71,51.34,62.64,11.36809524
Jharkhand,Rice,Autumn     ,1361.99,23.02,7.39,75.83,51.56,50.75,0.899047619
Jharkhand,Rice,Winter     ,1361.99,23.02,6.69,74.9,41.91,51.22,1.306363636
Jharkhand,Sugarcane,Whole Year ,1361.99,23.02,6.3,66.33,44.26,49.28,42.17714286
Jharkhand,Wheat,Rabi       ,1361.99,23.02,6.68,82.33,44.08,56.76,1.432727273
Bihar,Maize,Autumn     ,1575.54,25.16,7.34,72.91,44.54,59.97,1.592631579
Bihar,Maize,Rabi       ,1575.54,25.16,6.37,76.7,53.79,47.21,3.186388889
Bihar,Maize,Summer     ,1575.54,25.16,6.74,77.34,44.1,62.23,3.203714286
Bihar,Potato,Kharif     ,1575.54,25.16,7.25,72.36,46.33,61.43,7.518157895
Bihar,Potato,Rabi       ,1575.54,25.16,7.47,83.98,43.9,54.17,5.246486486
Bihar,Rice,Autumn     ,1575.54,25.16,6.84,80.12,40.74,57.07,1.230344828
Bihar,Rice,Summer     ,1575.54,25.16,7.09,86.57,52.43,55.48,1.641
Bihar,Rice,Winter     ,1575.54,25.16,7.4,70.77,45.01,56.96,1.545789474
Bihar,Sugarcane,Whole Year ,1575.54,25.16,7.46,82.84,44.71,62.59,38.28870968
Bihar,Wheat,Rabi       ,1575.54,25.16,7.18,83.54,46.51,56.93,1.984473684
Chhattisgarh,Maize,Kharif     ,1042.28,25.93,6.4,81.66,43.67,58.98,1.263888889
Chhattisgarh,Potato,Kharif     ,1042.28,25.93,7.27,84.78,42.4,61.62,1.342857143
Chhattisgarh,Potato,Rabi       ,1042.28,25.93,7.32,81.5,54.52,50.97,4.63
Chhattisgarh,Rice,Kharif     ,1042.28,25.93,5.76,73.16,50.96,63.61,1.198333333
Chhattisgarh,Sugarcane,Whole Year ,1042.28,25.93,5.87,86.18,41.73,54.05,2.77875
Chhattisgarh,Wheat,Rabi       ,1042.28,25.93,5.85,76.6,43.28,59.12,1.15
Gujarat,Maize,Kharif     ,620.73,27.35,6.26,84.01,48.93,51.43,1.478333333
Gujarat,Potato,Whole Year ,620.73,27.35,7.01,76.75,47.4,61.97,20.86636364
Gujarat,Rice,Kharif     ,620.73,27.35,6.32,84.65,54.89,61.33,1.615294118
Gujarat,Rice,Summer     ,620.73,27.35,7.1,76.95,51.88,57.46,2.921111111
Gujarat,Sugarcane,Whole Year ,620.73,27.35,7.13,70.71,44.56,54.99,70.62176471
Gujarat,Wheat,Rabi       ,620.73,27.35,6.4,83.62,41.44,60.69,2.349615385
Haryana,Maize,Kharif     ,1417.62,23.49,7.07,81.76,44.72,62.53,1.152222222
Haryana,Potato,Whole Year ,1417.62,23.49,6.24,84.07,43.27,59.99,19.08769231
Haryana,Rice,Kharif     ,1417.62,23.49,5.8,84.97,48.38,47.23,2.569
Haryana,Sugarcane,Whole Year ,1417.62,23.49,7.08,77.66,50.96,51.03,49.621
Haryana,Wheat,Rabi       ,1417.62,23.49,6.39,88.68,44.88,55.97,4.437142857
Himachal Pradesh,Maize,Kharif     ,1518.43,20.46,6.33,79.96,44.88,62.27,2.304166667
Himachal Pradesh,Potato,Kharif     ,1518.43,20.46,5.8,69.42,43.74,46.68,11.051
Himachal Pradesh,Potato,Rabi       ,1518.43,20.46,5.55,80.53,48.51,62.9,4.299
Himachal Pradesh,Rice,Kharif     ,1518.43,20.46,6.72,80.13,48.14,59.89,1.6
Himachal Pradesh,Sugarcane,Kharif     ,1518.43,20.46,6.43,89.58,51.34,56.66,15.18142857
Himachal Pradesh,Wheat,Rabi       ,1518.43,20.46,7.19,79.79,49.33,58.0,1.080833333
Madhya Pradesh,Maize,Kharif     ,928.64,24.96,6.72,80.74,49.4,62.37,1.2356
Madhya Pradesh,Potato,Whole Year ,928.64,24.96,6.68,69.87,48.9,53.92,11.0325
Madhya Pradesh,Rice,Kharif     ,928.64,24.96,5.66,75.73,45.07,58.84,0.911020408
Madhya Pradesh,Sugarcane,Whole Year ,928.64,24.96,6.0,76.13,47.63,60.64,31.97541667
Madhya Pradesh,Wheat,Rabi       ,928.64,24.96,6.74,85.39,44.51,47.38,1.764
Maharashtra,Maize,Kharif     ,2602.54,26.48,6.66,81.08,48.4,57.35,1.992222222
Maharashtra,Maize,Rabi       ,2602.54,26.48,5.76,67.54,45.91,55.67,2.3832
Maharashtra,Maize,Summer     ,2602.54,26.48,7.45,84.52,50.76,50.75,1.381
Maharashtra,Rice,Kharif     ,2602.54,26.48,7.16,67.69,48.52,49.28,1.170740741
Maharashtra,Rice,Summer     ,2602.54,26.48,7.05,85.09,48.29,49.28,2.421111111
Maharashtra,Sugarcane,Whole Year ,2602.54,26.48,6.71,77.52,42.03,60.22,65.53407407
Maharashtra,Wheat,Rabi       ,2602.54,26.48,6.96,81.36,50.43,57.42,1.431666667
Manipur,Maize,Kharif     ,1224.95,20.17,7.35,83.07,43.77,49.93,1.724444444
Manipur,Maize,Rabi       ,1224.95,20.17,6.17,84.38,51.7,49.16,1.467777778
Manipur,Potato,Whole Year ,1224.95,20.17,6.87,72.78,53.78,55.71,8.165555556
Manipur,Rice,Kharif     ,1224.95,20.17,6.76,64.79,45.57,50.84,2.134444444
Manipur,Sugarcane,Whole Year ,1224.95,20.17,7.24,77.12,49.55,55.34,59.26444444
Manipur,Wheat,Rabi       ,1224.95,20.17,7.07,82.75,42.33,60.87,2.495
Nagaland,Maize,Kharif     ,1168.99,18.04,5.9,88.54,52.11,60.34,1.802727273
Nagaland,Maize,Rabi       ,1168.99,18.04,7.23,84.06,45.94,56.47,1.91
Nagaland,Potato,Kharif     ,1168.99,18.04,7.33,79.38,46.6,53.2,12.38272727
Nagaland,Potato,Rabi       ,1168.99,18.04,7.16,78.35,52.6,57.57,12.29
Nagaland,Rice,Kharif     ,1168.99,18.04,7.26,80.67,54.07,63.69,1.964545455
Nagaland,Sugarcane,Kharif     ,1168.99,18.04,5.64,68.53,40.28,55.03,43.01454545
Nagaland,Wheat,Rabi       ,1168.99,18.04,7.3,79.2,50.67,51.34,1.502222222
Punjab,Maize,Kharif     ,1417.62,23.49,5.74,74.19,40.51,61.61,3.419230769
Punjab,Rice,Kharif     ,1417.62,23.49,6.77,79.31,40.83,61.46,3.9855
Punjab,Wheat,Rabi       ,1417.62,23.49,5.97,80.64,42.83,48.26,4.5035
Tripura,Maize,Kharif     ,1532.09,25.19,6.23,85.46,46.6,53.12,0.99
Tripura,Rice,Kharif     ,1532.09,25.19,7.4,73.96,54.3,59.04,2.525
Tripura,Sugarcane,Whole Year ,1532.09,25.19,7.12,89.14,50.56,52.17,54.9975
Tripura,Wheat,Rabi       ,1532.09,25.19,6.76,82.29,50.53,52.04,1.905
Uttar Pradesh,Maize,Kharif     ,1606.05,25.03,6.15,79.39,51.55,62.4,1.366764706
Uttar Pradesh,Maize,Rabi       ,1606.05,25.03,6.33,74.08,53.95,54.19,2.646086957
Uttar Pradesh,Maize,Summer     ,1606.05,25.03,6.31,67.48,41.99,61.85,1.505862069
Uttar Pradesh,Potato,Rabi       ,1606.05,25.03,6.94,67.26,46.87,55.3,18.97342857
Uttar Pradesh,Rice,Kharif     ,1606.05,25.03,5.99,79.99,46.25,49.25,2.124428571
Uttar Pradesh,Rice,Summer     ,1606.05,25.03,6.92,73.3,50.87,59.03,2.095
Uttar Pradesh,Sugarcane,Kharif     ,1606.05,25.03,6.7,83.47,40.28,53.79,47.59257143
Uttar Pradesh,Wheat,Rabi       ,1606.05,25.03,7.03,83.03,44.96,51.96,2.959857143
Uttarakhand,Maize,Kharif     ,1418.98,17.53,6.37,87.42,43.14,56.31,1.197692308
Uttarakhand,Maize,Summer     ,1418.98,17.53,7.1,76.68,40.85,57.27,1.53
Uttarakhand,Potato,Kharif     ,1418.98,17.53,6.09,73.86,49.08,60.88,10.52181818
Uttarakhand,Potato,Rabi       ,1418.98,17.53,7.06,78.08,44.28,58.35,9.419230769
Uttarakhand,Rice,Kharif     ,1418.98,17.53,5.66,65.46,46.69,63.44,1.627692308
Uttarakhand,Rice,Summer     ,1418.98,17.53,6.47,82.35,47.57,48.77,3.1
Uttarakhand,Sugarcane,Whole Year ,1418.98,17.53,5.83,71.9,40.08,55.66,54.82
Uttarakhand,Wheat,Rabi       ,1418.98,17.53,6.24,72.37,49.34,52.61,1.491538462
Jammu and Kashmir,Potato,Rabi       ,702.47,9.1,5.94,86.8,45.53,54.99,16.446
Jammu and Kashmir,Wheat,Rabi       ,702.47,9.1,6.15,83.5,47.82,63.76,1.435714286
Jharkhand,Maize,Autumn     ,1388.34,23.02,7.48,70.57,49.77,46.88,1.074166667
Jharkhand,Potato,Rabi       ,1388.34,23.02,5.74,64.56,49.82,59.37,5.73375
Jharkhand,Potato,Winter     ,1388.34,23.02,6.78,65.33,47.54,49.09,6.666190476
Jharkhand,Rice,Autumn     ,1388.34,23.02,5.96,74.86,50.61,47.46,0.868695652
Jharkhand,Rice,Winter     ,1388.34,23.02,6.22,74.81,51.7,53.79,1.39125
Jharkhand,Sugarcane,Whole Year ,1388.34,23.02,6.79,73.03,45.82,49.11,27.25142857
Jharkhand,Wheat,Rabi       ,1388.34,23.02,6.65,79.76,46.32,54.32,1.43625
Bihar,Maize,Autumn     ,774.6,26.68,6.48,70.02,52.21,55.2,1.760526316
Bihar,Maize,Rabi       ,774.6,26.68,6.5,80.31,43.91,56.38,2.516
Bihar,Maize,Summer     ,774.6,26.68,5.85,74.94,50.04,60.99,2.8075
Bihar,Rice,Autumn     ,774.6,26.68,5.72,72.0,45.48,49.64,0.905666667
Bihar,Rice,Summer     ,774.6,26.68,5.96,84.67,46.76,51.91,1.492083333
Bihar,Rice,Winter     ,774.6,26.68,6.36,83.48,53.12,48.33,1.105526316
Bihar,Sugarcane,Whole Year ,774.6,26.68,5.81,89.53,47.97,56.3,44.66484848
Bihar,Wheat,Rabi       ,774.6,26.68,6.99,88.23,47.45,56.28,2.076315789
Chhattisgarh,Maize,Kharif     ,1075.52,27.17,5.78,75.04,46.65,53.39,1.412777778
Chhattisgarh,Potato,Whole Year ,1075.52,27.17,7.21,76.85,47.66,59.78,4.504666667
Chhattisgarh,Rice,Kharif     ,1075.52,27.17,6.11,87.5,51.0,54.75,1.106666667
Chhattisgarh,Sugarcane,Whole Year ,1075.52,27.17,6.42,87.96,51.2,51.35,3.389375
Chhattisgarh,Wheat,Rabi       ,1075.52,27.17,6.81,75.09,47.83,49.62,1.301764706
Gujarat,Maize,Kharif     ,580.29,28.45,5.75,66.75,40.92,47.04,1.008
Gujarat,Potato,Whole Year ,580.29,28.45,6.98,77.73,40.86,50.86,18.8975
Gujarat,Rice,Kharif     ,580.29,28.45,5.74,72.89,45.8,52.04,1.693529412
Gujarat,Rice,Summer     ,580.29,28.45,7.1,79.61,47.35,55.42,3.034444444
Gujarat,Sugarcane,Whole Year ,580.29,28.45,6.05,86.87,44.32,59.47,66.79470588
Gujarat,Wheat,Rabi       ,580.29,28.45,5.88,69.15,47.26,60.61,2.617692308
Haryana,Maize,Kharif     ,838.16,24.82,5.57,78.14,50.69,53.39,0.940555556
Haryana,Potato,Whole Year ,838.16,24.82,7.35,80.85,54.72,46.82,17.30357143
Haryana,Rice,Kharif     ,838.16,24.82,7.34,83.42,52.28,48.95,2.673809524
Haryana,Sugarcane,Whole Year ,838.16,24.82,5.75,85.21,44.13,48.07,47.4235
Haryana,Wheat,Rabi       ,838.16,24.82,6.37,81.34,52.99,60.01,4.133809524
Himachal Pradesh,Maize,Kharif     ,861.19,21.67,6.56,76.15,46.22,60.95,2.08
Himachal Pradesh,Potato,Kharif     ,861.19,21.67,6.22,72.84,48.53,47.13,11.582
Himachal Pradesh,Potato,Rabi       ,861.19,21.67,7.45,64.5,50.26,48.8,4.67
Himachal Pradesh,Rice,Kharif     ,861.19,21.67,5.87,83.61,44.2,63.56,1.484545455
Himachal Pradesh,Sugarcane,Whole Year ,861.19,21.67,6.16,73.19,42.96,54.18,16.11857143
Himachal Pradesh,Wheat,Rabi       ,861.19,21.67,7.42,83.28,44.66,59.44,0.933333333
Maharashtra,Maize,Kharif     ,2277.28,27.21,6.21,80.59,42.47,58.28,1.972962963
Maharashtra,Maize,Rabi       ,2277.28,27.21,6.1,72.89,52.63,61.91,1.9875
Maharashtra,Maize,Summer     ,2277.28,27.21,7.0,72.4,44.88,49.65,1.348235294
Maharashtra,Rice,Kharif     ,2277.28,27.21,6.34,79.4,51.55,59.97,1.106071429
Maharashtra,Rice,Summer     ,2277.28,27.21,7.22,75.38,54.33,50.33,2.251111111
Maharashtra,Sugarcane,Whole Year ,2277.28,27.21,5.71,78.11,45.07,62.88,76.29222222
Maharashtra,Wheat,Rabi       ,2277.28,27.21,6.69,74.48,50.84,55.28,1.53
Manipur,Maize,Kharif     ,1168.24,20.82,7.24,87.63,50.47,56.54,1.705555556
Manipur,Maize,Rabi       ,1168.24,20.82,5.97,84.18,40.74,47.24,1.673333333
Manipur,Potato,Whole Year ,1168.24,20.82,7.37,65.4,41.78,53.05,8.286666667
Manipur,Rice,Kharif     ,1168.24,20.82,6.3,67.43,46.57,58.85,1.923333333
Manipur,Sugarcane,Whole Year ,1168.24,20.82,6.39,73.9,52.96,47.23,56.62666667
Manipur,Wheat,Rabi       ,1168.24,20.82,6.02,84.45,52.22,58.81,2.073333333
Nagaland,Maize,Kharif     ,1134.66,18.39,6.26,69.17,43.42,62.23,1.037272727
Nagaland,Maize,Rabi       ,1134.66,18.39,6.98,71.2,43.87,57.35,1.51
Nagaland,Potato,Kharif     ,1134.66,18.39,6.22,76.77,53.05,53.1,9.416363636
Nagaland,Potato,Rabi       ,1134.66,18.39,7.1,67.79,51.18,55.15,12.39
Nagaland,Rice,Kharif     ,1134.66,18.39,7.21,67.37,49.26,53.38,1.393636364
Nagaland,Sugarcane,Kharif     ,1134.66,18.39,7.07,79.18,53.39,60.37,30.02272727
Nagaland,Wheat,Rabi       ,1134.66,18.39,6.75,74.0,52.86,54.68,1.198888889
Punjab,Maize,Kharif     ,838.16,24.82,6.98,86.7,49.64,56.56,3.489166667
Punjab,Rice,Kharif     ,838.16,24.82,5.57,85.63,47.64,57.26,3.9775
Punjab,Sugarcane,Whole Year ,838.16,24.82,6.07,77.96,52.9,47.19,6.396923077
Punjab,Wheat,Rabi       ,838.16,24.82,6.47,87.98,49.07,62.97,4.3205
Tripura,Maize,Kharif     ,1954.75,25.68,5.96,85.19,39.97,57.01,1.0
Tripura,Rice,Kharif     ,1954.75,25.68,6.02,65.08,42.65,61.2,2.5225
Tripura,Sugarcane,Whole Year ,1954.75,25.68,6.71,76.2,46.17,58.08,51.4225
Tripura,Wheat,Rabi       ,1954.75,25.68,6.52,69.65,53.42,61.35,1.9825
Uttar Pradesh,Maize,Kharif     ,981.43,25.81,7.2,70.18,49.24,47.7,1.431
Uttar Pradesh,Maize,Rabi       ,981.43,25.81,7.48,82.7,49.73,58.06,3.032083333
Uttar Pradesh,Maize,Summer     ,981.43,25.81,6.94,70.43,44.38,50.77,1.462833333
Uttar Pradesh,Potato,Rabi       ,981.43,25.81,6.57,78.5,47.52,55.24,24.02859155
Uttar Pradesh,Rice,Kharif     ,981.43,25.81,5.85,71.5,43.67,58.93,2.00971831
Uttar Pradesh,Rice,Summer     ,981.43,25.81,6.78,82.51,47.15,54.14,2.13
Uttar Pradesh,Sugarcane,Kharif     ,981.43,25.81,7.31,81.91,42.34,60.93,50.34633803
Uttar Pradesh,Wheat,Rabi       ,981.43,25.81,6.37,70.22,42.79,47.97,2.80915493
Uttarakhand,Maize,Kharif     ,965.68,18.52,5.7,88.29,39.98,48.5,1.236153846
Uttarakhand,Maize,Rabi       ,965.68,18.52,6.16,76.6,46.39,54.61,1.6
Uttarakhand,Potato,Kharif     ,965.68,18.52,6.34,82.71,44.33,55.01,9.59
Uttarakhand,Potato,Rabi       ,965.68,18.52,5.61,68.91,52.11,58.65,10.60615385
Uttarakhand,Rice,Kharif     ,965.68,18.52,6.37,67.61,52.96,63.46,1.613846154
Uttarakhand,Rice,Rabi       ,965.68,18.52,7.02,71.31,48.79,63.3,2.85
Uttarakhand,Sugarcane,Whole Year ,965.68,18.52,7.15,85.57,53.28,60.39,61.34
Uttarakhand,Wheat,Rabi       ,965.68,18.52,7.38,79.63,53.03,51.3,1.674615385
Jharkhand,Maize,Autumn     ,1139.94,23.86,5.64,87.29,48.07,58.01,0.947916667
Jharkhand,Potato,Rabi       ,1139.94,23.86,6.0,66.86,52.74,61.75,6.558333333
Jharkhand,Potato,Winter     ,1139.94,23.86,6.28,65.94,47.39,60.04,6.710434783
Jharkhand,Rice,Autumn     ,1139.94,23.86,7.34,83.89,49.31,55.43,0.515217391
Jharkhand,Rice,Winter     ,1139.94,23.86,6.62,72.46,52.73,63.77,0.58625
Jharkhand,Sugarcane,Whole Year ,1139.94,23.86,7.33,81.81,47.65,61.35,41.7825
Jharkhand,Wheat,Rabi       ,1139.94,23.86,5.93,81.4,50.59,58.64,1.314166667
West Bengal,Maize,Autumn     ,1553.26,26.05,7.16,83.58,51.36,50.78,1.94
West Bengal,Maize,Rabi       ,1553.26,26.05,5.78,80.84,53.17,47.85,3.632727273
West Bengal,Maize,Summer     ,1553.26,26.05,5.6,86.36,53.18,48.29,2.912352941
West Bengal,Potato,Rabi       ,1553.26,26.05,6.82,81.07,43.42,57.51,31.58888889
West Bengal,Potato,Summer     ,1553.26,26.05,6.99,76.62,43.98,54.06,12.4
West Bengal,Rice,Autumn     ,1553.26,26.05,6.75,85.68,51.92,60.07,2.095
West Bengal,Rice,Summer     ,1553.26,26.05,5.58,79.49,42.07,49.42,2.79
West Bengal,Rice,Winter     ,1553.26,26.05,5.93,67.2,53.51,61.54,2.346111111
West Bengal,Sugarcane,Whole Year ,1553.26,26.05,6.18,83.3,41.47,55.38,78.33428571
West Bengal,Wheat,Rabi       ,1553.26,26.05,6.8,70.14,53.09,54.99,2.401764706
Madhya Pradesh,Maize,Whole Year ,1129.49,25.85,7.37,83.22,40.15,62.46,1.0752
Madhya Pradesh,Potato,Whole Year ,1129.49,25.85,5.83,77.35,48.23,51.28,11.0822449
Madhya Pradesh,Rice,Whole Year ,1129.49,25.85,6.38,77.86,49.72,48.05,0.906041667
Madhya Pradesh,Sugarcane,Whole Year ,1129.49,25.85,5.66,81.63,41.55,52.59,31.6544898
Madhya Pradesh,Wheat,Whole Year ,1129.49,25.85,5.51,79.58,49.68,52.57,1.8538
Bihar,Maize,Autumn     ,779.79,27.1,6.33,75.44,51.07,58.82,1.910789474
Bihar,Maize,Rabi       ,779.79,27.1,5.97,75.54,48.69,54.84,3.635882353
Bihar,Maize,Summer     ,779.79,27.1,7.04,70.4,46.26,46.73,3.725135135
Bihar,Rice,Autumn     ,779.79,27.1,7.28,68.17,46.0,47.55,0.919642857
Bihar,Rice,Summer     ,779.79,27.1,7.24,86.38,42.22,62.44,1.827916667
Bihar,Rice,Winter     ,779.79,27.1,6.07,69.54,47.08,52.04,0.979210526
Bihar,Sugarcane,Whole Year ,779.79,27.1,6.69,86.91,43.6,49.9,53.23921053
Bihar,Wheat,Rabi       ,779.79,27.1,6.89,86.31,42.51,54.65,2.282631579
Chhattisgarh,Maize,Kharif     ,1195.15,27.07,6.33,89.74,45.63,59.44,1.733888889
Chhattisgarh,Potato,Whole Year ,1195.15,27.07,6.92,81.79,51.76,51.02,5.708235294
Chhattisgarh,Rice,Kharif     ,1195.15,27.07,6.19,67.16,43.92,59.85,1.702222222
Chhattisgarh,Sugarcane,Whole Year ,1195.15,27.07,5.55,81.14,39.94,52.76,2.692777778
Chhattisgarh,Wheat,Rabi       ,1195.15,27.07,7.18,84.73,46.49,47.46,1.395882353
Gujarat,Maize,Kharif     ,1150.46,27.65,7.47,68.55,40.78,48.87,1.692631579
Gujarat,Maize,Rabi       ,1150.46,27.65,7.32,88.26,50.27,63.04,1.882307692
Gujarat,Maize,Summer     ,1150.46,27.65,6.23,76.14,50.52,50.71,2.00125
Gujarat,Potato,Whole Year ,1150.46,27.65,6.1,84.4,41.55,61.31,21.58
Gujarat,Rice,Kharif     ,1150.46,27.65,7.03,87.02,52.26,61.86,1.8275
Gujarat,Rice,Summer     ,1150.46,27.65,6.86,67.13,43.93,57.8,2.987777778
Gujarat,Sugarcane,Whole Year ,1150.46,27.65,6.8,76.08,45.84,58.26,69.7375
Gujarat,Wheat,Rabi       ,1150.46,27.65,6.15,67.48,44.91,61.6,3.0388
Haryana,Maize,Kharif     ,1351.9,24.57,6.69,89.29,46.66,50.26,0.8175
Haryana,Potato,Whole Year ,1351.9,24.57,6.62,72.73,50.5,59.6,21.70428571
Haryana,Rice,Kharif     ,1351.9,24.57,5.75,74.21,48.36,51.33,2.561428571
Haryana,Sugarcane,Whole Year ,1351.9,24.57,5.58,75.86,52.3,52.88,5.022
Haryana,Wheat,Rabi       ,1351.9,24.57,6.53,73.22,51.73,59.15,4.483333333
Himachal Pradesh,Maize,Kharif     ,1382.72,21.63,6.32,73.8,44.69,62.61,2.593333333
Himachal Pradesh,Potato,Kharif     ,1382.72,21.63,5.76,81.28,41.34,58.68,10.688
Himachal Pradesh,Potato,Rabi       ,1382.72,21.63,7.42,68.98,42.02,61.06,4.835
Himachal Pradesh,Rice,Kharif     ,1382.72,21.63,6.17,70.21,43.11,57.9,1.561818182
Himachal Pradesh,Sugarcane,Whole Year ,1382.72,21.63,5.82,87.83,50.09,61.55,17.22
Himachal Pradesh,Wheat,Rabi       ,1382.72,21.63,7.17,84.66,51.92,60.28,1.539166667
Madhya Pradesh,Maize,Kharif     ,929.07,25.75,5.85,70.29,42.03,62.53,1.3712
Madhya Pradesh,Potato,Whole Year ,929.07,25.75,5.87,86.62,50.33,61.54,9.318163265
Madhya Pradesh,Rice,Kharif     ,929.07,25.75,6.37,69.23,41.87,61.0,1.211666667
Madhya Pradesh,Sugarcane,Whole Year ,929.07,25.75,6.13,84.61,40.63,62.31,31.9975
Madhya Pradesh,Wheat,Rabi       ,929.07,25.75,5.52,75.84,46.63,58.32,1.8744
Maharashtra,Maize,Kharif     ,3131.39,26.97,5.72,74.73,44.32,57.47,2.230769231
Maharashtra,Maize,Rabi       ,3131.39,26.97,7.44,75.46,50.88,59.67,2.514
Maharashtra,Maize,Summer     ,3131.39,26.97,5.92,77.42,43.42,48.69,1.26
Maharashtra,Rice,Kharif     ,3131.39,26.97,5.87,75.99,51.11,55.85,1.3116
Maharashtra,Rice,Summer     ,3131.39,26.97,7.12,67.99,54.24,62.26,2.388888889
Maharashtra,Sugarcane,Whole Year ,3131.39,26.97,5.99,88.47,43.32,48.2,73.83961538
Maharashtra,Wheat,Rabi       ,3131.39,26.97,5.88,88.09,47.95,55.93,1.709333333
Manipur,Maize,Kharif     ,1785.18,20.19,6.87,84.81,51.71,51.76,1.74
Manipur,Maize,Rabi       ,1785.18,20.19,6.23,79.77,48.84,57.79,2.051111111
Manipur,Potato,Whole Year ,1785.18,20.19,6.18,65.03,51.84,54.45,8.286666667
Manipur,Rice,Kharif     ,1785.18,20.19,6.44,74.13,42.33,51.48,1.945555556
Manipur,Sugarcane,Whole Year ,1785.18,20.19,6.19,82.22,53.92,51.94,59.03444444
Manipur,Wheat,Rabi       ,1785.18,20.19,5.5,75.93,48.32,47.23,2.475
Mizoram,Maize,Kharif     ,2243.19,22.98,7.31,80.18,46.29,57.46,1.62125
Mizoram,Maize,Rabi       ,2243.19,22.98,5.9,68.24,46.95,47.49,2.362
Mizoram,Potato,Kharif     ,2243.19,22.98,7.13,78.81,49.12,48.81,6.7
Mizoram,Potato,Rabi       ,2243.19,22.98,5.63,76.77,47.04,56.79,5.56
Mizoram,Rice,Autumn     ,2243.19,22.98,5.78,83.73,43.9,55.6,0.92625
Mizoram,Rice,Kharif     ,2243.19,22.98,7.17,71.62,54.24,61.34,1.495
Mizoram,Rice,Rabi       ,2243.19,22.98,6.08,75.52,54.21,50.74,0.86
Mizoram,Sugarcane,Whole Year ,2243.19,22.98,5.64,86.68,45.96,47.49,5.5975
Nagaland,Maize,Kharif     ,1662.35,18.12,6.81,79.7,40.33,60.58,1.958181818
Nagaland,Maize,Rabi       ,1662.35,18.12,6.17,68.7,51.09,53.21,1.956666667
Nagaland,Potato,Kharif     ,1662.35,18.12,6.48,65.18,42.55,50.98,12.74
Nagaland,Potato,Rabi       ,1662.35,18.12,7.32,77.42,50.95,54.9,12.40285714
Nagaland,Rice,Kharif     ,1662.35,18.12,6.61,80.63,48.5,60.56,2.051818182
Nagaland,Rice,Rabi       ,1662.35,18.12,6.94,71.71,43.45,60.31,2.38
Nagaland,Sugarcane,Kharif     ,1662.35,18.12,7.44,74.6,49.66,52.6,43.52909091
Nagaland,Wheat,Rabi       ,1662.35,18.12,6.04,71.72,51.8,49.32,1.712222222
Punjab,Maize,Kharif     ,1351.9,24.57,6.92,69.29,45.97,46.88,3.710909091
Punjab,Rice,Kharif     ,1351.9,24.57,6.82,72.78,51.95,51.29,3.834
Punjab,Wheat,Rabi       ,1351.9,24.57,6.63,73.39,54.13,51.75,4.6485
Tamil Nadu,Maize,Kharif     ,1361.98,27.83,7.38,83.44,52.53,59.12,4.527857143
Tamil Nadu,Rice,Kharif     ,1361.98,27.83,6.52,65.72,45.87,61.9,3.597419355
Tamil Nadu,Sugarcane,Whole Year ,1361.98,27.83,5.88,75.62,49.24,60.58,107.4126667
Tripura,Maize,Kharif     ,2054.22,25.5,7.24,85.89,51.79,57.69,1.3325
Tripura,Rice,Kharif     ,2054.22,25.5,6.93,72.82,50.51,52.98,2.5725
Tripura,Sugarcane,Whole Year ,2054.22,25.5,7.37,67.14,48.06,62.13,51.1425
Tripura,Wheat,Rabi       ,2054.22,25.5,6.35,80.11,44.35,49.26,2.02
Uttar Pradesh,Maize,Kharif     ,930.36,26.2,5.73,79.98,44.48,58.78,1.40915493
Uttar Pradesh,Maize,Rabi       ,930.36,26.2,6.19,74.96,45.24,52.51,3.0012
Uttar Pradesh,Maize,Summer     ,930.36,26.2,6.22,87.92,48.75,54.72,1.469285714
Uttar Pradesh,Potato,Rabi       ,930.36,26.2,6.67,83.4,52.71,47.2,22.96777778
Uttar Pradesh,Rice,Kharif     ,930.36,26.2,6.01,66.92,54.47,62.52,2.052916667
Uttar Pradesh,Rice,Summer     ,930.36,26.2,7.09,83.08,43.75,58.97,2.032222222
Uttar Pradesh,Sugarcane,Kharif     ,930.36,26.2,6.46,76.61,44.74,56.4,52.28
Uttar Pradesh,Wheat,Rabi       ,930.36,26.2,5.54,70.92,50.43,60.73,3.077222222
Uttarakhand,Maize,Kharif     ,1784.83,18.67,5.73,66.92,48.47,59.65,1.386153846
Uttarakhand,Maize,Rabi       ,1784.83,18.67,7.27,84.81,47.09,62.63,1.896666667
Uttarakhand,Potato,Kharif     ,1784.83,18.67,7.27,79.85,46.12,47.29,8.47
Uttarakhand,Potato,Rabi       ,1784.83,18.67,7.29,74.3,49.83,56.3,12.43307692
Uttarakhand,Rice,Kharif     ,1784.83,18.67,6.81,87.04,42.41,50.09,1.540769231
Uttarakhand,Rice,Rabi       ,1784.83,18.67,5.84,75.42,50.43,55.88,2.25
Uttarakhand,Sugarcane,Whole Year ,1784.83,18.67,5.91,86.46,45.16,60.34,61.34
Uttarakhand,Wheat,Rabi       ,1784.83,18.67,7.03,71.18,48.78,51.53,1.863846154
Jammu and Kashmir,Maize,Kharif     ,870.52,9.68,7.43,80.73,44.97,60.21,1.5675
Jammu and Kashmir,Potato,Kharif     ,870.52,9.68,5.6,65.44,49.31,54.5,6.053333333
Jammu and Kashmir,Potato,Rabi       ,870.52,9.68,5.87,67.14,47.74,62.11,17.04
Jammu and Kashmir,Rice,Kharif     ,870.52,9.68,6.12,69.45,49.05,52.34,1.874
Jammu and Kashmir,Sugarcane,Kharif     ,870.52,9.68,7.21,78.41,39.92,60.05,1.5
Jammu and Kashmir,Wheat,Rabi       ,870.52,9.68,6.4,74.81,49.05,56.15,1.468
Jharkhand,Potato,Rabi       ,943.47,24.38,5.61,86.13,49.69,59.52,5.753333333
Jharkhand,Wheat,Rabi       ,943.47,24.38,6.41,88.27,50.21,60.95,1.091666667
West Bengal,Maize,Autumn     ,1356.15,26.24,5.65,84.18,44.15,50.67,2.453846154
West Bengal,Maize,Rabi       ,1356.15,26.24,6.68,72.47,50.05,56.42,3.234545455
West Bengal,Maize,Summer     ,1356.15,26.24,7.43,69.63,52.7,50.28,2.883529412
West Bengal,Potato,Rabi       ,1356.15,26.24,7.33,78.99,52.64,59.48,29.27833333
West Bengal,Potato,Summer     ,1356.15,26.24,7.07,72.56,52.73,61.35,12.2
West Bengal,Rice,Autumn     ,1356.15,26.24,5.57,75.75,48.94,53.71,2.081666667
West Bengal,Rice,Summer     ,1356.15,26.24,5.96,70.81,43.75,59.36,3.123888889
West Bengal,Rice,Winter     ,1356.15,26.24,6.07,87.18,44.69,49.41,2.487222222
West Bengal,Sugarcane,Whole Year ,1356.15,26.24,5.66,84.98,52.66,50.76,75.264
West Bengal,Wheat,Rabi       ,1356.15,26.24,6.17,81.59,54.78,56.72,2.496666667
Bihar,Maize,Autumn     ,1038.06,25.78,6.2,73.37,48.11,58.02,2.402432432
Bihar,Maize,Rabi       ,1038.06,25.78,6.6,82.12,44.41,51.73,4.221764706
Bihar,Maize,Summer     ,1038.06,25.78,5.74,69.02,43.59,61.07,4.129166667
Bihar,Rice,Autumn     ,1038.06,25.78,6.14,83.7,44.99,54.84,1.546774194
Bihar,Rice,Summer     ,1038.06,25.78,6.68,66.89,42.32,53.85,1.736190476
Bihar,Rice,Winter     ,1038.06,25.78,7.31,64.82,48.26,57.9,2.491578947
Bihar,Wheat,Rabi       ,1038.06,25.78,6.61,83.17,46.17,56.89,3.028684211
Chhattisgarh,Maize,Kharif     ,1521.67,25.56,6.23,85.54,41.88,58.97,1.542592593
Chhattisgarh,Potato,Kharif     ,1521.67,25.56,6.98,66.27,48.85,47.52,6.5875
Chhattisgarh,Potato,Rabi       ,1521.67,25.56,7.41,67.19,47.63,55.8,6.285833333
Chhattisgarh,Rice,Kharif     ,1521.67,25.56,5.82,85.13,44.31,57.05,1.527777778
Chhattisgarh,Sugarcane,Whole Year ,1521.67,25.56,5.91,89.24,50.78,54.84,7.9008
Chhattisgarh,Wheat,Rabi       ,1521.67,25.56,5.53,71.75,50.13,57.34,1.512
Gujarat,Maize,Kharif     ,721.98,27.33,6.53,81.96,43.86,61.38,1.466
Gujarat,Maize,Rabi       ,721.98,27.33,5.94,84.99,52.65,51.92,2.026363636
Gujarat,Maize,Summer     ,721.98,27.33,6.28,73.47,51.47,57.48,1.792857143
Gujarat,Potato,Whole Year ,721.98,27.33,5.74,79.5,51.02,54.9,21.34230769
Gujarat,Rice,Kharif     ,721.98,27.33,6.68,68.67,46.28,48.06,1.951666667
Gujarat,Rice,Summer     ,721.98,27.33,6.86,82.26,54.11,57.53,3.122222222
Gujarat,Sugarcane,Whole Year ,721.98,27.33,6.2,84.37,49.91,54.8,58.77166667
Gujarat,Wheat,Rabi       ,721.98,27.33,7.4,84.48,48.31,51.81,3.01
Haryana,Maize,Kharif     ,1247.88,23.37,6.07,79.95,52.14,62.91,1.145
Haryana,Potato,Whole Year ,1247.88,23.37,7.29,71.06,43.18,60.73,20.60733333
Haryana,Rice,Kharif     ,1247.88,23.37,5.84,72.09,44.93,52.29,2.63047619
Haryana,Sugarcane,Whole Year ,1247.88,23.37,6.27,84.93,41.75,61.48,5.534761905
Haryana,Wheat,Rabi       ,1247.88,23.37,6.03,81.25,54.99,56.06,5.031904762
Himachal Pradesh,Maize,Kharif     ,1302.73,20.45,6.51,85.07,51.3,53.72,2.435
Himachal Pradesh,Potato,Kharif     ,1302.73,20.45,7.4,68.62,42.36,62.48,11.144
Himachal Pradesh,Potato,Rabi       ,1302.73,20.45,6.84,72.38,51.43,50.21,4.865
Himachal Pradesh,Rice,Kharif     ,1302.73,20.45,5.79,72.56,46.1,60.44,1.545454545
Himachal Pradesh,Sugarcane,Whole Year ,1302.73,20.45,6.07,75.91,49.76,52.61,10.67857143
Himachal Pradesh,Wheat,Rabi       ,1302.73,20.45,6.62,67.73,43.97,47.76,1.423333333
Madhya Pradesh,Maize,Kharif     ,1520.33,24.92,6.05,88.94,43.44,47.36,1.111428571
Madhya Pradesh,Potato,Whole Year ,1520.33,24.92,6.81,86.55,50.05,48.14,11.689375
Madhya Pradesh,Rice,Kharif     ,1520.33,24.92,6.87,75.0,53.93,51.69,1.400416667
Madhya Pradesh,Sugarcane,Whole Year ,1520.33,24.92,6.53,80.56,43.09,58.36,26.90304348
Madhya Pradesh,Wheat,Rabi       ,1520.33,24.92,7.09,79.56,46.92,52.44,2.5908
Maharashtra,Maize,Kharif     ,2598.42,26.51,5.58,75.45,45.34,59.83,2.101851852
Maharashtra,Maize,Rabi       ,2598.42,26.51,6.73,66.83,53.81,51.72,2.656666667
Maharashtra,Maize,Summer     ,2598.42,26.51,7.38,68.49,49.36,59.67,1.311666667
Maharashtra,Rice,Kharif     ,2598.42,26.51,6.47,76.73,48.18,51.83,1.319642857
Maharashtra,Rice,Summer     ,2598.42,26.51,5.96,69.21,47.38,60.61,2.427777778
Maharashtra,Sugarcane,Whole Year ,2598.42,26.51,6.78,75.03,45.7,51.79,76.54074074
Maharashtra,Wheat,Rabi       ,2598.42,26.51,6.63,70.32,55.73,50.48,1.646666667
Manipur,Maize,Kharif     ,1512.52,19.84,6.15,81.23,49.36,53.4,1.696666667
Manipur,Maize,Rabi       ,1512.52,19.84,5.96,77.32,46.08,54.0,2.156666667
Manipur,Potato,Whole Year ,1512.52,19.84,5.97,73.1,52.52,47.58,8.478888889
Manipur,Rice,Kharif     ,1512.52,19.84,7.29,75.68,44.57,50.59,2.34
Manipur,Sugarcane,Whole Year ,1512.52,19.84,6.94,72.44,42.51,51.98,57.67333333
Manipur,Wheat,Rabi       ,1512.52,19.84,5.59,86.27,54.65,57.23,2.473333333
Mizoram,Maize,Kharif     ,1855.02,22.61,7.21,75.51,45.05,60.66,1.32
Mizoram,Maize,Rabi       ,1855.02,22.61,7.16,75.44,44.07,54.07,1.326666667
Mizoram,Potato,Kharif     ,1855.02,22.61,6.41,79.72,49.2,60.19,5.87
Mizoram,Potato,Rabi       ,1855.02,22.61,7.2,71.84,48.56,56.16,5.865
Mizoram,Rice,Autumn     ,1855.02,22.61,7.2,75.0,44.12,56.37,1.04125
Mizoram,Rice,Kharif     ,1855.02,22.61,6.48,66.13,42.36,59.21,2.03125
Mizoram,Rice,Rabi       ,1855.02,22.61,6.57,65.02,44.48,55.76,2.3775
Mizoram,Sugarcane,Whole Year ,1855.02,22.61,7.01,68.28,46.38,51.02,5.845
Nagaland,Maize,Kharif     ,1416.22,17.62,7.05,73.23,40.14,48.28,1.954545455
Nagaland,Maize,Rabi       ,1416.22,17.62,5.99,87.63,41.32,50.58,1.956666667
Nagaland,Potato,Rabi       ,1416.22,17.62,6.64,68.74,44.09,46.93,9.018181818
Nagaland,Rice,Kharif     ,1416.22,17.62,6.38,70.04,43.07,56.19,2.049090909
Nagaland,Rice,Rabi       ,1416.22,17.62,6.25,78.65,42.08,58.78,2.34
Nagaland,Sugarcane,Kharif     ,1416.22,17.62,6.88,79.23,51.78,58.81,43.49818182
Nagaland,Wheat,Rabi       ,1416.22,17.62,6.02,73.77,42.48,53.79,1.711111111
Punjab,Maize,Kharif     ,1247.88,23.37,7.18,84.97,52.83,62.31,4.359090909
Punjab,Rice,Kharif     ,1247.88,23.37,6.41,70.99,45.54,48.88,3.7495
Punjab,Sugarcane,Whole Year ,1247.88,23.37,7.34,67.16,44.9,58.43,71.17333333
Punjab,Wheat,Rabi       ,1247.88,23.37,6.98,83.98,50.08,63.76,5.0675
Tripura,Maize,Kharif     ,1629.61,25.2,5.78,80.65,44.39,58.49,1.3375
Tripura,Rice,Kharif     ,1629.61,25.2,7.17,83.25,52.5,54.15,2.63
Tripura,Sugarcane,Whole Year ,1629.61,25.2,6.87,86.56,53.41,62.09,48.8375
Tripura,Wheat,Rabi       ,1629.61,25.2,6.88,77.81,43.45,61.59,1.9375
Uttar Pradesh,Maize,Kharif     ,1188.78,25.29,7.12,85.08,40.88,48.69,1.535352113
Uttar Pradesh,Maize,Rabi       ,1188.78,25.29,6.77,89.66,51.7,60.61,2.371153846
Uttar Pradesh,Maize,Summer     ,1188.78,25.29,7.15,71.21,43.63,55.26,1.666065574
Uttar Pradesh,Potato,Rabi       ,1188.78,25.29,6.81,85.92,49.77,54.57,21.50819444
Uttar Pradesh,Rice,Kharif     ,1188.78,25.29,6.63,65.36,51.63,61.85,2.294444444
Uttar Pradesh,Rice,Summer     ,1188.78,25.29,5.69,73.1,49.88,59.02,2.335909091
Uttar Pradesh,Sugarcane,Kharif     ,1188.78,25.29,6.89,76.31,50.25,53.79,55.13875
Uttar Pradesh,Wheat,Rabi       ,1188.78,25.29,6.77,69.87,52.15,55.0,3.253333333
Uttarakhand,Maize,Kharif     ,1594.41,17.27,7.34,72.22,45.73,60.38,1.37
Uttarakhand,Maize,Summer     ,1594.41,17.27,7.42,86.89,51.1,58.15,1.873333333
Uttarakhand,Potato,Kharif     ,1594.41,17.27,6.98,85.33,40.87,59.43,9.606363636
Uttarakhand,Potato,Rabi       ,1594.41,17.27,6.47,71.98,51.01,48.91,11.08923077
Uttarakhand,Rice,Kharif     ,1594.41,17.27,5.67,74.0,40.88,58.5,1.684615385
Uttarakhand,Rice,Summer     ,1594.41,17.27,5.99,84.62,45.25,54.93,3.31
Uttarakhand,Sugarcane,Whole Year ,1594.41,17.27,6.79,76.51,42.94,60.28,61.1
Uttarakhand,Wheat,Rabi       ,1594.41,17.27,6.57,85.03,53.68,57.7,1.873076923
Jharkhand,Maize,Autumn     ,1642.21,23.17,6.32,86.72,50.75,52.59,1.34625
Jharkhand,Potato,Rabi       ,1642.21,23.17,5.98,73.65,45.17,51.39,7.81625
Jharkhand,Potato,Winter     ,1642.21,23.17,6.42,81.98,54.03,57.54,7.600909091
Jharkhand,Rice,Autumn     ,1642.21,23.17,7.29,75.1,53.87,61.33,0.79173913
Jharkhand,Rice,Winter     ,1642.21,23.17,6.04,67.77,44.84,49.83,1.554166667
Jharkhand,Sugarcane,Whole Year ,1642.21,23.17,6.46,85.59,52.81,48.11,33.58888889
Jharkhand,Wheat,Rabi       ,1642.21,23.17,5.57,77.44,44.33,53.65,1.486666667
West Bengal,Maize,Autumn     ,1715.87,25.68,7.04,67.43,46.31,61.36,2.037272727
West Bengal,Maize,Rabi       ,1715.87,25.68,7.16,75.64,40.27,57.4,3.447272727
West Bengal,Maize,Summer     ,1715.87,25.68,7.17,68.99,41.3,49.62,2.755555556
West Bengal,Potato,Rabi       ,1715.87,25.68,7.32,68.25,52.44,48.41,26.11722222
West Bengal,Potato,Summer     ,1715.87,25.68,6.44,81.51,50.28,48.58,12.1
West Bengal,Rice,Autumn     ,1715.87,25.68,6.61,78.14,49.7,61.48,2.072222222
West Bengal,Rice,Summer     ,1715.87,25.68,5.9,77.78,41.75,60.54,3.035
West Bengal,Rice,Winter     ,1715.87,25.68,7.38,84.88,45.15,58.96,2.475555556
West Bengal,Sugarcane,Whole Year ,1715.87,25.68,6.15,83.29,40.9,55.59,107.9205882
West Bengal,Wheat,Rabi       ,1715.87,25.68,6.21,79.52,54.24,58.65,2.49
Bihar,Maize,Autumn     ,991.23,25.74,7.03,69.23,43.25,48.63,3.673513514
Bihar,Maize,Rabi       ,991.23,25.74,7.24,79.07,44.74,50.47,3.189714286
Bihar,Maize,Summer     ,991.23,25.74,5.61,83.4,51.89,48.56,5.096756757
Bihar,Rice,Autumn     ,991.23,25.74,6.74,78.35,53.58,56.92,1.743793103
Bihar,Rice,Summer     ,991.23,25.74,7.12,84.8,50.84,60.24,2.396086957
Bihar,Rice,Winter     ,991.23,25.74,6.36,69.28,49.57,49.19,2.567894737
Bihar,Sugarcane,Whole Year ,991.23,25.74,6.02,68.76,47.11,47.76,59.25057143
Bihar,Wheat,Rabi       ,991.23,25.74,6.21,73.32,41.66,53.54,2.749210526
Chhattisgarh,Maize,Kharif     ,1537.64,26.0,5.8,66.85,50.11,49.27,1.844814815
Chhattisgarh,Potato,Kharif     ,1537.64,26.0,5.6,65.93,43.19,53.92,6.890909091
Chhattisgarh,Potato,Rabi       ,1537.64,26.0,7.22,83.49,53.39,62.3,7.416521739
Chhattisgarh,Rice,Kharif     ,1537.64,26.0,6.02,66.8,46.39,60.56,1.91962963
Chhattisgarh,Sugarcane,Whole Year ,1537.64,26.0,6.82,74.59,42.11,55.95,3.100434783
Chhattisgarh,Wheat,Rabi       ,1537.64,26.0,6.0,82.21,53.56,58.32,1.6104
Gujarat,Maize,Kharif     ,545.72,27.41,6.55,84.23,42.87,49.77,1.673888889
Gujarat,Maize,Rabi       ,545.72,27.41,5.8,72.41,41.46,61.75,1.858
Gujarat,Maize,Summer     ,545.72,27.41,7.46,82.62,44.98,57.04,1.715
Gujarat,Potato,Whole Year ,545.72,27.41,6.48,76.25,50.7,55.49,22.71333333
Gujarat,Rice,Kharif     ,545.72,27.41,6.63,70.6,53.39,56.67,1.98
Gujarat,Rice,Summer     ,545.72,27.41,7.05,75.74,43.97,48.91,2.943
Gujarat,Sugarcane,Whole Year ,545.72,27.41,7.41,83.55,40.06,52.09,6.957272727
Gujarat,Wheat,Rabi       ,545.72,27.41,6.02,74.43,54.22,49.24,2.9216
Haryana,Maize,Kharif     ,851.78,24.1,6.95,69.8,53.0,52.87,1.236
Haryana,Potato,Whole Year ,851.78,24.1,6.62,74.22,40.52,50.2,22.85384615
Haryana,Rice,Kharif     ,851.78,24.1,5.54,80.05,47.49,57.46,3.041
Haryana,Sugarcane,Whole Year ,851.78,24.1,6.59,84.93,46.46,63.01,61.4215
Haryana,Wheat,Rabi       ,851.78,24.1,6.0,77.44,41.73,63.09,4.409047619
Himachal Pradesh,Maize,Kharif     ,878.81,21.07,7.28,79.54,42.78,49.36,2.4975
Himachal Pradesh,Potato,Kharif     ,878.81,21.07,7.42,86.04,43.94,52.29,10.782
Himachal Pradesh,Potato,Rabi       ,878.81,21.07,7.36,67.16,42.48,58.43,4.953
Himachal Pradesh,Rice,Kharif     ,878.81,21.07,6.29,74.2,46.75,61.13,1.577272727
Himachal Pradesh,Sugarcane,Whole Year ,878.81,21.07,6.56,83.63,41.6,58.09,16.37571429
Himachal Pradesh,Wheat,Rabi       ,878.81,21.07,5.87,80.0,43.04,57.47,1.894166667
Madhya Pradesh,Maize,Kharif     ,1151.49,24.91,5.97,84.98,40.61,51.11,2.280204082
Madhya Pradesh,Potato,Whole Year ,1151.49,24.91,7.14,69.61,50.12,60.32,13.99122449
Madhya Pradesh,Rice,Kharif     ,1151.49,24.91,6.68,82.83,50.3,62.36,1.631041667
Madhya Pradesh,Sugarcane,Whole Year ,1151.49,24.91,7.21,67.97,50.98,52.15,36.84958333
Madhya Pradesh,Wheat,Rabi       ,1151.49,24.91,6.26,88.16,42.19,54.54,2.8566
Maharashtra,Maize,Kharif     ,1824.51,26.44,6.96,76.44,53.81,57.68,1.825769231
Maharashtra,Maize,Rabi       ,1824.51,26.44,6.46,69.17,44.7,56.79,1.665
Maharashtra,Maize,Summer     ,1824.51,26.44,5.99,84.5,41.0,62.29,1.124444444
Maharashtra,Rice,Kharif     ,1824.51,26.44,5.71,78.73,51.55,52.69,1.316153846
Maharashtra,Rice,Summer     ,1824.51,26.44,7.43,70.58,48.54,62.25,2.38
Maharashtra,Sugarcane,Whole Year ,1824.51,26.44,5.85,69.79,45.12,54.29,73.4448
Maharashtra,Wheat,Rabi       ,1824.51,26.44,6.58,84.28,47.05,50.23,1.461034483
Manipur,Maize,Kharif     ,1379.58,20.18,6.13,88.59,51.85,49.14,1.998888889
Manipur,Maize,Rabi       ,1379.58,20.18,6.58,77.74,48.06,60.57,2.796666667
Manipur,Potato,Whole Year ,1379.58,20.18,6.21,70.64,54.32,62.55,8.478888889
Manipur,Rice,Kharif     ,1379.58,20.18,6.14,84.94,41.93,58.33,1.937777778
Manipur,Sugarcane,Whole Year ,1379.58,20.18,7.35,88.14,47.5,58.85,53.21444444
Manipur,Wheat,Rabi       ,1379.58,20.18,5.67,77.1,44.91,53.73,2.5
Mizoram,Maize,Kharif     ,1767.63,22.85,7.38,85.2,41.56,50.84,1.375
Mizoram,Maize,Rabi       ,1767.63,22.85,6.16,82.6,52.94,55.5,2.025
Mizoram,Potato,Kharif     ,1767.63,22.85,6.02,79.87,51.81,61.02,7.02
Mizoram,Potato,Rabi       ,1767.63,22.85,6.57,71.2,42.96,56.17,6.02
Mizoram,Rice,Autumn     ,1767.63,22.85,7.35,67.78,49.95,55.85,1.095
Mizoram,Rice,Kharif     ,1767.63,22.85,7.36,77.75,51.81,50.77,2.2925
Mizoram,Rice,Rabi       ,1767.63,22.85,6.48,82.85,49.05,62.17,2.3525
Mizoram,Sugarcane,Whole Year ,1767.63,22.85,7.47,86.26,41.23,61.39,6.69125
Nagaland,Maize,Kharif     ,1329.04,17.95,7.15,67.61,50.61,50.07,1.955454545
Nagaland,Maize,Rabi       ,1329.04,17.95,6.89,68.51,51.25,55.74,1.96
Nagaland,Potato,Rabi       ,1329.04,17.95,5.71,82.42,43.29,54.12,9.98
Nagaland,Rice,Kharif     ,1329.04,17.95,5.98,77.77,48.19,59.16,2.15
Nagaland,Rice,Rabi       ,1329.04,17.95,6.74,86.63,44.35,61.12,2.52
Nagaland,Sugarcane,Kharif     ,1329.04,17.95,6.64,66.9,47.98,52.7,43.52
Nagaland,Wheat,Rabi       ,1329.04,17.95,7.01,85.28,48.98,58.83,1.797777778
Punjab,Maize,Kharif     ,851.78,24.1,6.6,77.04,47.44,55.51,3.5125
Punjab,Rice,Kharif     ,851.78,24.1,7.12,75.64,48.7,52.68,3.923636364
Punjab,Sugarcane,Whole Year ,851.78,24.1,5.94,82.3,40.57,60.82,72.55625
Punjab,Wheat,Rabi       ,851.78,24.1,6.73,74.53,42.42,48.08,4.677272727
Tamil Nadu,Maize,Kharif     ,1004.69,27.97,6.99,88.07,46.45,60.85,3.498214286
Tamil Nadu,Rice,Kharif     ,1004.69,27.97,5.56,66.26,45.35,61.27,3.293225806
Tamil Nadu,Sugarcane,Whole Year ,1004.69,27.97,6.54,66.44,53.79,57.72,93.54354839
Tripura,Maize,Kharif     ,1717.8,25.04,6.02,88.32,45.01,53.45,1.3175
Tripura,Rice,Kharif     ,1717.8,25.04,6.99,76.24,51.57,51.5,2.78
Tripura,Sugarcane,Whole Year ,1717.8,25.04,7.2,85.35,47.63,49.26,51.42875
Tripura,Wheat,Rabi       ,1717.8,25.04,6.88,89.62,52.59,62.55,2.43625
Uttar Pradesh,Maize,Kharif     ,1108.06,25.28,5.75,88.5,53.49,57.1,1.696666667
Uttar Pradesh,Maize,Rabi       ,1108.06,25.28,5.76,85.27,49.85,51.75,3.108695652
Uttar Pradesh,Maize,Summer     ,1108.06,25.28,6.95,72.4,47.13,53.94,1.849677419
Uttar Pradesh,Potato,Rabi       ,1108.06,25.28,6.37,78.83,42.45,59.69,22.3752
Uttar Pradesh,Rice,Kharif     ,1108.06,25.28,7.27,66.31,46.79,53.9,2.4092
Uttar Pradesh,Rice,Summer     ,1108.06,25.28,6.6,79.32,50.26,57.11,2.434761905
Uttar Pradesh,Sugarcane,Kharif     ,1108.06,25.28,6.63,79.24,47.46,47.68,56.98173333
Uttar Pradesh,Wheat,Rabi       ,1108.06,25.28,6.01,79.77,53.76,51.48,3.2492
Uttarakhand,Maize,Kharif     ,1287.03,17.79,5.62,84.1,45.28,60.39,1.387692308
Uttarakhand,Maize,Summer     ,1287.03,17.79,6.71,66.93,46.65,52.94,1.453333333
Uttarakhand,Potato,Kharif     ,1287.03,17.79,5.65,65.52,53.87,54.45,8.705454545
Uttarakhand,Potato,Rabi       ,1287.03,17.79,6.81,65.75,54.18,61.03,11.07461538
Uttarakhand,Rice,Kharif     ,1287.03,17.79,6.17,80.51,46.44,59.07,1.750769231
Uttarakhand,Rice,Summer     ,1287.03,17.79,6.42,78.36,51.62,63.69,3.21
Uttarakhand,Sugarcane,Whole Year ,1287.03,17.79,6.75,79.77,47.19,63.41,61.14
Uttarakhand,Wheat,Rabi       ,1287.03,17.79,5.8,76.51,44.41,63.28,1.954615385
Jharkhand,Maize,Autumn     ,1362.87,23.11,6.64,89.27,53.13,54.13,1.367916667
Jharkhand,Potato,Rabi       ,1362.87,23.11,5.61,71.64,49.46,56.65,7.279583333
Jharkhand,Potato,Winter     ,1362.87,23.11,6.07,86.7,52.38,54.18,6.298695652
Jharkhand,Rice,Autumn     ,1362.87,23.11,6.81,72.22,44.46,50.79,0.761304348
Jharkhand,Rice,Winter     ,1362.87,23.11,5.71,71.02,51.95,62.18,1.338333333
Jharkhand,Sugarcane,Whole Year ,1362.87,23.11,6.14,84.47,42.31,62.27,46.728
Jharkhand,Wheat,Rabi       ,1362.87,23.11,5.53,76.88,44.26,47.6,1.663333333
West Bengal,Maize,Autumn     ,1211.46,25.62,7.16,82.74,41.4,47.32,2.358
West Bengal,Maize,Rabi       ,1211.46,25.62,5.71,85.69,46.27,50.24,3.544166667
West Bengal,Maize,Summer     ,1211.46,25.62,5.95,77.89,53.73,48.4,2.873888889
West Bengal,Potato,Rabi       ,1211.46,25.62,7.03,74.14,54.5,58.76,28.56444444
West Bengal,Potato,Summer     ,1211.46,25.62,6.07,80.45,46.83,56.05,12.0
West Bengal,Rice,Autumn     ,1211.46,25.62,6.58,81.84,53.98,63.02,2.259444444
West Bengal,Rice,Summer     ,1211.46,25.62,6.94,87.36,47.08,56.24,3.206111111
West Bengal,Rice,Winter     ,1211.46,25.62,6.36,74.88,53.18,57.1,2.53
West Bengal,Sugarcane,Whole Year ,1211.46,25.62,6.75,82.75,43.14,58.97,99.781875
West Bengal,Wheat,Rabi       ,1211.46,25.62,6.96,68.48,55.65,49.69,2.555
Bihar,Maize,Autumn     ,941.26,25.46,7.26,72.73,54.01,58.33,2.933783784
Bihar,Maize,Rabi       ,941.26,25.46,6.43,68.15,50.28,56.91,4.180294118
Bihar,Maize,Summer     ,941.26,25.46,6.23,87.02,51.73,54.45,4.573243243
Bihar,Rice,Autumn     ,941.26,25.46,5.88,82.47,42.18,61.63,1.413
Bihar,Rice,Summer     ,941.26,25.46,5.59,81.61,45.7,47.71,2.233157895
Bihar,Rice,Winter     ,941.26,25.46,6.57,85.11,51.55,55.05,2.066842105
Bihar,Sugarcane,Whole Year ,941.26,25.46,7.15,85.4,40.76,53.72,51.20944444
Bihar,Wheat,Rabi       ,941.26,25.46,6.78,72.98,46.58,51.01,2.835
Chhattisgarh,Maize,Kharif     ,1643.6,25.85,5.77,77.81,44.43,51.37,1.981481481
Chhattisgarh,Maize,Rabi       ,1643.6,25.85,6.75,88.87,41.05,51.03,3.55
Chhattisgarh,Maize,Summer     ,1643.6,25.85,7.05,77.61,51.68,56.45,1.83
Chhattisgarh,Potato,Kharif     ,1643.6,25.85,5.75,84.15,42.36,56.79,5.703846154
Chhattisgarh,Potato,Rabi       ,1643.6,25.85,5.65,85.75,51.25,54.51,5.766190476
Chhattisgarh,Rice,Kharif     ,1643.6,25.85,5.57,77.48,54.21,53.64,1.75037037
Chhattisgarh,Sugarcane,Kharif     ,1643.6,25.85,6.21,66.49,53.14,63.13,48.28
Chhattisgarh,Sugarcane,Whole Year ,1643.6,25.85,7.21,83.63,45.91,54.45,2.935652174
Chhattisgarh,Wheat,Rabi       ,1643.6,25.85,7.05,75.61,53.79,56.62,1.5332
Gujarat,Maize,Kharif     ,998.76,26.68,6.62,84.3,41.39,53.96,1.345
Gujarat,Maize,Rabi       ,998.76,26.68,6.86,71.05,50.17,57.25,2.120714286
Gujarat,Maize,Summer     ,998.76,26.68,7.07,67.28,48.03,47.61,1.894
Gujarat,Potato,Whole Year ,998.76,26.68,6.26,76.47,50.7,51.45,26.01307692
Gujarat,Rice,Kharif     ,998.76,26.68,7.4,72.66,50.6,58.49,1.939411765
Gujarat,Rice,Summer     ,998.76,26.68,6.16,75.16,49.13,61.57,3.133636364
Gujarat,Sugarcane,Whole Year ,998.76,26.68,7.13,87.59,44.05,57.72,60.88571429
Gujarat,Wheat,Rabi       ,998.76,26.68,5.61,81.96,45.37,57.05,3.072
Haryana,Maize,Kharif     ,1403.69,23.55,6.68,82.52,41.35,62.87,3.2
Haryana,Potato,Whole Year ,1403.69,23.55,6.37,85.59,43.19,48.71,23.14047619
Haryana,Rice,Kharif     ,1403.69,23.55,7.4,83.3,48.57,62.78,3.112
Haryana,Sugarcane,Whole Year ,1403.69,23.55,5.93,71.76,53.79,54.82,74.98714286
Haryana,Wheat,Rabi       ,1403.69,23.55,6.5,90.56,51.03,59.13,4.623809524
Himachal Pradesh,Maize,Kharif     ,1480.17,20.83,6.96,67.85,50.95,51.47,2.336666667
Himachal Pradesh,Potato,Kharif     ,1480.17,20.83,6.55,82.92,48.03,57.0,10.642
Himachal Pradesh,Potato,Rabi       ,1480.17,20.83,5.93,79.03,44.41,49.35,4.882
Himachal Pradesh,Rice,Kharif     ,1480.17,20.83,6.75,70.55,51.07,53.71,1.565454545
Himachal Pradesh,Sugarcane,Whole Year ,1480.17,20.83,6.5,88.8,52.39,54.03,3.07
Himachal Pradesh,Wheat,Rabi       ,1480.17,20.83,5.97,74.11,42.12,57.75,0.786666667
Madhya Pradesh,Maize,Kharif     ,1627.55,24.61,7.03,69.8,52.22,55.47,1.5412
Madhya Pradesh,Potato,Whole Year ,1627.55,24.61,7.37,86.07,48.11,52.15,13.117
Madhya Pradesh,Rice,Kharif     ,1627.55,24.61,5.86,79.32,50.61,51.24,1.410204082
Madhya Pradesh,Sugarcane,Whole Year ,1627.55,24.61,6.63,66.82,43.37,63.39,39.73108696
Madhya Pradesh,Wheat,Rabi       ,1627.55,24.61,6.76,69.78,52.62,60.37,2.538431373
Maharashtra,Maize,Kharif     ,2470.43,26.41,6.55,71.99,50.11,48.53,2.6244
Maharashtra,Maize,Rabi       ,2470.43,26.41,7.45,77.39,48.81,50.52,2.4765
Maharashtra,Maize,Summer     ,2470.43,26.41,6.38,88.22,53.89,50.14,1.265833333
Maharashtra,Rice,Kharif     ,2470.43,26.41,6.34,72.22,53.89,62.35,1.436
Maharashtra,Rice,Summer     ,2470.43,26.41,7.21,84.43,53.39,50.52,2.423333333
Maharashtra,Sugarcane,Whole Year ,2470.43,26.41,6.1,67.7,46.0,56.27,79.05115385
Maharashtra,Wheat,Rabi       ,2470.43,26.41,6.1,82.67,54.12,58.57,1.462413793
Manipur,Maize,Kharif     ,1661.09,20.42,6.67,81.95,40.11,61.5,2.186666667
Manipur,Maize,Rabi       ,1661.09,20.42,7.29,81.64,49.0,55.84,2.408888889
Manipur,Potato,Whole Year ,1661.09,20.42,6.54,72.26,40.88,50.47,8.48
Manipur,Rice,Kharif     ,1661.09,20.42,6.71,76.09,45.83,60.71,2.354444444
Manipur,Sugarcane,Whole Year ,1661.09,20.42,6.54,76.93,46.83,54.57,57.03888889
Manipur,Wheat,Rabi       ,1661.09,20.42,7.06,70.74,52.18,60.07,2.495
Mizoram,Maize,Kharif     ,1923.24,23.06,6.54,88.77,51.0,55.11,1.65625
Mizoram,Maize,Rabi       ,1923.24,23.06,6.96,84.24,50.33,61.12,1.4325
Mizoram,Potato,Kharif     ,1923.24,23.06,5.59,69.16,41.66,47.54,7.01
Mizoram,Rice,Autumn     ,1923.24,23.06,6.75,76.9,43.78,50.37,1.10625
Mizoram,Rice,Kharif     ,1923.24,23.06,6.8,71.72,52.44,49.79,2.1475
Mizoram,Rice,Rabi       ,1923.24,23.06,7.16,80.73,45.22,51.96,1.666666667
Mizoram,Sugarcane,Whole Year ,1923.24,23.06,6.65,82.38,42.09,50.1,6.84375
Nagaland,Maize,Kharif     ,1494.03,18.39,6.77,75.18,49.2,60.1,1.97
Nagaland,Maize,Rabi       ,1494.03,18.39,5.65,74.22,45.37,48.7,1.971666667
Nagaland,Potato,Rabi       ,1494.03,18.39,7.3,82.79,47.49,53.1,10.01090909
Nagaland,Rice,Kharif     ,1494.03,18.39,5.61,79.36,42.44,56.86,2.203636364
Nagaland,Rice,Rabi       ,1494.03,18.39,5.54,64.78,54.51,51.34,2.633333333
Nagaland,Wheat,Rabi       ,1494.03,18.39,7.15,81.87,55.39,48.55,1.824444444
Punjab,Maize,Kharif     ,1403.69,23.55,6.39,80.19,43.13,54.28,4.231428571
Punjab,Rice,Kharif     ,1403.69,23.55,6.44,85.9,43.79,62.57,3.834090909
Punjab,Sugarcane,Whole Year ,1403.69,23.55,7.15,80.77,42.81,51.73,77.713125
Punjab,Wheat,Rabi       ,1403.69,23.55,6.49,89.72,53.74,49.2,4.936818182
Telangana,Maize,Kharif     ,1008.16,25.5,5.83,80.42,51.84,52.35,4.022222222
Telangana,Maize,Rabi       ,1008.16,25.5,6.57,81.91,41.75,47.13,5.292222222
Telangana,Potato,Whole Year ,1008.16,25.5,5.89,68.24,43.62,55.81,14.71
Telangana,Rice,Kharif     ,1008.16,25.5,5.59,64.77,48.96,49.38,3.115555556
Telangana,Rice,Rabi       ,1008.16,25.5,6.26,67.82,54.7,54.68,3.203333333
Telangana,Sugarcane,Kharif     ,1008.16,25.5,6.06,81.09,51.57,49.53,83.91888889
Telangana,Wheat,Rabi       ,1008.16,25.5,5.54,81.88,48.1,56.85,0.74
Tripura,Maize,Kharif     ,1833.61,25.28,6.77,85.37,46.6,54.14,1.29375
Tripura,Rice,Kharif     ,1833.61,25.28,6.99,68.94,45.11,53.24,2.775
Tripura,Sugarcane,Whole Year ,1833.61,25.28,5.69,73.04,50.51,60.54,52.1675
Tripura,Wheat,Rabi       ,1833.61,25.28,7.1,83.63,47.84,63.05,1.93375
Uttar Pradesh,Maize,Kharif     ,1238.3,25.01,6.65,70.36,44.58,47.88,1.702
Uttar Pradesh,Maize,Rabi       ,1238.3,25.01,6.25,85.93,40.71,62.9,3.5572
Uttar Pradesh,Maize,Summer     ,1238.3,25.01,7.1,75.49,51.09,47.93,1.840877193
Uttar Pradesh,Potato,Rabi       ,1238.3,25.01,6.21,83.11,42.76,48.54,19.44533333
Uttar Pradesh,Rice,Kharif     ,1238.3,25.01,5.55,84.79,51.25,60.61,2.396133333
Uttar Pradesh,Rice,Summer     ,1238.3,25.01,5.55,68.16,54.81,59.43,2.479047619
Uttar Pradesh,Sugarcane,Kharif     ,1238.3,25.01,6.75,68.34,45.91,60.38,59.1904
Uttar Pradesh,Wheat,Rabi       ,1238.3,25.01,6.19,88.18,44.34,50.28,3.2156
Uttarakhand,Maize,Kharif     ,1933.36,17.72,6.91,89.38,50.53,57.19,1.412307692
Uttarakhand,Maize,Summer     ,1933.36,17.72,5.76,87.23,52.49,61.11,2.4325
Uttarakhand,Potato,Kharif     ,1933.36,17.72,7.4,70.79,41.87,61.1,9.480909091
Uttarakhand,Potato,Rabi       ,1933.36,17.72,6.36,83.0,53.5,51.75,10.64153846
Uttarakhand,Rice,Kharif     ,1933.36,17.72,6.66,84.3,50.3,59.05,1.736153846
Uttarakhand,Rice,Summer     ,1933.36,17.72,6.43,70.47,48.92,52.31,3.353333333
Uttarakhand,Sugarcane,Whole Year ,1933.36,17.72,7.37,88.92,51.34,54.99,58.4
Uttarakhand,Wheat,Rabi       ,1933.36,17.72,5.94,86.42,41.28,62.4,1.978461538
Jharkhand,Maize,Autumn     ,1431.41,22.78,5.62,77.01,50.37,60.85,1.467916667
Jharkhand,Potato,Rabi       ,1431.41,22.78,5.75,80.07,41.87,51.89,6.32375
Jharkhand,Potato,Winter     ,1431.41,22.78,5.53,77.21,50.46,52.91,7.315
Jharkhand,Rice,Autumn     ,1431.41,22.78,5.65,76.04,41.64,49.39,0.854782609
Jharkhand,Rice,Winter     ,1431.41,22.78,6.17,69.49,43.47,62.81,1.422083333
Jharkhand,Sugarcane,Whole Year ,1431.41,22.78,6.02,89.44,47.11,47.45,49.495
Jharkhand,Wheat,Rabi       ,1431.41,22.78,7.09,82.56,43.42,48.71,1.550416667
West Bengal,Maize,Autumn     ,1884.14,25.56,6.88,72.14,44.83,57.47,2.767777778
West Bengal,Maize,Rabi       ,1884.14,25.56,6.63,89.36,42.37,48.35,3.530833333
West Bengal,Maize,Summer     ,1884.14,25.56,6.67,88.82,49.84,47.72,2.987222222
West Bengal,Potato,Rabi       ,1884.14,25.56,6.33,85.48,47.09,61.06,25.34722222
West Bengal,Potato,Summer     ,1884.14,25.56,7.26,70.88,45.14,59.71,12.0
West Bengal,Rice,Autumn     ,1884.14,25.56,5.93,66.69,52.45,59.7,2.252777778
West Bengal,Rice,Summer     ,1884.14,25.56,5.97,69.8,48.56,57.16,3.127222222
West Bengal,Rice,Winter     ,1884.14,25.56,7.1,69.31,50.12,60.4,2.626111111
West Bengal,Sugarcane,Whole Year ,1884.14,25.56,6.79,84.97,43.86,52.7,104.2206667
West Bengal,Wheat,Rabi       ,1884.14,25.56,5.61,68.55,41.37,62.56,2.538888889
Bihar,Maize,Autumn     ,1115.0,25.72,6.85,74.06,42.71,47.67,2.717368421
Bihar,Maize,Rabi       ,1115.0,25.72,6.69,86.02,52.44,55.84,3.269705882
Bihar,Maize,Summer     ,1115.0,25.72,5.88,74.74,52.2,57.24,3.988378378
Bihar,Rice,Autumn     ,1115.0,25.72,7.47,85.32,50.6,61.0,1.738965517
Bihar,Rice,Summer     ,1115.0,25.72,5.73,68.04,48.61,62.5,1.971764706
Bihar,Rice,Winter     ,1115.0,25.72,7.2,86.4,49.55,48.86,2.625263158
Bihar,Sugarcane,Whole Year ,1115.0,25.72,7.04,73.23,42.71,50.8,64.80361111
Bihar,Wheat,Rabi       ,1115.0,25.72,5.99,82.77,44.97,56.45,1.676315789
Chhattisgarh,Maize,Kharif     ,1245.23,25.87,6.0,75.0,48.76,59.79,1.803333333
Chhattisgarh,Potato,Kharif     ,1245.23,25.87,5.54,64.22,40.77,57.75,6.859166667
Chhattisgarh,Potato,Rabi       ,1245.23,25.87,5.57,74.75,46.15,53.16,6.647727273
Chhattisgarh,Rice,Kharif     ,1245.23,25.87,6.0,84.69,50.44,51.19,1.92962963
Chhattisgarh,Sugarcane,Whole Year ,1245.23,25.87,7.33,68.92,53.25,48.78,6.040869565
Chhattisgarh,Wheat,Rabi       ,1245.23,25.87,6.66,67.01,51.62,62.59,1.745384615
Gujarat,Maize,Kharif     ,775.44,27.49,6.89,87.67,49.78,53.2,1.409090909
Gujarat,Maize,Rabi       ,775.44,27.49,5.84,89.62,42.87,56.8,1.969375
Gujarat,Maize,Summer     ,775.44,27.49,7.35,72.53,48.92,48.0,1.847857143
Gujarat,Potato,Whole Year ,775.44,27.49,5.91,76.88,50.05,51.69,25.4975
Gujarat,Rice,Kharif     ,775.44,27.49,7.4,73.14,47.42,53.64,1.867368421
Gujarat,Rice,Summer     ,775.44,27.49,6.24,76.98,47.47,49.76,3.144166667
Gujarat,Sugarcane,Whole Year ,775.44,27.49,6.95,77.44,49.37,56.55,69.400625
Gujarat,Wheat,Rabi       ,775.44,27.49,6.08,82.08,42.58,48.6,2.8178125
Haryana,Maize,Kharif     ,852.59,24.18,6.98,69.84,45.51,55.87,2.0
Haryana,Potato,Whole Year ,852.59,24.18,6.24,78.73,49.78,61.23,23.752
Haryana,Rice,Kharif     ,852.59,24.18,6.56,65.66,41.64,62.84,2.9465
Haryana,Sugarcane,Whole Year ,852.59,24.18,6.07,68.72,39.9,53.48,72.15153846
Haryana,Wheat,Rabi       ,852.59,24.18,6.32,79.98,54.47,57.49,3.782857143
Himachal Pradesh,Maize,Kharif     ,940.1,21.16,7.09,81.1,43.33,52.34,1.985
Himachal Pradesh,Potato,Kharif     ,940.1,21.16,5.94,84.39,53.98,51.0,10.461
Himachal Pradesh,Potato,Rabi       ,940.1,21.16,7.24,65.68,45.54,49.64,4.698
Himachal Pradesh,Rice,Kharif     ,940.1,21.16,5.83,84.23,52.87,55.1,1.72
Himachal Pradesh,Sugarcane,Whole Year ,940.1,21.16,5.74,74.42,48.07,50.78,26.19142857
Himachal Pradesh,Wheat,Rabi       ,940.1,21.16,5.82,78.28,42.94,50.59,1.846666667
Madhya Pradesh,Maize,Kharif     ,1029.09,25.23,6.07,87.74,48.15,53.88,2.093061224
Madhya Pradesh,Rice,Kharif     ,1029.09,25.23,6.85,87.5,44.37,54.54,1.663488372
Madhya Pradesh,Sugarcane,Whole Year ,1029.09,25.23,7.38,89.22,52.08,53.37,32.1559375
Madhya Pradesh,Wheat,Rabi       ,1029.09,25.23,7.38,70.77,42.34,52.21,2.904705882
Maharashtra,Maize,Kharif     ,2364.49,26.96,6.53,68.02,48.67,52.33,1.76
Maharashtra,Maize,Rabi       ,2364.49,26.96,7.07,83.02,40.43,53.97,1.730869565
Maharashtra,Maize,Summer     ,2364.49,26.96,7.38,83.64,52.21,47.13,1.240454545
Maharashtra,Rice,Kharif     ,2364.49,26.96,7.2,75.06,43.35,53.19,1.3064
Maharashtra,Rice,Summer     ,2364.49,26.96,6.98,82.78,46.63,53.67,2.52375
Maharashtra,Sugarcane,Whole Year ,2364.49,26.96,6.42,67.75,42.32,56.28,71.18857143
Maharashtra,Wheat,Rabi       ,2364.49,26.96,6.07,69.84,48.15,52.16,1.20137931
Manipur,Maize,Kharif     ,1235.91,20.82,5.66,88.62,43.27,51.12,2.234444444
Manipur,Maize,Rabi       ,1235.91,20.82,7.07,85.54,49.14,60.24,2.334444444
Manipur,Potato,Whole Year ,1235.91,20.82,7.33,83.89,47.81,50.77,8.48
Manipur,Rice,Kharif     ,1235.91,20.82,6.2,70.6,52.97,55.08,2.073333333
Manipur,Sugarcane,Whole Year ,1235.91,20.82,7.11,73.01,45.58,58.18,57.03888889
Manipur,Wheat,Rabi       ,1235.91,20.82,6.52,85.13,53.36,55.26,2.631666667
Mizoram,Maize,Kharif     ,1898.19,23.24,6.57,79.56,41.72,49.7,1.65875
Mizoram,Maize,Rabi       ,1898.19,23.24,7.4,86.48,44.69,51.82,2.23
Mizoram,Potato,Kharif     ,1898.19,23.24,6.53,72.8,46.76,52.79,4.595
Mizoram,Potato,Rabi       ,1898.19,23.24,5.54,78.62,52.75,57.77,5.756666667
Mizoram,Rice,Autumn     ,1898.19,23.24,6.56,68.51,41.04,50.77,1.14875
Mizoram,Rice,Kharif     ,1898.19,23.24,5.84,67.11,45.55,48.42,2.2825
Mizoram,Rice,Rabi       ,1898.19,23.24,6.61,85.47,42.71,61.33,2.063333333
Mizoram,Sugarcane,Whole Year ,1898.19,23.24,5.59,79.5,50.72,56.59,27.9
Nagaland,Maize,Kharif     ,1170.87,18.58,6.91,85.16,45.02,55.7,1.973636364
Nagaland,Maize,Rabi       ,1170.87,18.58,6.22,88.62,49.07,56.25,1.975
Nagaland,Potato,Rabi       ,1170.87,18.58,7.04,64.61,52.41,61.82,10.17181818
Nagaland,Rice,Kharif     ,1170.87,18.58,6.36,85.32,41.48,52.81,2.260909091
Nagaland,Rice,Rabi       ,1170.87,18.58,6.71,81.59,42.55,51.55,2.683333333
Nagaland,Sugarcane,Kharif     ,1170.87,18.58,6.43,85.61,40.19,47.57,43.52363636
Nagaland,Wheat,Rabi       ,1170.87,18.58,5.92,87.08,51.19,55.47,1.823333333
Punjab,Maize,Kharif     ,852.59,24.18,7.08,74.8,49.87,59.12,3.918571429
Punjab,Rice,Kharif     ,852.59,24.18,7.23,69.87,45.54,52.3,3.728181818
Punjab,Sugarcane,Whole Year ,852.59,24.18,6.1,84.09,49.49,49.88,77.41266667
Punjab,Wheat,Rabi       ,852.59,24.18,6.57,88.06,52.89,52.03,4.174090909
Telangana,Maize,Kharif     ,638.05,26.08,5.83,88.58,45.08,49.37,2.935555556
Telangana,Maize,Rabi       ,638.05,26.08,5.71,67.52,51.71,54.21,4.993333333
Telangana,Potato,Kharif     ,638.05,26.08,7.13,69.82,45.73,53.38,19.22
Telangana,Potato,Rabi       ,638.05,26.08,6.47,81.35,54.02,62.87,14.92
Telangana,Rice,Kharif     ,638.05,26.08,7.29,87.26,49.91,58.98,2.958888889
Telangana,Rice,Rabi       ,638.05,26.08,7.43,74.64,41.03,51.96,3.332222222
Telangana,Sugarcane,Kharif     ,638.05,26.08,7.0,67.25,44.44,47.83,83.8575
Telangana,Wheat,Rabi       ,638.05,26.08,7.05,90.47,44.31,50.01,1.156
Tripura,Maize,Kharif     ,1871.72,25.74,6.27,81.0,45.57,47.31,1.30875
Tripura,Rice,Kharif     ,1871.72,25.74,5.55,73.45,49.66,61.76,2.885
Tripura,Sugarcane,Whole Year ,1871.72,25.74,6.75,72.62,51.28,52.6,52.65875
Tripura,Wheat,Rabi       ,1871.72,25.74,7.21,71.82,46.27,57.47,2.21375
Uttar Pradesh,Maize,Kharif     ,881.59,25.98,6.95,75.21,52.03,61.51,1.693783784
Uttar Pradesh,Maize,Rabi       ,881.59,25.98,6.18,74.94,53.77,49.02,2.444166667
Uttar Pradesh,Maize,Summer     ,881.59,25.98,6.35,70.03,50.15,47.74,1.784310345
Uttar Pradesh,Potato,Rabi       ,881.59,25.98,7.42,69.32,44.46,50.51,21.62333333
Uttar Pradesh,Rice,Kharif     ,881.59,25.98,7.28,70.45,44.72,59.17,2.240533333
Uttar Pradesh,Rice,Summer     ,881.59,25.98,6.98,66.06,47.29,58.99,2.384090909
Uttar Pradesh,Sugarcane,Kharif     ,881.59,25.98,6.26,72.74,50.37,53.04,59.21533333
Uttar Pradesh,Wheat,Rabi       ,881.59,25.98,7.1,85.14,45.03,62.17,2.065466667
Uttarakhand,Maize,Kharif     ,1144.15,17.98,6.61,84.67,47.95,59.09,1.822307692
Uttarakhand,Maize,Summer     ,1144.15,17.98,6.75,76.71,41.29,49.31,2.205
Uttarakhand,Potato,Kharif     ,1144.15,17.98,6.29,66.72,52.23,50.6,9.715
Uttarakhand,Potato,Rabi       ,1144.15,17.98,6.24,78.43,54.7,58.34,10.41461538
Uttarakhand,Rice,Kharif     ,1144.15,17.98,6.42,77.84,43.07,50.85,1.738461538
Uttarakhand,Rice,Summer     ,1144.15,17.98,6.48,78.27,44.32,53.76,3.15
Uttarakhand,Sugarcane,Whole Year ,1144.15,17.98,6.2,86.05,46.15,60.59,63.462
Uttarakhand,Wheat,Rabi       ,1144.15,17.98,5.65,80.64,47.95,61.77,1.543076923
Jharkhand,Maize,Autumn     ,1124.12,23.05,6.19,69.89,46.09,51.44,1.71625
Jharkhand,Potato,Rabi       ,1124.12,23.05,6.45,74.43,51.04,54.62,7.075
Jharkhand,Potato,Winter     ,1124.12,23.05,6.52,73.68,50.54,54.25,7.390869565
Jharkhand,Rice,Autumn     ,1124.12,23.05,7.01,75.06,43.94,47.36,1.01
Jharkhand,Rice,Winter     ,1124.12,23.05,5.82,76.49,51.32,63.04,1.416666667
Jharkhand,Sugarcane,Whole Year ,1124.12,23.05,6.64,79.48,41.18,56.1,42.421
Jharkhand,Wheat,Rabi       ,1124.12,23.05,6.97,67.29,52.77,57.92,1.46625
Jharkhand,Wheat,Winter     ,1124.12,23.05,7.22,69.89,54.13,62.95,1.436428571
West Bengal,Maize,Autumn     ,1297.06,25.72,6.79,70.95,42.34,47.73,3.369166667
West Bengal,Maize,Rabi       ,1297.06,25.72,5.98,84.83,53.1,55.54,3.430833333
West Bengal,Maize,Summer     ,1297.06,25.72,6.02,67.25,45.97,56.44,3.143333333
West Bengal,Potato,Rabi       ,1297.06,25.72,7.02,71.52,44.55,50.83,30.99555556
West Bengal,Potato,Summer     ,1297.06,25.72,7.42,70.42,52.6,55.17,12.0
West Bengal,Rice,Autumn     ,1297.06,25.72,5.9,75.21,52.18,60.39,2.516111111
West Bengal,Rice,Summer     ,1297.06,25.72,6.92,72.5,53.74,57.29,3.254444444
West Bengal,Rice,Winter     ,1297.06,25.72,5.56,74.31,43.09,54.63,2.700555556
West Bengal,Sugarcane,Whole Year ,1297.06,25.72,6.86,75.59,48.37,48.16,105.06875
West Bengal,Wheat,Rabi       ,1297.06,25.72,7.18,83.15,46.32,47.32,2.615
Bihar,Maize,Autumn     ,906.63,26.76,5.93,73.13,48.9,49.3,2.795263158
Bihar,Maize,Rabi       ,906.63,26.76,6.97,84.79,46.09,55.81,3.842352941
Bihar,Maize,Summer     ,906.63,26.76,7.05,87.45,44.58,56.74,3.562972973
Bihar,Rice,Autumn     ,906.63,26.76,6.37,80.24,42.52,47.41,1.347142857
Bihar,Rice,Summer     ,906.63,26.76,5.75,82.26,53.66,55.82,2.528333333
Bihar,Rice,Winter     ,906.63,26.76,6.42,78.95,46.09,48.68,2.166052632
Bihar,Sugarcane,Whole Year ,906.63,26.76,6.19,78.21,43.22,57.27,61.67833333
Bihar,Wheat,Rabi       ,906.63,26.76,6.4,67.05,54.27,47.29,2.312631579
Chhattisgarh,Maize,Kharif     ,1145.0,26.21,7.25,75.29,41.86,57.27,1.733333333
Chhattisgarh,Potato,Kharif     ,1145.0,26.21,5.93,72.7,44.02,61.24,8.379166667
Chhattisgarh,Potato,Rabi       ,1145.0,26.21,7.31,66.75,40.8,47.79,7.626818182
Chhattisgarh,Rice,Kharif     ,1145.0,26.21,6.4,85.26,46.9,61.04,1.21962963
Chhattisgarh,Sugarcane,Whole Year ,1145.0,26.21,7.44,80.18,49.34,62.84,2.912272727
Chhattisgarh,Wheat,Rabi       ,1145.0,26.21,6.59,78.6,44.13,58.13,1.522
Gujarat,Maize,Kharif     ,657.92,28.0,7.1,85.44,48.4,59.86,1.486818182
Gujarat,Maize,Rabi       ,657.92,28.0,5.64,78.64,53.43,49.12,2.075714286
Gujarat,Maize,Summer     ,657.92,28.0,6.25,89.25,53.67,59.81,2.067272727
Gujarat,Potato,Whole Year ,657.92,28.0,6.06,67.32,49.1,57.63,24.20928571
Gujarat,Rice,Kharif     ,657.92,28.0,5.92,68.17,51.12,63.77,1.895238095
Gujarat,Rice,Summer     ,657.92,28.0,6.14,71.79,42.44,62.61,3.201818182
Gujarat,Sugarcane,Whole Year ,657.92,28.0,6.23,72.85,45.61,56.43,68.724375
Gujarat,Wheat,Rabi       ,657.92,28.0,5.94,71.58,50.36,54.16,2.6759375
Haryana,Maize,Kharif     ,1130.12,23.9,6.03,79.06,51.5,48.82,2.93
Haryana,Potato,Whole Year ,1130.12,23.9,6.67,77.3,45.55,48.01,24.81095238
Haryana,Rice,Kharif     ,1130.12,23.9,5.99,69.04,49.54,49.42,2.963
Haryana,Sugarcane,Whole Year ,1130.12,23.9,6.83,66.59,40.58,58.95,74.57733333
Haryana,Wheat,Rabi       ,1130.12,23.9,6.46,82.69,53.08,47.84,4.252857143
Himachal Pradesh,Maize,Kharif     ,1153.65,21.04,7.21,74.41,44.48,61.34,2.868333333
Himachal Pradesh,Potato,Kharif     ,1153.65,21.04,6.31,80.05,53.54,62.56,10.163
Himachal Pradesh,Potato,Rabi       ,1153.65,21.04,7.18,84.16,47.8,59.22,4.737
Himachal Pradesh,Rice,Kharif     ,1153.65,21.04,7.11,82.11,45.34,48.51,1.612727273
Himachal Pradesh,Sugarcane,Whole Year ,1153.65,21.04,6.27,77.41,52.79,54.04,16.19714286
Himachal Pradesh,Wheat,Rabi       ,1153.65,21.04,6.94,73.79,41.25,57.89,1.605
Madhya Pradesh,Maize,Kharif     ,1316.22,25.13,6.91,71.12,42.94,58.55,2.075416667
Madhya Pradesh,Potato,Whole Year ,1316.22,25.13,7.41,81.71,50.43,58.46,20.1022
Madhya Pradesh,Rice,Kharif     ,1316.22,25.13,6.33,80.94,42.23,50.12,1.701904762
Madhya Pradesh,Sugarcane,Whole Year ,1316.22,25.13,5.8,87.29,41.05,55.2,42.40736842
Madhya Pradesh,Wheat,Rabi       ,1316.22,25.13,5.92,88.83,41.96,51.81,2.961372549
Maharashtra,Maize,Kharif     ,1706.93,26.95,7.36,84.37,52.24,51.53,1.200833333
Maharashtra,Maize,Rabi       ,1706.93,26.95,6.62,68.35,41.65,58.19,1.55962963
Maharashtra,Maize,Summer     ,1706.93,26.95,6.66,78.43,51.69,60.27,1.352608696
Maharashtra,Rice,Kharif     ,1706.93,26.95,5.99,76.72,50.38,54.84,1.334583333
Maharashtra,Rice,Summer     ,1706.93,26.95,7.33,83.56,53.02,54.66,2.538888889
Maharashtra,Sugarcane,Whole Year ,1706.93,26.95,7.0,88.66,52.09,49.39,59.97133333
Maharashtra,Wheat,Rabi       ,1706.93,26.95,6.26,69.47,42.57,51.91,1.0278125
Manipur,Maize,Kharif     ,1604.94,20.39,6.09,67.0,41.11,62.27,2.287777778
Manipur,Maize,Rabi       ,1604.94,20.39,6.2,67.93,48.47,60.18,2.462222222
Manipur,Potato,Whole Year ,1604.94,20.39,7.41,67.62,49.73,51.77,8.488888889
Manipur,Rice,Kharif     ,1604.94,20.39,6.77,69.97,48.37,50.21,1.876666667
Manipur,Sugarcane,Whole Year ,1604.94,20.39,6.35,73.7,45.01,47.12,54.38111111
Manipur,Wheat,Rabi       ,1604.94,20.39,7.42,87.85,46.56,49.46,2.503333333
Mizoram,Maize,Kharif     ,2597.78,22.69,6.7,67.09,40.97,49.09,1.94625
Mizoram,Maize,Rabi       ,2597.78,22.69,7.48,84.34,45.91,47.2,2.57
Mizoram,Potato,Kharif     ,2597.78,22.69,6.51,77.55,49.65,58.92,1.0
Mizoram,Potato,Rabi       ,2597.78,22.69,6.88,86.48,46.11,51.2,6.275
Mizoram,Rice,Autumn     ,2597.78,22.69,7.32,78.84,48.46,60.74,1.22375
Mizoram,Rice,Kharif     ,2597.78,22.69,6.22,76.47,52.41,59.3,2.16
Mizoram,Rice,Rabi       ,2597.78,22.69,6.59,83.15,44.46,49.09,2.515
Mizoram,Sugarcane,Whole Year ,2597.78,22.69,7.14,88.65,45.0,52.83,32.8575
Nagaland,Maize,Kharif     ,1618.04,18.44,6.82,71.41,48.59,58.26,1.978181818
Nagaland,Maize,Rabi       ,1618.04,18.44,6.19,89.13,46.67,51.5,1.981666667
Nagaland,Potato,Rabi       ,1618.04,18.44,6.49,68.73,46.3,50.4,9.953636364
Nagaland,Rice,Kharif     ,1618.04,18.44,6.29,75.99,40.84,53.29,2.41
Nagaland,Rice,Rabi       ,1618.04,18.44,6.65,69.45,47.04,53.86,2.703333333
Nagaland,Sugarcane,Kharif     ,1618.04,18.44,6.62,84.95,48.39,54.93,43.52272727
Nagaland,Wheat,Rabi       ,1618.04,18.44,5.59,78.38,53.63,55.58,1.828888889
Punjab,Maize,Kharif     ,1130.12,23.9,6.83,68.24,44.58,59.11,3.759230769
Punjab,Rice,Kharif     ,1130.12,23.9,7.15,75.0,50.15,56.42,3.923181818
Punjab,Sugarcane,Whole Year ,1130.12,23.9,5.79,67.34,45.48,62.55,77.086
Punjab,Wheat,Rabi       ,1130.12,23.9,5.92,71.45,43.58,56.44,4.552272727
Telangana,Maize,Kharif     ,440.75,26.95,6.4,77.6,52.99,47.73,2.983333333
Telangana,Maize,Rabi       ,440.75,26.95,6.0,84.51,46.43,51.35,4.658888889
Telangana,Potato,Rabi       ,440.75,26.95,6.44,78.07,47.68,53.96,13.8
Telangana,Rice,Kharif     ,440.75,26.95,6.1,79.79,54.59,61.24,2.822222222
Telangana,Rice,Rabi       ,440.75,26.95,7.07,83.15,51.78,63.71,2.785555556
Telangana,Sugarcane,Kharif     ,440.75,26.95,7.49,88.35,44.75,54.99,70.39333333
Telangana,Wheat,Rabi       ,440.75,26.95,6.65,88.68,49.33,57.28,2.9475
Tripura,Maize,Kharif     ,2412.14,25.32,6.15,75.8,43.66,57.97,1.385
Tripura,Maize,Rabi       ,2412.14,25.32,6.03,78.51,53.21,53.32,1.4625
Tripura,Rice,Kharif     ,2412.14,25.32,7.12,71.86,53.06,48.83,2.895
Tripura,Rice,Summer     ,2412.14,25.32,7.41,75.58,42.11,63.04,3.04625
Tripura,Sugarcane,Whole Year ,2412.14,25.32,6.42,73.62,47.38,47.42,51.83875
Tripura,Wheat,Rabi       ,2412.14,25.32,6.06,81.86,50.85,49.82,2.221428571
Uttar Pradesh,Maize,Kharif     ,737.89,26.55,6.96,87.26,49.76,56.16,1.640133333
Uttar Pradesh,Maize,Rabi       ,737.89,26.55,7.28,89.39,45.95,61.94,2.162391304
Uttar Pradesh,Maize,Summer     ,737.89,26.55,6.22,84.83,53.21,58.42,1.851754386
Uttar Pradesh,Potato,Rabi       ,737.89,26.55,5.7,78.9,44.28,62.34,22.6352
Uttar Pradesh,Rice,Kharif     ,737.89,26.55,5.76,83.63,49.65,54.47,2.096133333
Uttar Pradesh,Rice,Summer     ,737.89,26.55,6.27,65.66,50.45,48.63,2.295
Uttar Pradesh,Sugarcane,Kharif     ,737.89,26.55,6.43,78.87,48.53,54.95,59.79746667
Uttar Pradesh,Wheat,Rabi       ,737.89,26.55,7.01,75.99,55.43,56.92,2.768
Uttarakhand,Maize,Kharif     ,1272.14,18.09,6.43,88.42,51.53,62.42,1.593076923
Uttarakhand,Maize,Summer     ,1272.14,18.09,7.12,69.02,49.69,48.52,1.32
Uttarakhand,Potato,Kharif     ,1272.14,18.09,5.88,75.66,40.85,62.13,9.873333333
Uttarakhand,Potato,Rabi       ,1272.14,18.09,6.73,83.95,53.76,52.26,9.324615385
Uttarakhand,Rice,Kharif     ,1272.14,18.09,5.95,84.07,49.52,53.63,1.795384615
Uttarakhand,Rice,Summer     ,1272.14,18.09,6.94,77.85,42.29,48.3,3.81
Uttarakhand,Sugarcane,Whole Year ,1272.14,18.09,7.24,76.01,49.72,54.03,63.5
Uttarakhand,Wheat,Rabi       ,1272.14,18.09,6.79,85.17,46.29,59.18,1.675384615
Jharkhand,Maize,Autumn     ,1393.38,23.6,7.27,86.4,40.83,61.35,1.133333333
Jharkhand,Potato,Rabi       ,1393.38,23.6,6.49,64.25,49.46,49.55,6.687391304
Jharkhand,Potato,Winter     ,1393.38,23.6,5.56,71.72,53.83,56.08,7.95
Jharkhand,Rice,Autumn     ,1393.38,23.6,7.25,81.58,48.7,52.78,0.606956522
Jharkhand,Rice,Winter     ,1393.38,23.6,5.75,69.72,48.21,55.39,0.6625
Jharkhand,Wheat,Rabi       ,1393.38,23.6,5.83,86.09,54.53,63.54,1.456666667
West Bengal,Maize,Autumn     ,1634.51,26.07,7.08,84.63,43.6,50.38,2.642307692
West Bengal,Maize,Rabi       ,1634.51,26.07,6.86,67.02,47.66,53.99,3.6
West Bengal,Maize,Summer     ,1634.51,26.07,6.6,74.15,44.72,46.89,3.279444444
West Bengal,Potato,Rabi       ,1634.51,26.07,5.8,79.79,44.73,46.95,21.85277778
West Bengal,Potato,Summer     ,1634.51,26.07,6.76,79.23,53.91,58.81,12.05
West Bengal,Rice,Autumn     ,1634.51,26.07,6.72,72.96,45.13,56.85,2.48
West Bengal,Rice,Summer     ,1634.51,26.07,6.87,65.86,53.36,48.14,3.155
West Bengal,Rice,Winter     ,1634.51,26.07,5.73,85.91,42.77,55.85,2.670555556
West Bengal,Sugarcane,Whole Year ,1634.51,26.07,7.12,89.45,46.59,49.45,80.046875
West Bengal,Wheat,Rabi       ,1634.51,26.07,6.53,86.88,46.58,62.84,2.191111111
Arunachal Pradesh,Maize,Kharif     ,2231.63,23.02,6.28,84.02,45.11,57.18,1.584
Arunachal Pradesh,Potato,Whole Year ,2231.63,23.02,6.29,64.82,46.21,50.87,6.596
Arunachal Pradesh,Rice,Kharif     ,2231.63,23.02,5.89,83.96,51.5,54.19,1.606
Arunachal Pradesh,Sugarcane,Whole Year ,2231.63,23.02,7.04,68.95,51.52,52.66,22.59461538
Arunachal Pradesh,Wheat,Rabi       ,2231.63,23.02,5.79,76.13,48.69,61.53,2.105
Bihar,Maize,Autumn     ,965.89,26.75,6.27,77.57,48.47,50.29,2.579459459
Bihar,Maize,Rabi       ,965.89,26.75,6.77,68.97,41.68,47.35,6.058181818
Bihar,Maize,Summer     ,965.89,26.75,6.45,76.42,45.5,52.29,4.561666667
Bihar,Potato,Rabi       ,965.89,26.75,7.44,73.23,51.48,62.05,14.89184211
Bihar,Potato,Winter     ,965.89,26.75,6.23,70.04,44.22,62.8,13.02875
Bihar,Rice,Autumn     ,965.89,26.75,6.78,86.33,48.12,57.38,1.736153846
Bihar,Rice,Summer     ,965.89,26.75,6.71,73.92,49.27,56.34,2.493333333
Bihar,Rice,Winter     ,965.89,26.75,5.67,75.34,49.01,48.61,2.571052632
Bihar,Sugarcane,Whole Year ,965.89,26.75,5.7,79.01,45.61,62.61,65.16235294
Bihar,Wheat,Rabi       ,965.89,26.75,5.56,86.0,54.07,50.94,2.781315789
Chhattisgarh,Maize,Kharif     ,1251.59,26.65,5.86,79.04,47.96,61.62,2.348518519
Chhattisgarh,Potato,Kharif     ,1251.59,26.65,7.03,79.28,44.54,46.86,5.674166667
Chhattisgarh,Potato,Rabi       ,1251.59,26.65,7.4,71.31,43.66,47.58,5.23826087
Chhattisgarh,Rice,Kharif     ,1251.59,26.65,6.73,66.07,47.43,61.57,2.076666667
Chhattisgarh,Sugarcane,Whole Year ,1251.59,26.65,7.28,72.51,42.88,51.57,1.967826087
Chhattisgarh,Wheat,Rabi       ,1251.59,26.65,6.78,84.38,49.97,53.35,1.660769231
Gujarat,Maize,Kharif     ,551.92,28.08,6.95,70.66,53.19,59.83,1.789545455
Gujarat,Maize,Rabi       ,551.92,28.08,6.65,77.86,51.73,60.97,2.16
Gujarat,Maize,Summer     ,551.92,28.08,5.59,84.86,40.08,57.44,2.081428571
Gujarat,Potato,Whole Year ,551.92,28.08,6.1,68.27,51.94,62.65,24.92625
Gujarat,Rice,Kharif     ,551.92,28.08,5.84,82.4,51.88,54.06,2.0745
Gujarat,Rice,Summer     ,551.92,28.08,5.98,85.03,50.63,56.74,3.133333333
Gujarat,Sugarcane,Whole Year ,551.92,28.08,6.22,76.64,44.73,62.49,64.44533333
Gujarat,Wheat,Rabi       ,551.92,28.08,6.15,67.85,49.54,55.04,2.7428125
Haryana,Maize,Kharif     ,893.69,24.96,6.9,89.02,51.13,59.86,3.132222222
Haryana,Potato,Whole Year ,893.69,24.96,7.04,84.01,52.12,62.0,24.84571429
Haryana,Rice,Kharif     ,893.69,24.96,7.34,75.2,44.26,54.59,2.9505
Haryana,Sugarcane,Whole Year ,893.69,24.96,5.66,70.74,51.45,55.38,77.64055556
Haryana,Wheat,Rabi       ,893.69,24.96,7.28,79.23,52.05,47.76,4.744761905
Himachal Pradesh,Maize,Kharif     ,969.66,22.02,6.47,89.97,44.39,46.98,2.094166667
Himachal Pradesh,Potato,Kharif     ,969.66,22.02,6.29,70.15,42.9,62.91,11.604
Himachal Pradesh,Potato,Rabi       ,969.66,22.02,5.68,76.23,45.42,59.67,4.691
Himachal Pradesh,Rice,Kharif     ,969.66,22.02,5.81,75.19,48.87,52.5,1.559090909
Himachal Pradesh,Sugarcane,Whole Year ,969.66,22.02,5.8,86.77,51.48,58.17,17.29142857
Himachal Pradesh,Wheat,Rabi       ,969.66,22.02,5.84,70.45,50.6,53.34,1.0275
Madhya Pradesh,Maize,Kharif     ,1563.81,25.45,5.72,84.22,43.91,62.27,2.479130435
Madhya Pradesh,Potato,Whole Year ,1563.81,25.45,6.79,79.03,51.72,54.05,21.3086
Madhya Pradesh,Rice,Kharif     ,1563.81,25.45,7.01,80.87,48.64,47.79,2.040294118
Madhya Pradesh,Sugarcane,Whole Year ,1563.81,25.45,5.96,67.66,52.75,59.93,30.362
Madhya Pradesh,Wheat,Rabi       ,1563.81,25.45,5.53,79.58,50.95,57.01,3.294509804
Maharashtra,Maize,Kharif     ,2971.43,26.56,5.83,88.02,49.55,60.67,2.413448276
Maharashtra,Maize,Rabi       ,2971.43,26.56,6.76,75.24,40.71,51.01,2.637857143
Maharashtra,Maize,Summer     ,2971.43,26.56,7.4,66.79,52.06,55.46,1.8748
Maharashtra,Rice,Kharif     ,2971.43,26.56,5.9,84.38,50.66,60.96,1.664444444
Maharashtra,Rice,Summer     ,2971.43,26.56,6.98,74.19,43.29,55.53,2.369166667
Maharashtra,Sugarcane,Whole Year ,2971.43,26.56,5.86,66.86,42.77,56.92,69.409
Maharashtra,Wheat,Rabi       ,2971.43,26.56,7.03,85.16,54.12,56.74,1.73483871
Manipur,Maize,Kharif     ,1623.84,20.59,7.19,75.6,50.88,54.41,2.102222222
Manipur,Maize,Rabi       ,1623.84,20.59,6.81,76.89,42.44,55.08,2.412222222
Manipur,Potato,Whole Year ,1623.84,20.59,7.07,84.09,54.15,46.67,8.3
Manipur,Rice,Kharif     ,1623.84,20.59,6.66,85.93,49.47,62.34,2.313333333
Manipur,Sugarcane,Whole Year ,1623.84,20.59,5.66,71.92,42.33,56.78,54.38111111
Manipur,Wheat,Rabi       ,1623.84,20.59,6.37,74.58,53.6,53.84,2.503333333
Mizoram,Maize,Kharif     ,2677.01,23.1,7.31,69.56,45.83,57.74,1.665
Mizoram,Maize,Rabi       ,2677.01,23.1,7.11,85.21,45.73,59.86,1.73
Mizoram,Potato,Kharif     ,2677.01,23.1,5.75,66.63,52.94,61.6,3.75
Mizoram,Potato,Rabi       ,2677.01,23.1,5.69,79.71,49.32,55.25,5.81
Mizoram,Rice,Autumn     ,2677.01,23.1,5.98,65.9,42.54,56.87,1.21125
Mizoram,Rice,Kharif     ,2677.01,23.1,6.95,74.47,53.66,48.67,2.2325
Mizoram,Rice,Rabi       ,2677.01,23.1,7.21,70.71,47.83,62.93,2.21
Mizoram,Sugarcane,Whole Year ,2677.01,23.1,6.07,67.24,52.92,63.42,30.9975
Nagaland,Maize,Kharif     ,1528.26,18.62,7.25,75.59,44.87,61.63,1.98
Nagaland,Maize,Rabi       ,1528.26,18.62,5.99,71.59,47.79,51.99,1.978333333
Nagaland,Potato,Rabi       ,1528.26,18.62,6.55,86.77,53.18,54.75,10.0
Nagaland,Rice,Kharif     ,1528.26,18.62,6.37,73.34,41.96,49.3,2.391818182
Nagaland,Rice,Rabi       ,1528.26,18.62,6.39,84.97,40.86,61.01,2.79
Nagaland,Sugarcane,Kharif     ,1528.26,18.62,7.11,75.04,46.32,58.73,43.71090909
Nagaland,Wheat,Rabi       ,1528.26,18.62,5.74,68.16,45.34,49.96,1.838888889
Punjab,Maize,Kharif     ,893.69,24.96,6.58,81.06,48.46,50.13,3.600769231
Punjab,Rice,Kharif     ,893.69,24.96,6.87,66.13,48.65,58.05,4.066818182
Punjab,Sugarcane,Whole Year ,893.69,24.96,6.18,67.57,53.94,58.17,83.69333333
Punjab,Wheat,Rabi       ,893.69,24.96,5.79,79.17,43.59,49.81,4.975
Telangana,Maize,Kharif     ,741.24,26.23,6.58,79.24,43.28,50.16,3.304333333
Telangana,Maize,Rabi       ,741.24,26.23,6.61,78.55,43.97,49.0,6.661666667
Telangana,Potato,Kharif     ,741.24,26.23,6.62,82.03,45.48,53.13,10.795
Telangana,Potato,Rabi       ,741.24,26.23,6.6,67.98,53.89,48.08,10.56111111
Telangana,Rice,Kharif     ,741.24,26.23,6.59,73.27,52.05,53.56,3.229666667
Telangana,Rice,Rabi       ,741.24,26.23,6.25,82.09,44.32,61.2,3.585
Telangana,Sugarcane,Kharif     ,741.24,26.23,6.23,72.37,48.72,57.69,65.524
Telangana,Wheat,Rabi       ,741.24,26.23,6.39,86.18,53.22,53.41,1.223571429
Tripura,Maize,Kharif     ,2800.81,25.77,5.93,87.67,44.91,55.73,1.38375
Tripura,Maize,Rabi       ,2800.81,25.77,7.1,67.48,53.01,55.91,1.56
Tripura,Rice,Autumn     ,2800.81,25.77,6.77,68.67,47.14,62.88,2.5475
Tripura,Rice,Kharif     ,2800.81,25.77,5.65,68.67,45.09,61.33,1.05875
Tripura,Rice,Summer     ,2800.81,25.77,5.82,81.41,50.61,53.83,3.145
Tripura,Rice,Winter     ,2800.81,25.77,6.54,81.03,42.5,57.62,3.05375
Tripura,Sugarcane,Whole Year ,2800.81,25.77,6.26,80.73,53.92,63.46,54.71125
Tripura,Wheat,Rabi       ,2800.81,25.77,6.46,88.4,49.78,47.77,2.25625
Uttar Pradesh,Maize,Kharif     ,1050.69,26.39,6.69,79.1,51.56,52.52,1.737808219
Uttar Pradesh,Maize,Rabi       ,1050.69,26.39,7.12,88.16,52.34,47.21,2.64037037
Uttar Pradesh,Maize,Summer     ,1050.69,26.39,6.65,80.81,45.18,55.74,1.884827586
Uttar Pradesh,Potato,Rabi       ,1050.69,26.39,7.34,80.28,49.22,56.12,23.69093333
Uttar Pradesh,Rice,Kharif     ,1050.69,26.39,7.35,80.75,52.39,51.03,2.3668
Uttar Pradesh,Rice,Summer     ,1050.69,26.39,6.69,84.0,52.37,60.06,2.484117647
Uttar Pradesh,Sugarcane,Kharif     ,1050.69,26.39,5.89,79.19,41.29,62.74,64.83346667
Uttar Pradesh,Wheat,Rabi       ,1050.69,26.39,7.28,80.64,41.28,48.65,3.558666667
Uttarakhand,Maize,Kharif     ,1049.03,18.92,5.73,77.02,43.61,53.31,1.57
Uttarakhand,Maize,Summer     ,1049.03,18.92,7.22,69.61,46.0,61.74,1.705
Uttarakhand,Potato,Kharif     ,1049.03,18.92,7.16,83.12,43.6,48.26,9.679090909
Uttarakhand,Potato,Rabi       ,1049.03,18.92,7.19,69.11,44.96,47.26,11.89615385
Uttarakhand,Rice,Kharif     ,1049.03,18.92,6.92,81.96,41.16,55.71,1.779230769
Uttarakhand,Rice,Summer     ,1049.03,18.92,5.73,81.21,41.07,52.5,3.77
Uttarakhand,Sugarcane,Whole Year ,1049.03,18.92,6.59,84.39,40.92,48.66,63.694
Uttarakhand,Wheat,Rabi       ,1049.03,18.92,7.23,83.9,54.98,49.62,1.962307692
Jharkhand,Maize,Autumn     ,1330.09,23.91,6.44,78.9,42.98,58.84,2.102608696
Jharkhand,Potato,Rabi       ,1330.09,23.91,6.94,77.65,48.26,54.71,10.60166667
Jharkhand,Potato,Winter     ,1330.09,23.91,6.55,78.01,51.49,56.02,8.624285714
Jharkhand,Rice,Autumn     ,1330.09,23.91,7.27,84.7,48.07,57.98,0.912
Jharkhand,Rice,Winter     ,1330.09,23.91,7.41,86.44,45.04,52.16,2.251666667
Jharkhand,Wheat,Rabi       ,1330.09,23.91,6.52,72.96,50.95,54.21,2.145416667
West Bengal,Maize,Autumn     ,1629.13,26.47,6.93,80.81,52.24,58.86,2.783333333
West Bengal,Maize,Rabi       ,1629.13,26.47,6.21,75.74,52.22,58.05,3.726666667
West Bengal,Maize,Summer     ,1629.13,26.47,6.84,68.66,52.51,56.06,3.493333333
West Bengal,Potato,Rabi       ,1629.13,26.47,6.7,85.23,49.1,55.65,29.99272727
West Bengal,Potato,Summer     ,1629.13,26.47,7.43,78.5,42.92,60.13,7.125
West Bengal,Rice,Autumn     ,1629.13,26.47,6.35,66.48,47.31,51.23,2.493809524
West Bengal,Rice,Summer     ,1629.13,26.47,6.29,87.4,42.33,62.75,3.244285714
West Bengal,Rice,Winter     ,1629.13,26.47,7.13,69.11,41.85,58.13,2.691363636
West Bengal,Sugarcane,Whole Year ,1629.13,26.47,6.89,81.42,41.08,58.97,72.57105263
West Bengal,Wheat,Rabi       ,1629.13,26.47,6.14,72.87,45.3,56.12,2.394545455
Arunachal Pradesh,Maize,Kharif     ,2723.75,22.87,6.64,74.81,44.9,60.85,1.628
Arunachal Pradesh,Potato,Whole Year ,2723.75,22.87,6.98,74.01,44.45,48.59,6.7155
Arunachal Pradesh,Rice,Kharif     ,2723.75,22.87,5.61,68.68,42.04,61.52,1.6915
Arunachal Pradesh,Sugarcane,Whole Year ,2723.75,22.87,6.28,80.0,48.18,49.4,22.44230769
Arunachal Pradesh,Wheat,Rabi       ,2723.75,22.87,7.33,78.25,45.56,55.03,2.102
Bihar,Maize,Autumn     ,844.78,26.95,5.76,87.9,53.83,47.18,2.639189189
Bihar,Maize,Rabi       ,844.78,26.95,7.3,69.36,46.06,59.08,5.3121875
Bihar,Maize,Summer     ,844.78,26.95,5.62,84.21,45.71,60.1,4.354705882
Bihar,Potato,Rabi       ,844.78,26.95,7.0,78.4,52.16,56.96,14.39783784
Bihar,Potato,Winter     ,844.78,26.95,6.45,77.96,43.12,60.05,13.43027778
Bihar,Rice,Autumn     ,844.78,26.95,7.3,74.08,54.88,63.6,1.78173913
Bihar,Rice,Summer     ,844.78,26.95,5.7,84.13,40.94,55.07,2.034285714
Bihar,Rice,Winter     ,844.78,26.95,6.57,76.59,50.8,53.45,2.466842105
Bihar,Sugarcane,Whole Year ,844.78,26.95,5.93,78.39,50.98,51.06,57.5275
Bihar,Wheat,Rabi       ,844.78,26.95,6.53,77.66,47.24,53.26,2.866315789
Chhattisgarh,Maize,Kharif     ,1172.02,26.56,6.92,69.26,40.21,57.62,2.26037037
Chhattisgarh,Potato,Kharif     ,1172.02,26.56,6.28,74.24,40.56,61.79,4.111111111
Chhattisgarh,Potato,Rabi       ,1172.02,26.56,6.48,76.98,54.17,62.86,4.736956522
Chhattisgarh,Rice,Kharif     ,1172.02,26.56,5.55,67.52,54.41,51.47,1.386296296
Chhattisgarh,Sugarcane,Whole Year ,1172.02,26.56,5.66,81.92,44.87,61.49,1.823181818
Chhattisgarh,Wheat,Rabi       ,1172.02,26.56,5.83,68.66,47.65,51.25,1.497692308
Gujarat,Maize,Kharif     ,860.9,27.49,6.03,77.96,39.98,50.64,1.676363636
Gujarat,Maize,Rabi       ,860.9,27.49,7.12,70.59,45.87,46.63,2.460952381
Gujarat,Maize,Summer     ,860.9,27.49,6.66,84.55,43.82,54.0,2.028888889
Gujarat,Potato,Whole Year ,860.9,27.49,7.27,82.36,49.54,53.83,27.283125
Gujarat,Rice,Kharif     ,860.9,27.49,6.49,86.31,43.32,61.66,2.0375
Gujarat,Rice,Summer     ,860.9,27.49,5.89,83.44,53.66,50.64,2.657857143
Gujarat,Sugarcane,Whole Year ,860.9,27.49,6.92,68.91,52.29,60.61,61.96529412
Gujarat,Wheat,Rabi       ,860.9,27.49,6.17,72.71,54.38,63.7,2.926666667
Haryana,Maize,Kharif     ,1232.64,24.11,6.33,88.08,42.65,59.23,2.711
Haryana,Potato,Whole Year ,1232.64,24.11,5.86,69.22,45.66,58.79,26.06142857
Haryana,Rice,Kharif     ,1232.64,24.11,6.52,77.85,43.9,60.36,3.096190476
Haryana,Sugarcane,Whole Year ,1232.64,24.11,7.06,81.18,48.96,61.54,82.12473684
Haryana,Wheat,Rabi       ,1232.64,24.11,7.11,75.64,47.86,61.57,4.705454545
Himachal Pradesh,Maize,Kharif     ,1235.12,21.26,6.89,72.66,53.92,51.66,2.886666667
Himachal Pradesh,Potato,Kharif     ,1235.12,21.26,6.56,69.61,40.83,58.15,10.488
Himachal Pradesh,Potato,Rabi       ,1235.12,21.26,6.84,86.35,43.76,48.4,5.426
Himachal Pradesh,Rice,Kharif     ,1235.12,21.26,6.05,66.95,52.55,50.56,1.618181818
Himachal Pradesh,Sugarcane,Whole Year ,1235.12,21.26,7.39,82.39,41.31,51.02,17.11714286
Himachal Pradesh,Wheat,Rabi       ,1235.12,21.26,6.91,78.63,45.98,55.08,1.608333333
Jharkhand,Maize,Kharif     ,1487.73,24.07,7.05,83.03,50.09,49.93,2.102916667
Jharkhand,Maize,Rabi       ,1487.73,24.07,6.83,71.07,47.5,58.74,1.887777778
Jharkhand,Rice,Kharif     ,1487.73,24.07,5.78,70.8,41.48,62.11,2.023333333
Jharkhand,Wheat,Rabi       ,1487.73,24.07,6.37,79.72,51.86,61.69,2.164583333
Madhya Pradesh,Maize,Kharif     ,870.76,25.79,6.69,83.29,49.39,54.18,2.5508
Madhya Pradesh,Maize,Summer     ,870.76,25.79,6.5,77.07,48.12,57.81,3.540357143
Madhya Pradesh,Potato,Whole Year ,870.76,25.79,5.87,64.86,41.68,55.16,21.3776
Madhya Pradesh,Rice,Kharif     ,870.76,25.79,6.43,68.18,44.64,62.07,1.806888889
Madhya Pradesh,Rice,Summer     ,870.76,25.79,6.55,80.38,43.56,60.24,1.965294118
Madhya Pradesh,Sugarcane,Whole Year ,870.76,25.79,6.81,67.77,40.02,49.07,44.49714286
Madhya Pradesh,Wheat,Rabi       ,870.76,25.79,6.87,79.3,41.21,48.89,3.345882353
Maharashtra,Maize,Kharif     ,2949.76,26.76,5.84,69.06,43.41,55.4,2.253461538
Maharashtra,Maize,Rabi       ,2949.76,26.76,7.11,88.7,45.34,59.74,1.973793103
Maharashtra,Maize,Summer     ,2949.76,26.76,7.43,87.2,46.23,61.22,1.334444444
Maharashtra,Rice,Kharif     ,2949.76,26.76,5.69,84.88,45.79,56.23,1.637916667
Maharashtra,Rice,Summer     ,2949.76,26.76,6.95,75.33,41.19,59.28,2.535833333
Maharashtra,Sugarcane,Whole Year ,2949.76,26.76,7.46,69.51,51.42,61.67,66.33833333
Maharashtra,Wheat,Rabi       ,2949.76,26.76,6.79,76.35,42.28,53.65,1.505483871
Manipur,Maize,Kharif     ,2054.32,20.26,6.91,88.38,45.32,55.6,2.284444444
Manipur,Maize,Rabi       ,2054.32,20.26,5.63,86.79,51.92,48.33,2.426666667
Manipur,Potato,Whole Year ,2054.32,20.26,6.39,76.2,54.69,61.46,8.488888889
Manipur,Rice,Kharif     ,2054.32,20.26,7.41,79.9,53.53,56.26,2.18
Manipur,Sugarcane,Whole Year ,2054.32,20.26,6.44,84.23,52.71,49.41,54.38111111
Manipur,Wheat,Rabi       ,2054.32,20.26,6.23,82.1,51.09,57.39,2.503333333
Mizoram,Maize,Kharif     ,4613.17,22.6,7.23,86.43,48.92,54.32,1.67375
Mizoram,Maize,Rabi       ,4613.17,22.6,7.33,82.36,40.73,50.29,1.3575
Mizoram,Potato,Kharif     ,4613.17,22.6,7.16,85.94,49.62,58.28,3.28
Mizoram,Potato,Rabi       ,4613.17,22.6,5.81,67.54,46.07,56.64,5.488
Mizoram,Rice,Autumn     ,4613.17,22.6,6.38,85.36,43.26,47.96,1.18625
Mizoram,Rice,Kharif     ,4613.17,22.6,6.26,86.24,45.73,53.24,2.15625
Mizoram,Rice,Rabi       ,4613.17,22.6,6.27,86.27,45.27,52.55,2.09
Mizoram,Sugarcane,Whole Year ,4613.17,22.6,7.45,80.31,46.33,52.41,25.2375
Nagaland,Maize,Kharif     ,1957.87,18.47,6.67,81.56,43.96,56.16,1.981818182
Nagaland,Maize,Rabi       ,1957.87,18.47,7.2,67.49,43.21,61.25,1.981666667
Nagaland,Potato,Rabi       ,1957.87,18.47,6.32,67.68,40.73,51.57,9.989090909
Nagaland,Rice,Kharif     ,1957.87,18.47,6.86,81.26,49.16,49.58,2.421818182
Nagaland,Rice,Rabi       ,1957.87,18.47,5.85,74.57,50.2,55.61,2.826666667
Nagaland,Sugarcane,Kharif     ,1957.87,18.47,7.15,84.32,48.55,52.93,43.50363636
Nagaland,Wheat,Rabi       ,1957.87,18.47,5.52,79.41,51.19,51.62,1.834444444
Punjab,Maize,Kharif     ,1232.64,24.11,5.83,88.29,48.86,53.36,3.750833333
Punjab,Rice,Kharif     ,1232.64,24.11,5.88,78.26,52.91,48.78,4.252727273
Punjab,Sugarcane,Whole Year ,1232.64,24.11,6.18,68.4,51.26,55.36,84.3725
Punjab,Wheat,Rabi       ,1232.64,24.11,7.15,79.89,52.42,58.05,5.013181818
Telangana,Maize,Kharif     ,786.52,26.11,6.32,85.84,47.77,61.49,4.169333333
Telangana,Maize,Rabi       ,786.52,26.11,5.75,79.79,43.68,61.91,6.646333333
Telangana,Potato,Kharif     ,786.52,26.11,6.7,70.67,52.94,54.77,7.94
Telangana,Potato,Rabi       ,786.52,26.11,7.18,86.46,51.84,59.22,11.048
Telangana,Rice,Kharif     ,786.52,26.11,7.23,87.48,49.73,48.41,2.672333333
Telangana,Rice,Rabi       ,786.52,26.11,6.96,65.56,52.74,60.83,3.532666667
Telangana,Sugarcane,Kharif     ,786.52,26.11,6.23,75.0,45.04,59.28,77.33636364
Telangana,Wheat,Kharif     ,786.52,26.11,7.25,73.12,53.46,58.1,1.0
Telangana,Wheat,Rabi       ,786.52,26.11,6.02,74.18,52.55,52.49,1.429
Tripura,Maize,Kharif     ,4813.23,25.07,5.74,84.0,41.67,55.62,1.4275
Tripura,Maize,Rabi       ,4813.23,25.07,6.7,73.69,42.81,55.95,1.55
Tripura,Rice,Autumn     ,4813.23,25.07,6.75,72.3,41.24,62.28,2.68125
Tripura,Rice,Kharif     ,4813.23,25.07,7.44,65.4,42.86,63.1,1.02625
Tripura,Rice,Summer     ,4813.23,25.07,5.95,78.43,53.96,51.01,3.1475
Tripura,Rice,Winter     ,4813.23,25.07,7.36,72.01,48.4,48.02,3.045
Tripura,Sugarcane,Whole Year ,4813.23,25.07,6.35,86.59,48.33,56.19,53.38875
Tripura,Wheat,Rabi       ,4813.23,25.07,6.28,79.76,43.13,55.87,2.025
Uttar Pradesh,Maize,Kharif     ,1128.51,26.23,7.47,73.78,47.39,57.89,1.973013699
Uttar Pradesh,Maize,Rabi       ,1128.51,26.23,7.2,68.27,43.16,55.39,2.979298246
Uttar Pradesh,Maize,Summer     ,1128.51,26.23,6.58,83.4,43.18,46.76,2.1865
Uttar Pradesh,Potato,Rabi       ,1128.51,26.23,5.63,73.59,43.85,49.54,23.98133333
Uttar Pradesh,Rice,Kharif     ,1128.51,26.23,6.59,81.8,52.74,59.71,2.541333333
Uttar Pradesh,Rice,Summer     ,1128.51,26.23,6.86,73.32,42.89,58.65,2.67
Uttar Pradesh,Sugarcane,Kharif     ,1128.51,26.23,6.58,69.4,51.12,63.37,67.24106667
Uttar Pradesh,Wheat,Rabi       ,1128.51,26.23,6.76,78.43,48.35,59.14,3.649866667
Uttarakhand,Maize,Kharif     ,1394.79,18.31,5.99,66.77,44.32,48.43,1.868461538
Uttarakhand,Maize,Summer     ,1394.79,18.31,6.44,84.5,48.75,56.83,1.415
Uttarakhand,Potato,Kharif     ,1394.79,18.31,7.27,79.39,49.93,48.2,11.02
Uttarakhand,Potato,Rabi       ,1394.79,18.31,6.17,69.52,48.76,56.31,12.16846154
Uttarakhand,Rice,Kharif     ,1394.79,18.31,6.34,68.21,51.64,63.32,1.909230769
Uttarakhand,Rice,Summer     ,1394.79,18.31,5.71,75.47,53.03,48.84,3.223333333
Uttarakhand,Sugarcane,Whole Year ,1394.79,18.31,6.02,71.49,47.27,55.51,68.9
Uttarakhand,Wheat,Rabi       ,1394.79,18.31,5.93,79.17,42.37,51.01,2.100769231
West Bengal,Maize,Autumn     ,1962.37,26.01,6.06,82.74,40.64,53.49,2.583157895
West Bengal,Maize,Rabi       ,1962.37,26.01,5.86,72.65,46.08,62.78,4.360666667
West Bengal,Maize,Summer     ,1962.37,26.01,7.26,81.34,49.12,56.62,3.45952381
West Bengal,Potato,Rabi       ,1962.37,26.01,6.26,68.8,51.99,54.65,30.97954545
West Bengal,Potato,Summer     ,1962.37,26.01,6.15,74.55,50.4,54.24,7.6
West Bengal,Rice,Autumn     ,1962.37,26.01,7.48,82.93,42.08,50.42,2.45
West Bengal,Rice,Summer     ,1962.37,26.01,6.83,78.5,50.42,54.25,3.375714286
West Bengal,Rice,Winter     ,1962.37,26.01,6.72,75.16,54.22,55.5,2.684545455
West Bengal,Sugarcane,Whole Year ,1962.37,26.01,6.5,78.81,45.96,58.17,90.57526316
West Bengal,Wheat,Rabi       ,1962.37,26.01,5.63,68.06,48.53,62.87,2.676666667
Arunachal Pradesh,Maize,Kharif     ,2160.98,22.43,6.29,77.46,42.82,48.58,1.659090909
Arunachal Pradesh,Potato,Whole Year ,2160.98,22.43,7.44,68.87,44.6,55.42,6.735909091
Arunachal Pradesh,Rice,Kharif     ,2160.98,22.43,6.12,68.29,50.31,55.04,1.737727273
Arunachal Pradesh,Sugarcane,Whole Year ,2160.98,22.43,7.07,76.67,48.67,49.39,23.578
Arunachal Pradesh,Wheat,Rabi       ,2160.98,22.43,6.11,84.81,55.27,59.54,2.151818182
Bihar,Maize,Autumn     ,614.22,27.0,5.54,86.27,43.28,58.49,2.154375
Bihar,Maize,Rabi       ,614.22,27.0,6.96,76.76,51.97,52.82,5.559705882
Bihar,Maize,Summer     ,614.22,27.0,6.12,87.93,52.39,50.29,3.415151515
Bihar,Potato,Rabi       ,614.22,27.0,6.73,73.84,42.54,60.32,13.51289474
Bihar,Potato,Winter     ,614.22,27.0,6.52,72.39,48.65,58.44,14.90944444
Bihar,Rice,Autumn     ,614.22,27.0,6.41,78.04,49.61,51.4,1.439545455
Bihar,Rice,Summer     ,614.22,27.0,6.77,65.88,50.02,51.49,2.205
Bihar,Rice,Winter     ,614.22,27.0,6.78,85.19,46.99,55.35,1.809210526
Bihar,Sugarcane,Whole Year ,614.22,27.0,6.0,67.62,53.53,58.93,65.4878125
Bihar,Wheat,Rabi       ,614.22,27.0,6.63,83.76,54.62,58.77,2.959473684
Chhattisgarh,Maize,Kharif     ,1121.9,26.22,7.28,75.58,45.15,47.14,2.280740741
Chhattisgarh,Potato,Kharif     ,1121.9,26.22,5.86,77.02,50.44,60.3,7.005555556
Chhattisgarh,Potato,Rabi       ,1121.9,26.22,6.25,77.18,53.23,59.37,6.055217391
Chhattisgarh,Rice,Kharif     ,1121.9,26.22,5.81,85.05,48.37,52.26,1.521481481
Chhattisgarh,Sugarcane,Whole Year ,1121.9,26.22,6.66,72.86,47.68,61.65,1.731304348
Chhattisgarh,Wheat,Rabi       ,1121.9,26.22,5.77,77.08,55.4,47.93,1.792692308
Gujarat,Maize,Kharif     ,477.09,28.36,6.91,85.5,46.14,60.11,1.835238095
Gujarat,Maize,Rabi       ,477.09,28.36,7.41,88.82,48.55,53.82,2.710526316
Gujarat,Maize,Summer     ,477.09,28.36,5.86,85.91,43.67,52.93,1.765
Gujarat,Potato,Whole Year ,477.09,28.36,6.62,86.04,41.46,60.16,28.84285714
Gujarat,Rice,Kharif     ,477.09,28.36,6.58,73.26,46.63,52.07,2.131
Gujarat,Rice,Summer     ,477.09,28.36,6.61,79.47,43.83,49.83,2.676153846
Gujarat,Sugarcane,Whole Year ,477.09,28.36,5.71,67.73,52.27,50.3,66.59133333
Gujarat,Wheat,Rabi       ,477.09,28.36,6.17,86.56,44.29,53.06,3.0109375
Haryana,Maize,Kharif     ,1425.82,23.57,6.84,81.61,46.93,49.89,3.206
Haryana,Potato,Whole Year ,1425.82,23.57,5.57,84.36,41.74,50.72,25.85727273
Haryana,Rice,Kharif     ,1425.82,23.57,6.46,76.47,48.36,50.58,2.94952381
Haryana,Sugarcane,Whole Year ,1425.82,23.57,7.01,85.31,53.47,58.18,77.968
Haryana,Wheat,Rabi       ,1425.82,23.57,6.53,71.14,43.4,57.63,4.825
Himachal Pradesh,Maize,Kharif     ,1409.89,20.73,6.98,79.36,44.91,52.97,2.600833333
Himachal Pradesh,Potato,Kharif     ,1409.89,20.73,7.34,80.24,49.39,48.69,5.96875
Himachal Pradesh,Potato,Rabi       ,1409.89,20.73,6.39,68.35,48.59,58.74,9.303333333
Himachal Pradesh,Rice,Kharif     ,1409.89,20.73,5.61,70.52,41.34,55.38,1.623636364
Himachal Pradesh,Sugarcane,Whole Year ,1409.89,20.73,5.96,84.52,50.28,50.41,17.335
Himachal Pradesh,Wheat,Rabi       ,1409.89,20.73,5.83,68.79,51.99,63.85,1.594166667
Jharkhand,Maize,Kharif     ,1221.23,23.57,6.31,75.34,49.68,57.61,1.8175
Jharkhand,Maize,Rabi       ,1221.23,23.57,7.35,68.31,51.39,47.57,1.835789474
Jharkhand,Rice,Kharif     ,1221.23,23.57,5.92,81.67,53.64,58.84,1.817916667
Jharkhand,Wheat,Rabi       ,1221.23,23.57,6.02,88.38,45.52,53.3,1.921666667
Madhya Pradesh,Maize,Kharif     ,1044.75,25.6,6.77,81.19,49.48,58.5,2.330588235
Madhya Pradesh,Potato,Whole Year ,1044.75,25.6,7.18,77.4,45.83,47.04,21.3004
Madhya Pradesh,Rice,Kharif     ,1044.75,25.6,5.79,70.67,41.63,48.93,1.444901961
Madhya Pradesh,Sugarcane,Whole Year ,1044.75,25.6,7.03,83.24,44.77,61.11,35.49571429
Madhya Pradesh,Wheat,Rabi       ,1044.75,25.6,5.69,85.21,47.56,54.38,3.141764706
Maharashtra,Maize,Kharif     ,2077.63,26.93,7.25,75.56,50.91,61.19,1.515
Maharashtra,Maize,Rabi       ,2077.63,26.93,7.16,83.7,45.53,62.54,1.349230769
Maharashtra,Maize,Summer     ,2077.63,26.93,6.8,71.11,40.39,61.26,1.0155
Maharashtra,Rice,Kharif     ,2077.63,26.93,7.4,67.02,52.38,51.53,1.657916667
Maharashtra,Rice,Summer     ,2077.63,26.93,7.24,70.41,43.05,56.45,2.755833333
Maharashtra,Sugarcane,Whole Year ,2077.63,26.93,5.61,76.74,47.64,48.99,65.7037931
Maharashtra,Wheat,Rabi       ,2077.63,26.93,7.15,76.19,53.06,58.28,1.388666667
Manipur,Maize,Kharif     ,1486.52,19.92,6.19,71.56,48.5,51.63,2.253333333
Manipur,Maize,Rabi       ,1486.52,19.92,5.55,75.77,49.98,55.74,2.371111111
Manipur,Potato,Whole Year ,1486.52,19.92,6.88,76.1,51.99,51.29,8.283333333
Manipur,Rice,Kharif     ,1486.52,19.92,6.4,73.88,48.64,60.31,2.232222222
Manipur,Sugarcane,Whole Year ,1486.52,19.92,5.94,88.12,42.61,54.44,54.30666667
Manipur,Wheat,Rabi       ,1486.52,19.92,6.86,86.52,54.84,52.02,2.395555556
Mizoram,Maize,Kharif     ,2814.98,22.16,7.08,89.31,51.13,48.77,1.79125
Mizoram,Maize,Rabi       ,2814.98,22.16,7.4,75.44,45.84,50.34,1.643333333
Mizoram,Potato,Kharif     ,2814.98,22.16,5.71,64.63,48.31,51.78,3.94
Mizoram,Potato,Rabi       ,2814.98,22.16,6.79,66.53,54.03,59.34,3.823333333
Mizoram,Rice,Autumn     ,2814.98,22.16,7.4,80.92,41.36,58.93,1.215
Mizoram,Rice,Kharif     ,2814.98,22.16,5.97,70.64,48.7,56.71,2.1975
Mizoram,Rice,Rabi       ,2814.98,22.16,5.69,74.22,44.26,54.69,2.115
Mizoram,Sugarcane,Whole Year ,2814.98,22.16,6.17,79.17,42.73,63.32,25.81
Nagaland,Maize,Kharif     ,1709.04,18.02,6.53,69.24,42.88,46.76,1.981818182
Nagaland,Maize,Rabi       ,1709.04,18.02,6.99,70.65,45.49,53.56,1.983333333
Nagaland,Potato,Rabi       ,1709.04,18.02,7.22,86.39,45.08,56.59,9.993636364
Nagaland,Rice,Kharif     ,1709.04,18.02,7.29,69.24,50.64,59.85,2.444545455
Nagaland,Rice,Rabi       ,1709.04,18.02,6.21,73.51,53.57,51.95,2.8275
Nagaland,Sugarcane,Kharif     ,1709.04,18.02,6.94,89.42,50.67,52.03,43.50181818
Nagaland,Wheat,Rabi       ,1709.04,18.02,7.38,73.42,46.73,58.67,1.83
Punjab,Maize,Kharif     ,1425.82,23.57,5.72,68.93,44.38,59.15,3.54625
Punjab,Rice,Kharif     ,1425.82,23.57,5.61,68.93,44.42,53.41,4.011818182
Punjab,Sugarcane,Whole Year ,1425.82,23.57,5.97,82.62,45.75,53.39,81.23666667
Punjab,Wheat,Rabi       ,1425.82,23.57,7.21,88.01,50.96,49.54,5.068636364
Telangana,Maize,Kharif     ,551.12,26.52,7.27,68.08,51.96,56.82,3.95625
Telangana,Maize,Rabi       ,551.12,26.52,6.67,75.25,41.64,61.41,6.026451613
Telangana,Potato,Kharif     ,551.12,26.52,5.93,73.57,44.81,51.19,3.0
Telangana,Potato,Rabi       ,551.12,26.52,6.84,76.26,51.75,59.56,16.048
Telangana,Rice,Kharif     ,551.12,26.52,7.09,67.83,43.83,48.84,3.3065625
Telangana,Rice,Rabi       ,551.12,26.52,7.39,75.64,48.12,52.77,3.208125
Telangana,Sugarcane,Kharif     ,551.12,26.52,7.46,71.75,42.74,47.39,80.47047619
Telangana,Wheat,Rabi       ,551.12,26.52,7.15,77.59,41.64,49.74,1.807
Tripura,Maize,Kharif     ,2745.03,24.74,6.07,82.55,47.23,52.4,1.3075
Tripura,Maize,Rabi       ,2745.03,24.74,7.37,81.26,51.6,54.48,2.12375
Tripura,Rice,Autumn     ,2745.03,24.74,5.63,79.15,50.47,63.47,2.50625
Tripura,Rice,Kharif     ,2745.03,24.74,6.54,71.07,42.4,62.93,1.05375
Tripura,Rice,Summer     ,2745.03,24.74,5.9,68.75,50.64,50.1,3.0775
Tripura,Rice,Winter     ,2745.03,24.74,6.68,67.92,54.54,49.46,3.03375
Tripura,Sugarcane,Whole Year ,2745.03,24.74,5.56,80.78,42.33,56.06,55.4425
Tripura,Wheat,Rabi       ,2745.03,24.74,5.6,87.92,52.12,48.35,2.08625
Uttar Pradesh,Maize,Kharif     ,1381.52,25.95,6.27,86.63,47.75,61.64,1.9284
Uttar Pradesh,Maize,Rabi       ,1381.52,25.95,6.39,87.94,42.38,60.21,2.801395349
Uttar Pradesh,Maize,Summer     ,1381.52,25.95,6.38,77.86,42.78,58.63,2.061333333
Uttar Pradesh,Potato,Rabi       ,1381.52,25.95,7.41,70.73,50.1,56.9,27.7596
Uttar Pradesh,Rice,Kharif     ,1381.52,25.95,6.3,83.89,50.54,56.88,2.6056
Uttar Pradesh,Rice,Summer     ,1381.52,25.95,7.31,75.71,53.13,48.94,2.662631579
Uttar Pradesh,Sugarcane,Kharif     ,1381.52,25.95,6.79,85.44,48.67,52.01,68.77786667
Uttar Pradesh,Wheat,Rabi       ,1381.52,25.95,6.7,73.1,46.16,55.54,3.8556
Uttarakhand,Maize,Kharif     ,1510.52,17.97,5.96,84.08,48.67,47.46,1.77
Uttarakhand,Maize,Summer     ,1510.52,17.97,6.31,73.48,44.15,48.85,1.656
Uttarakhand,Potato,Kharif     ,1510.52,17.97,5.8,75.82,42.45,61.0,10.553
Uttarakhand,Potato,Rabi       ,1510.52,17.97,6.96,82.07,53.34,47.97,11.87384615
Uttarakhand,Rice,Kharif     ,1510.52,17.97,7.13,72.75,50.93,61.57,1.804615385
Uttarakhand,Rice,Summer     ,1510.52,17.97,6.69,74.92,52.15,61.97,3.283333333
Uttarakhand,Sugarcane,Whole Year ,1510.52,17.97,7.48,78.83,52.99,49.31,73.1
Uttarakhand,Wheat,Rabi       ,1510.52,17.97,5.55,89.99,49.71,62.46,2.349230769
West Bengal,Maize,Autumn     ,1433.2,25.54,5.61,73.87,40.41,59.91,3.236666667
West Bengal,Maize,Rabi       ,1433.2,25.54,6.57,69.85,50.36,54.29,4.09
West Bengal,Maize,Summer     ,1433.2,25.54,6.43,76.08,41.82,60.82,3.972380952
West Bengal,Potato,Rabi       ,1433.2,25.54,5.57,79.95,45.41,46.65,27.25909091
West Bengal,Potato,Summer     ,1433.2,25.54,7.31,64.41,46.05,53.22,8.02
West Bengal,Rice,Autumn     ,1433.2,25.54,5.8,66.4,53.11,54.66,2.672380952
West Bengal,Rice,Summer     ,1433.2,25.54,6.04,72.1,52.21,55.12,3.45952381
West Bengal,Rice,Winter     ,1433.2,25.54,6.4,73.45,54.5,55.93,2.744545455
West Bengal,Sugarcane,Whole Year ,1433.2,25.54,6.16,83.85,49.11,60.21,84.535
West Bengal,Wheat,Rabi       ,1433.2,25.54,6.02,78.38,44.57,49.11,2.483
Arunachal Pradesh,Maize,Kharif     ,2411.52,22.52,6.26,89.06,40.97,60.85,1.6756
Arunachal Pradesh,Potato,Whole Year ,2411.52,22.52,7.32,66.44,48.86,54.24,6.8024
Arunachal Pradesh,Rice,Kharif     ,2411.52,22.52,6.51,85.61,49.93,51.75,1.7792
Arunachal Pradesh,Sugarcane,Whole Year ,2411.52,22.52,5.77,76.63,42.98,52.53,23.74764706
Arunachal Pradesh,Wheat,Rabi       ,2411.52,22.52,6.8,78.08,52.36,57.66,2.168333333
Bihar,Maize,Autumn     ,921.63,26.61,7.18,72.37,53.24,47.72,2.31625
Bihar,Maize,Rabi       ,921.63,26.61,5.68,85.1,45.56,60.18,5.7365625
Bihar,Maize,Summer     ,921.63,26.61,7.12,78.78,52.55,62.43,4.237941176
Bihar,Potato,Rabi       ,921.63,26.61,6.86,78.19,53.76,53.59,13.67526316
Bihar,Potato,Winter     ,921.63,26.61,6.23,71.87,51.43,52.27,14.46027778
Bihar,Rice,Autumn     ,921.63,26.61,6.58,82.2,53.05,48.32,1.759583333
Bihar,Rice,Summer     ,921.63,26.61,6.04,72.84,44.97,50.96,2.142857143
Bihar,Rice,Winter     ,921.63,26.61,5.86,77.5,47.3,58.56,2.173157895
Bihar,Sugarcane,Whole Year ,921.63,26.61,6.97,83.1,42.96,56.79,61.77419355
Bihar,Wheat,Rabi       ,921.63,26.61,6.69,83.19,49.28,55.03,2.569473684
Chhattisgarh,Maize,Kharif     ,1567.15,26.33,6.87,76.91,42.89,52.42,2.808214286
Chhattisgarh,Potato,Kharif     ,1567.15,26.33,5.75,82.13,50.54,59.65,6.59375
Chhattisgarh,Potato,Rabi       ,1567.15,26.33,7.12,84.95,44.56,52.7,6.473913043
Chhattisgarh,Rice,Kharif     ,1567.15,26.33,6.27,78.92,48.07,49.91,1.936428571
Chhattisgarh,Sugarcane,Whole Year ,1567.15,26.33,6.61,89.34,41.76,57.25,17.92666667
Chhattisgarh,Wheat,Rabi       ,1567.15,26.33,5.81,86.65,52.25,62.39,1.336538462
Gujarat,Maize,Kharif     ,977.56,27.13,5.98,78.72,50.17,51.88,1.603636364
Gujarat,Maize,Rabi       ,977.56,27.13,6.9,88.14,43.95,61.75,2.556190476
Gujarat,Maize,Summer     ,977.56,27.13,6.43,74.87,43.71,47.59,2.189
Gujarat,Potato,Whole Year ,977.56,27.13,5.83,69.73,47.25,59.78,29.24857143
Gujarat,Rice,Kharif     ,977.56,27.13,5.74,84.96,53.03,50.18,1.948571429
Gujarat,Rice,Summer     ,977.56,27.13,6.3,76.01,45.61,51.16,2.848571429
Gujarat,Sugarcane,Whole Year ,977.56,27.13,6.35,72.23,51.33,59.55,70.57
Gujarat,Wheat,Rabi       ,977.56,27.13,7.21,83.25,46.34,55.27,3.1434375
Haryana,Maize,Kharif     ,1138.97,23.3,7.0,76.99,44.24,49.99,3.085263158
Haryana,Potato,Whole Year ,1138.97,23.3,7.14,84.73,48.62,57.62,25.395
Haryana,Rice,Kharif     ,1138.97,23.3,6.23,75.21,45.25,54.01,3.048095238
Haryana,Sugarcane,Whole Year ,1138.97,23.3,5.61,70.39,43.65,52.83,78.94444444
Haryana,Wheat,Rabi       ,1138.97,23.3,7.36,82.73,49.42,60.35,4.618181818
Himachal Pradesh,Maize,Kharif     ,1189.51,20.23,7.17,74.15,47.06,57.81,2.630833333
Himachal Pradesh,Potato,Kharif     ,1189.51,20.23,7.35,84.46,54.41,62.84,7.22375
Himachal Pradesh,Potato,Rabi       ,1189.51,20.23,6.87,68.58,54.35,57.86,10.83
Himachal Pradesh,Rice,Kharif     ,1189.51,20.23,6.49,76.13,42.38,50.45,1.656363636
Himachal Pradesh,Sugarcane,Whole Year ,1189.51,20.23,5.79,69.63,52.49,55.16,16.91166667
Himachal Pradesh,Wheat,Rabi       ,1189.51,20.23,6.35,69.42,51.71,48.38,1.7575
Jharkhand,Maize,Kharif     ,1350.34,23.55,6.71,74.98,40.49,49.93,2.047916667
Jharkhand,Maize,Rabi       ,1350.34,23.55,6.73,90.21,46.04,62.07,1.985238095
Jharkhand,Rice,Kharif     ,1350.34,23.55,7.26,75.0,50.81,53.73,2.663333333
Jharkhand,Wheat,Rabi       ,1350.34,23.55,5.68,75.74,42.12,59.46,2.055
Madhya Pradesh,Maize,Kharif     ,1870.12,25.11,5.81,77.31,42.59,48.27,1.999411765
Madhya Pradesh,Maize,Summer     ,1870.12,25.11,5.54,67.44,51.26,61.89,2.768387097
Madhya Pradesh,Potato,Whole Year ,1870.12,25.11,7.15,76.05,43.47,48.39,21.80117647
Madhya Pradesh,Rice,Kharif     ,1870.12,25.11,7.26,73.36,49.79,60.74,1.858
Madhya Pradesh,Rice,Summer     ,1870.12,25.11,5.69,77.44,51.46,55.44,0.8775
Madhya Pradesh,Sugarcane,Whole Year ,1870.12,25.11,6.23,74.35,42.08,57.24,39.05510204
Madhya Pradesh,Wheat,Rabi       ,1870.12,25.11,5.97,70.23,46.16,59.58,3.519423077
Maharashtra,Maize,Kharif     ,3387.29,26.96,6.08,86.53,53.39,49.74,1.363214286
Maharashtra,Maize,Rabi       ,3387.29,26.96,6.01,88.41,44.31,62.52,2.171333333
Maharashtra,Maize,Summer     ,3387.29,26.96,5.86,85.73,51.72,51.49,1.783913043
Maharashtra,Rice,Kharif     ,3387.29,26.96,6.37,85.5,50.57,63.22,1.256296296
Maharashtra,Rice,Summer     ,3387.29,26.96,5.82,77.7,54.25,50.7,2.660833333
Maharashtra,Sugarcane,Whole Year ,3387.29,26.96,7.22,79.48,48.11,54.03,69.62148148
Maharashtra,Wheat,Rabi       ,3387.29,26.96,6.64,69.82,45.58,59.26,1.564
Mizoram,Maize,Kharif     ,3082.44,22.84,6.21,85.54,49.49,47.79,1.77625
Mizoram,Maize,Rabi       ,3082.44,22.84,7.32,89.67,52.14,50.51,1.645
Mizoram,Potato,Kharif     ,3082.44,22.84,7.11,83.45,52.59,47.8,4.245
Mizoram,Potato,Rabi       ,3082.44,22.84,5.78,76.52,41.61,61.8,3.506666667
Mizoram,Rice,Autumn     ,3082.44,22.84,6.12,82.83,51.11,58.38,1.18875
Mizoram,Rice,Kharif     ,3082.44,22.84,6.61,83.4,53.96,48.51,2.2025
Mizoram,Rice,Rabi       ,3082.44,22.84,5.82,82.87,45.97,49.87,2.135
Mizoram,Sugarcane,Whole Year ,3082.44,22.84,7.12,86.6,50.31,52.19,30.28571429
Nagaland,Maize,Kharif     ,1569.19,18.3,7.44,75.58,41.46,54.06,1.982727273
Nagaland,Maize,Rabi       ,1569.19,18.3,6.36,72.16,47.54,55.98,1.983333333
Nagaland,Potato,Rabi       ,1569.19,18.3,7.44,77.42,45.11,49.93,9.997272727
Nagaland,Rice,Kharif     ,1569.19,18.3,6.0,73.71,49.83,61.24,2.459090909
Nagaland,Rice,Rabi       ,1569.19,18.3,6.81,64.96,47.69,60.97,2.83
Nagaland,Sugarcane,Kharif     ,1569.19,18.3,6.72,73.38,51.79,54.27,43.47545455
Nagaland,Wheat,Rabi       ,1569.19,18.3,7.0,86.81,46.47,62.18,1.831111111
Odisha,Maize,Autumn     ,1686.78,26.42,6.83,87.94,46.79,62.85,2.048181818
Odisha,Maize,Summer     ,1686.78,26.42,6.78,83.31,51.61,51.87,2.243
Odisha,Maize,Winter     ,1686.78,26.42,5.72,90.08,49.28,63.02,2.48125
Odisha,Potato,Winter     ,1686.78,26.42,6.72,84.62,41.13,54.56,11.34730769
Odisha,Rice,Autumn     ,1686.78,26.42,6.12,86.55,40.79,47.18,1.8825
Odisha,Rice,Summer     ,1686.78,26.42,6.01,82.06,52.37,54.81,2.796896552
Odisha,Rice,Winter     ,1686.78,26.42,7.17,67.99,48.39,61.14,2.564666667
Odisha,Sugarcane,Winter     ,1686.78,26.42,6.09,70.82,50.11,62.93,56.56238095
Odisha,Wheat,Summer     ,1686.78,26.42,6.89,72.36,44.97,52.45,1.495
Punjab,Maize,Kharif     ,1138.97,23.3,7.17,78.6,45.43,58.99,3.539444444
Punjab,Rice,Kharif     ,1138.97,23.3,5.95,85.55,51.92,62.7,3.930909091
Punjab,Sugarcane,Whole Year ,1138.97,23.3,5.85,79.77,51.85,62.5,81.60705882
Punjab,Wheat,Rabi       ,1138.97,23.3,6.98,68.97,51.39,49.64,4.892272727
Telangana,Maize,Kharif     ,753.33,26.62,5.82,82.08,49.98,59.77,5.12125
Telangana,Maize,Rabi       ,753.33,26.62,6.04,79.19,47.39,61.0,6.5721875
Telangana,Potato,Kharif     ,753.33,26.62,7.46,70.95,48.0,51.51,0.0
Telangana,Potato,Rabi       ,753.33,26.62,6.36,78.41,47.39,52.23,12.98
Telangana,Rice,Kharif     ,753.33,26.62,6.38,80.62,54.13,57.94,3.575625
Telangana,Rice,Rabi       ,753.33,26.62,6.69,73.14,41.35,55.78,3.610625
Telangana,Sugarcane,Kharif     ,753.33,26.62,6.65,69.94,49.85,58.16,84.7273913
Telangana,Wheat,Kharif     ,753.33,26.62,6.15,73.57,41.73,61.94,0.0
Telangana,Wheat,Rabi       ,753.33,26.62,5.52,87.09,46.47,63.86,1.798461538
Tripura,Maize,Kharif     ,3054.79,25.35,6.7,74.18,46.5,55.5,1.42
Tripura,Maize,Rabi       ,3054.79,25.35,7.4,71.92,41.53,48.37,2.41875
Tripura,Rice,Autumn     ,3054.79,25.35,6.7,77.59,53.67,61.82,2.6425
Tripura,Rice,Kharif     ,3054.79,25.35,6.1,86.95,49.88,55.94,1.06875
Tripura,Rice,Summer     ,3054.79,25.35,7.01,78.33,40.74,49.17,3.13
Tripura,Rice,Winter     ,3054.79,25.35,7.39,86.92,51.67,53.23,3.17375
Tripura,Sugarcane,Whole Year ,3054.79,25.35,6.94,74.13,47.15,58.85,54.42375
Tripura,Wheat,Rabi       ,3054.79,25.35,7.29,74.25,43.39,57.01,2.228333333
Uttar Pradesh,Maize,Kharif     ,1300.6,25.4,7.07,90.18,43.84,51.01,2.039466667
Uttar Pradesh,Maize,Rabi       ,1300.6,25.4,6.01,76.46,47.63,51.58,2.745813953
Uttar Pradesh,Maize,Summer     ,1300.6,25.4,6.75,70.17,53.89,57.88,2.467962963
Uttar Pradesh,Potato,Rabi       ,1300.6,25.4,5.61,72.31,54.14,61.79,25.4704
Uttar Pradesh,Rice,Kharif     ,1300.6,25.4,7.42,71.58,47.28,49.49,2.823466667
Uttar Pradesh,Rice,Summer     ,1300.6,25.4,7.05,65.24,43.61,53.3,2.968717949
Uttar Pradesh,Sugarcane,Kharif     ,1300.6,25.4,5.77,72.4,47.42,53.7,70.96973333
Uttar Pradesh,Wheat,Rabi       ,1300.6,25.4,6.96,78.66,45.21,62.6,3.688533333
Uttarakhand,Maize,Kharif     ,1188.05,17.49,7.3,81.64,51.43,56.91,1.706923077
Uttarakhand,Maize,Summer     ,1188.05,17.49,6.34,78.23,53.03,48.69,1.7
Uttarakhand,Potato,Kharif     ,1188.05,17.49,6.37,70.3,46.0,57.76,11.09181818
Uttarakhand,Potato,Rabi       ,1188.05,17.49,5.82,65.68,42.12,62.11,11.32923077
Uttarakhand,Rice,Kharif     ,1188.05,17.49,6.85,70.87,54.39,62.6,1.933846154
Uttarakhand,Rice,Summer     ,1188.05,17.49,7.22,85.38,50.02,56.4,3.563333333
Uttarakhand,Sugarcane,Whole Year ,1188.05,17.49,6.84,69.57,45.24,54.92,75.7
Uttarakhand,Wheat,Rabi       ,1188.05,17.49,7.29,74.32,55.09,56.74,2.376923077
West Bengal,Maize,Autumn     ,1624.7,26.15,6.07,73.53,42.2,53.48,3.178333333
West Bengal,Maize,Rabi       ,1624.7,26.15,7.44,75.53,44.72,58.7,4.138235294
West Bengal,Maize,Summer     ,1624.7,26.15,6.4,77.28,43.36,63.01,3.916666667
West Bengal,Potato,Rabi       ,1624.7,26.15,6.25,66.95,53.61,52.25,27.68363636
West Bengal,Potato,Summer     ,1624.7,26.15,6.33,70.0,50.76,48.14,8.525
West Bengal,Rice,Autumn     ,1624.7,26.15,6.48,66.87,51.88,62.97,2.434285714
West Bengal,Rice,Summer     ,1624.7,26.15,6.89,84.84,48.77,58.28,3.464285714
West Bengal,Rice,Winter     ,1624.7,26.15,6.16,85.99,52.88,62.68,2.771363636
West Bengal,Sugarcane,Whole Year ,1624.7,26.15,6.89,88.85,50.27,48.47,81.0915
West Bengal,Wheat,Rabi       ,1624.7,26.15,7.35,89.28,42.95,62.34,2.647619048
Uttarakhand,Maize,Kharif     ,1333.54,17.09,6.19,80.74,52.11,61.03,1.973076923
Uttarakhand,Maize,Summer     ,1333.54,17.09,7.2,81.79,52.43,59.07,2.125
Uttarakhand,Potato,Kharif     ,1333.54,17.09,6.08,69.82,45.02,52.74,9.942
Uttarakhand,Potato,Rabi       ,1333.54,17.09,7.07,83.92,41.65,49.13,11.83
Uttarakhand,Rice,Kharif     ,1333.54,17.09,7.47,65.57,45.11,56.71,2.093076923
Uttarakhand,Rice,Summer     ,1333.54,17.09,6.16,68.19,54.74,47.37,3.563333333
Uttarakhand,Sugarcane,Whole Year ,1333.54,17.09,5.73,87.05,45.82,60.27,81.54
Uttarakhand,Wheat,Rabi       ,1333.54,17.09,5.79,76.06,52.6,60.79,2.216153846
Haryana,Maize,Kharif     ,942.38,23.39,6.01,70.68,47.01,60.51,1.9725
Haryana,Rice,Kharif     ,942.38,23.39,7.34,71.8,51.02,60.86,2.730588235
Haryana,Sugarcane,Whole Year ,942.38,23.39,6.47,68.33,47.96,50.46,50.3125
Haryana,Wheat,Rabi       ,942.38,23.39,7.21,71.65,44.25,62.96,3.607368421
Nagaland,Maize,Kharif     ,997.45,17.52,7.37,84.47,41.52,58.45,0.998571429
Nagaland,Rice,Kharif     ,997.45,17.52,6.27,74.17,53.27,55.61,1.29
Nagaland,Rice,Rabi       ,997.45,17.52,5.76,75.44,40.81,54.23,1.3
Delhi,Maize,Kharif     ,829.95,25.2,5.93,89.89,43.73,47.82,0.8
Delhi,Potato,Whole Year ,829.95,25.2,6.3,78.39,43.6,49.94,7.38
Delhi,Rice,Kharif     ,829.95,25.2,7.1,80.78,45.92,52.97,1.48
Delhi,Sugarcane,Whole Year ,829.95,25.2,6.88,71.59,45.83,53.02,60.0
Delhi,Wheat,Rabi       ,829.95,25.2,6.02,71.03,52.7,59.13,3.47
Andhra Pradesh,Maize,Kharif     ,603.67,28.03,6.94,67.66,45.72,48.4,2.909090909
Andhra Pradesh,Maize,Rabi       ,603.67,28.03,5.54,79.74,52.69,52.68,4.394761905
Andhra Pradesh,Rice,Kharif     ,603.67,28.03,6.16,66.3,46.05,62.47,2.400869565
Andhra Pradesh,Rice,Rabi       ,603.67,28.03,5.67,70.07,48.74,47.25,2.73
Andhra Pradesh,Sugarcane,Whole Year ,603.67,28.03,7.39,72.9,52.43,57.25,76.31571429
Andhra Pradesh,Wheat,Rabi       ,603.67,28.03,6.55,69.16,41.28,47.54,0.658181818
Delhi,Maize,Kharif     ,469.84,26.75,6.6,79.44,41.37,62.89,0.72
Delhi,Potato,Whole Year ,469.84,26.75,6.82,74.76,52.04,58.69,7.36
Delhi,Rice,Kharif     ,469.84,26.75,6.8,70.97,51.14,55.76,1.89
Delhi,Sugarcane,Whole Year ,469.84,26.75,7.46,80.07,48.95,54.69,50.0
Delhi,Wheat,Rabi       ,469.84,26.75,7.02,82.47,45.58,62.93,3.64
Jammu and Kashmir,Maize,Kharif     ,249.24,10.53,6.16,67.28,46.51,61.03,1.288333333
Jammu and Kashmir,Rice,Kharif     ,249.24,10.53,6.9,80.62,43.43,56.58,1.489166667
Jammu and Kashmir,Sugarcane,Whole Year ,249.24,10.53,6.37,82.16,47.07,53.8,1.1125
Delhi,Maize,Kharif     ,640.85,26.03,7.02,67.45,48.9,50.55,1.64
Delhi,Potato,Whole Year ,640.85,26.03,7.36,78.01,42.24,55.28,18.48
Delhi,Rice,Kharif     ,640.85,26.03,5.73,80.5,43.28,55.85,1.89
Delhi,Sugarcane,Whole Year ,640.85,26.03,7.0,67.67,50.67,48.15,40.0
Delhi,Wheat,Rabi       ,640.85,26.03,5.68,81.64,49.94,60.66,3.52
Jammu and Kashmir,Maize,Kharif     ,303.74,9.95,7.43,82.62,41.28,52.38,1.490833333
Jammu and Kashmir,Rice,Kharif     ,303.74,9.95,6.01,66.45,53.84,60.1,1.6
Jammu and Kashmir,Sugarcane,Whole Year ,303.74,9.95,6.67,69.28,42.0,63.25,2.6275
Jammu and Kashmir,Wheat,Rabi       ,303.74,9.95,7.21,90.51,53.84,57.74,0.820833333
Delhi,Maize,Kharif     ,511.01,26.34,5.78,77.13,52.18,52.52,1.79
Delhi,Potato,Whole Year ,511.01,26.34,6.46,70.69,54.0,52.39,7.32
Delhi,Rice,Kharif     ,511.01,26.34,5.87,69.87,48.16,53.45,1.88
Delhi,Sugarcane,Whole Year ,511.01,26.34,7.48,70.08,40.95,51.29,66.67
Delhi,Wheat,Rabi       ,511.01,26.34,6.78,79.69,50.38,50.99,3.51
Jammu and Kashmir,Maize,Kharif     ,426.46,10.14,7.22,70.84,45.38,53.37,1.493333333
Jammu and Kashmir,Potato,Whole Year ,426.46,10.14,6.28,81.79,49.5,55.54,10.07090909
Jammu and Kashmir,Rice,Kharif     ,426.46,10.14,6.83,69.15,45.97,49.28,1.634166667
Jammu and Kashmir,Sugarcane,Whole Year ,426.46,10.14,6.21,73.21,44.29,51.66,2.5825
Jammu and Kashmir,Wheat,Rabi       ,426.46,10.14,5.98,90.0,52.06,58.81,1.418333333
Delhi,Maize,Kharif     ,594.3,26.72,7.32,68.75,45.52,61.3,2.43
Delhi,Potato,Whole Year ,594.3,26.72,6.81,66.87,48.02,50.88,7.31
Delhi,Rice,Kharif     ,594.3,26.72,5.9,73.4,45.22,56.8,2.12
Delhi,Sugarcane,Whole Year ,594.3,26.72,6.36,78.18,43.16,61.2,68.0
Delhi,Wheat,Rabi       ,594.3,26.72,5.72,86.99,41.97,60.32,4.01
Jammu and Kashmir,Maize,Kharif     ,430.69,10.05,5.76,82.63,45.45,56.48,1.3475
Jammu and Kashmir,Potato,Whole Year ,430.69,10.05,7.16,72.93,53.57,50.46,9.146666667
Jammu and Kashmir,Rice,Kharif     ,430.69,10.05,6.73,84.46,47.9,63.54,1.708333333
Jammu and Kashmir,Sugarcane,Whole Year ,430.69,10.05,5.82,87.82,52.89,49.92,2.65
Jammu and Kashmir,Wheat,Rabi       ,430.69,10.05,6.7,80.3,49.72,51.57,1.465
Puducherry,Rice,Kharif     ,861.71,28.22,5.55,76.79,51.19,54.44,2.56
Puducherry,Sugarcane,Whole Year ,861.71,28.22,5.6,70.92,47.91,47.33,85.75
Uttar Pradesh,Maize,Kharif     ,658.13,26.95,6.62,67.93,51.99,59.16,1.069565217
Uttar Pradesh,Maize,Rabi       ,658.13,26.95,6.64,83.94,47.17,62.64,1.100689655
Uttar Pradesh,Potato,Whole Year ,658.13,26.95,6.24,71.8,48.91,48.87,22.26231884
Uttar Pradesh,Rice,Kharif     ,658.13,26.95,5.77,79.71,52.57,47.22,1.765942029
Uttar Pradesh,Rice,Summer     ,658.13,26.95,7.47,75.65,48.95,63.69,1.960952381
Uttar Pradesh,Sugarcane,Whole Year ,658.13,26.95,6.21,88.01,51.97,59.54,51.2157971
Uttar Pradesh,Wheat,Rabi       ,658.13,26.95,5.63,71.57,55.08,55.96,2.558550725
Himachal Pradesh,Maize,Kharif     ,1058.23,21.07,6.35,67.8,44.08,48.57,2.503333333
Himachal Pradesh,Potato,Whole Year ,1058.23,21.07,6.73,69.51,48.57,52.28,11.48666667
Himachal Pradesh,Rice,Kharif     ,1058.23,21.07,7.39,80.16,44.52,56.87,1.469090909
Himachal Pradesh,Wheat,Rabi       ,1058.23,21.07,6.29,81.22,54.52,61.64,1.3625
Jammu and Kashmir,Maize,Kharif     ,843.02,8.83,5.64,72.22,52.84,62.27,1.561666667
Jammu and Kashmir,Potato,Whole Year ,843.02,8.83,5.78,73.9,53.85,62.64,10.385
Jammu and Kashmir,Rice,Kharif     ,843.02,8.83,5.74,73.25,53.21,48.01,1.870833333
Jammu and Kashmir,Sugarcane,Whole Year ,843.02,8.83,6.31,74.02,40.71,62.0,3.023333333
Jammu and Kashmir,Wheat,Rabi       ,843.02,8.83,6.08,81.78,43.97,60.31,1.513333333
Himachal Pradesh,Maize,Kharif     ,951.26,21.64,5.95,69.49,43.4,57.94,2.1625
Himachal Pradesh,Potato,Whole Year ,951.26,21.64,6.98,67.18,43.01,56.57,10.27166667
Himachal Pradesh,Rice,Kharif     ,951.26,21.64,7.46,69.34,51.54,48.16,1.454545455
Himachal Pradesh,Wheat,Rabi       ,951.26,21.64,6.48,69.03,46.42,47.48,1.843333333
Jammu and Kashmir,Maize,Kharif     ,558.76,9.73,6.65,82.18,51.38,62.32,1.44
Jammu and Kashmir,Rice,Kharif     ,558.76,9.73,5.59,73.45,42.51,52.81,1.838333333
Jammu and Kashmir,Wheat,Rabi       ,558.76,9.73,6.06,80.73,50.52,59.94,1.814545455
Odisha,Maize,Autumn     ,1134.49,26.13,5.66,67.9,46.02,62.59,1.0572
Odisha,Maize,Summer     ,1134.49,26.13,6.34,68.82,41.03,48.83,1.267727273
Odisha,Maize,Winter     ,1134.49,26.13,6.73,74.76,41.01,56.79,1.461538462
Odisha,Potato,Winter     ,1134.49,26.13,6.12,70.29,40.89,61.39,8.655
Odisha,Rice,Autumn     ,1134.49,26.13,6.35,75.13,54.68,59.59,0.98
Odisha,Rice,Summer     ,1134.49,26.13,5.69,76.94,50.79,49.8,1.938148148
Odisha,Rice,Winter     ,1134.49,26.13,5.89,85.45,51.09,51.74,1.511333333
Odisha,Sugarcane,Winter     ,1134.49,26.13,6.22,82.0,43.46,48.45,56.76321429
Odisha,Wheat,Summer     ,1134.49,26.13,6.04,67.7,50.08,59.88,1.266071429
Uttar Pradesh,Maize,Kharif     ,866.58,25.92,6.83,73.76,49.29,57.17,1.431142857
Uttar Pradesh,Maize,Rabi       ,866.58,25.92,7.47,82.32,48.65,47.57,4.646785714
Uttar Pradesh,Potato,Rabi       ,866.58,25.92,6.22,67.74,50.95,55.37,20.40014286
Uttar Pradesh,Rice,Kharif     ,866.58,25.92,5.61,68.1,47.24,54.69,1.827714286
Uttar Pradesh,Sugarcane,Kharif     ,866.58,25.92,6.41,89.61,52.43,63.17,53.14528571
Uttar Pradesh,Wheat,Rabi       ,866.58,25.92,5.51,79.14,42.85,48.14,2.471714286
Jammu and Kashmir,Maize,Kharif     ,575.81,8.63,7.2,83.71,42.44,52.67,1.325833333
Jammu and Kashmir,Potato,Kharif     ,575.81,8.63,7.26,68.14,40.89,51.68,5.429
Jammu and Kashmir,Rice,Kharif     ,575.81,8.63,6.06,77.67,54.86,59.04,2.040833333
Jammu and Kashmir,Sugarcane,Kharif     ,575.81,8.63,6.73,78.75,51.89,57.83,3.053333333
Jammu and Kashmir,Wheat,Kharif     ,575.81,8.63,7.21,79.41,52.22,57.21,0.14
Jammu and Kashmir,Wheat,Rabi       ,575.81,8.63,7.17,77.84,43.12,61.68,0.14
Uttar Pradesh,Maize,Kharif     ,949.68,25.92,6.09,75.98,40.74,61.68,1.291940299
Uttar Pradesh,Potato,Rabi       ,949.68,25.92,5.67,86.71,46.77,51.82,22.26442857
Uttar Pradesh,Rice,Kharif     ,949.68,25.92,6.95,70.86,51.24,54.97,1.951714286
Uttar Pradesh,Sugarcane,Kharif     ,949.68,25.92,5.64,71.24,41.01,52.97,48.78928571
Uttar Pradesh,Wheat,Rabi       ,949.68,25.92,6.15,70.09,54.55,55.11,2.538142857
Jammu and Kashmir,Maize,Kharif     ,819.81,9.35,6.83,85.74,53.84,48.92,1.449166667
Jammu and Kashmir,Potato,Kharif     ,819.81,9.35,6.6,78.72,45.66,53.97,6.66
Jammu and Kashmir,Potato,Rabi       ,819.81,9.35,5.94,67.23,46.98,50.41,14.57375
Jammu and Kashmir,Rice,Kharif     ,819.81,9.35,6.83,76.54,53.55,57.43,2.060833333
Jammu and Kashmir,Sugarcane,Kharif     ,819.81,9.35,6.08,70.47,42.74,56.95,3.053333333
Jammu and Kashmir,Wheat,Rabi       ,819.81,9.35,7.23,77.65,53.71,52.25,1.821818182
Delhi,Maize,Kharif     ,810.14,25.73,5.57,70.65,45.08,60.58,1.83
Delhi,Potato,Whole Year ,810.14,25.73,5.73,66.63,42.04,52.71,15.86
Delhi,Rice,Kharif     ,810.14,25.73,7.48,78.0,48.25,60.32,2.82
Delhi,Sugarcane,Whole Year ,810.14,25.73,6.38,85.63,49.41,57.35,92.0
Delhi,Wheat,Rabi       ,810.14,25.73,6.66,75.8,43.15,63.34,4.36
Jammu and Kashmir,Maize,Kharif     ,553.51,9.55,6.4,76.47,49.59,54.0,1.377
Jammu and Kashmir,Potato,Kharif     ,553.51,9.55,7.22,72.35,49.79,47.92,4.94875
Jammu and Kashmir,Potato,Rabi       ,553.51,9.55,7.28,78.61,45.45,62.79,13.078
Jammu and Kashmir,Rice,Kharif     ,553.51,9.55,6.08,65.78,41.75,58.22,1.9745
Jammu and Kashmir,Sugarcane,Kharif     ,553.51,9.55,7.33,69.54,44.89,60.21,3.65
Jammu and Kashmir,Wheat,Kharif     ,553.51,9.55,6.55,71.28,41.31,50.0,0.12
Jammu and Kashmir,Wheat,Rabi       ,553.51,9.55,7.39,70.67,44.08,62.2,1.762666667
Delhi,Maize,Kharif     ,925.07,24.98,6.58,78.9,40.17,51.8,1.83
Delhi,Potato,Whole Year ,925.07,24.98,6.82,71.06,44.33,52.4,16.77
Delhi,Rice,Kharif     ,925.07,24.98,7.4,72.12,41.54,50.96,2.82
Delhi,Sugarcane,Whole Year ,925.07,24.98,5.59,80.97,46.54,60.52,75.33
Delhi,Wheat,Rabi       ,925.07,24.98,7.22,70.95,46.38,51.02,4.36
Delhi,Maize,Kharif     ,698.05,26.2,7.23,87.25,48.8,52.17,21.96
Delhi,Potato,Whole Year ,698.05,26.2,6.23,66.29,45.7,59.83,249.99
Delhi,Rice,Kharif     ,698.05,26.2,7.1,76.91,51.21,53.41,2.79
Delhi,Sugarcane,Whole Year ,698.05,26.2,7.03,69.54,44.81,49.07,75.33
Delhi,Wheat,Rabi       ,698.05,26.2,7.03,76.61,52.56,61.02,4.34
Jammu and Kashmir,Maize,Kharif     ,557.76,9.04,7.38,70.05,50.24,47.46,1.507
Jammu and Kashmir,Potato,Kharif     ,557.76,9.04,5.85,81.31,51.11,62.34,6.574615385
Jammu and Kashmir,Potato,Rabi       ,557.76,9.04,6.5,64.9,41.39,48.89,12.63666667
Jammu and Kashmir,Rice,Kharif     ,557.76,9.04,7.01,80.3,54.88,57.33,1.859
Jammu and Kashmir,Sugarcane,Kharif     ,557.76,9.04,6.4,79.23,47.82,58.89,1.5
Jammu and Kashmir,Wheat,Rabi       ,557.76,9.04,5.85,67.5,49.92,62.94,1.167142857
Delhi,Maize,Kharif     ,1021.53,25.88,6.71,81.43,51.19,54.86,21.95
Delhi,Potato,Whole Year ,1021.53,25.88,7.25,82.67,47.21,48.42,311.02
Delhi,Rice,Kharif     ,1021.53,25.88,6.39,83.62,54.8,52.65,2.79
Delhi,Sugarcane,Whole Year ,1021.53,25.88,6.66,78.06,52.44,48.21,75.33
Delhi,Wheat,Rabi       ,1021.53,25.88,6.04,74.92,52.84,60.68,4.34
Delhi,Maize,Kharif     ,806.99,24.75,6.93,83.99,46.96,62.26,22.18
Delhi,Potato,Whole Year ,806.99,24.75,5.59,78.91,52.13,60.68,311.0
Delhi,Rice,Kharif     ,806.99,24.75,6.03,65.66,47.29,48.07,2.79
Delhi,Sugarcane,Whole Year ,806.99,24.75,7.28,84.58,40.45,47.9,75.33
Delhi,Wheat,Rabi       ,806.99,24.75,5.57,82.34,47.15,57.43,4.34
Jammu and Kashmir,Maize,Kharif     ,671.58,8.99,7.0,83.84,52.26,54.77,1.4925
Jammu and Kashmir,Potato,Kharif     ,671.58,8.99,7.39,74.67,52.34,55.28,7.66125
Jammu and Kashmir,Potato,Rabi       ,671.58,8.99,6.97,81.16,43.0,62.84,11.048
Jammu and Kashmir,Rice,Kharif     ,671.58,8.99,6.93,84.15,44.34,51.19,2.0225
Jammu and Kashmir,Sugarcane,Kharif     ,671.58,8.99,5.57,87.26,47.08,50.1,1.5
Jammu and Kashmir,Wheat,Rabi       ,671.58,8.99,5.53,86.31,43.19,57.99,1.423571429
Delhi,Maize,Kharif     ,672.75,25.2,6.22,71.79,45.79,49.6,22.38
Delhi,Potato,Whole Year ,672.75,25.2,6.33,67.49,47.32,62.83,21.27
Delhi,Rice,Kharif     ,672.75,25.2,7.1,78.68,40.94,54.16,3.26
Delhi,Sugarcane,Whole Year ,672.75,25.2,7.32,89.27,45.87,63.53,75.33
Delhi,Wheat,Rabi       ,672.75,25.2,5.75,76.54,45.37,63.58,4.36
Jammu and Kashmir,Maize,Kharif     ,595.6,8.4,7.4,71.42,48.48,59.7,1.407
Jammu and Kashmir,Potato,Kharif     ,595.6,8.4,5.74,76.82,41.62,52.99,10.75
Jammu and Kashmir,Potato,Rabi       ,595.6,8.4,7.26,74.6,44.53,48.81,12.59
Jammu and Kashmir,Rice,Kharif     ,595.6,8.4,6.2,80.5,43.99,59.39,1.8875
Jammu and Kashmir,Sugarcane,Kharif     ,595.6,8.4,7.21,89.42,46.64,60.89,1.495
Jammu and Kashmir,Wheat,Rabi       ,595.6,8.4,7.24,83.26,49.26,62.72,1.328461538
Puducherry,Rice,Kharif     ,945.7,28.05,7.39,74.42,46.57,58.62,3.076666667
Puducherry,Rice,Rabi       ,945.7,28.05,5.88,73.64,52.43,60.85,3.233333333
Puducherry,Rice,Summer     ,945.7,28.05,5.96,69.3,42.05,53.89,2.54
Puducherry,Sugarcane,Kharif     ,945.7,28.05,5.66,89.59,51.49,51.43,150.23
Delhi,Maize,Kharif     ,1166.19,24.34,5.94,66.75,46.36,54.42,22.38
Delhi,Potato,Whole Year ,1166.19,24.34,6.12,82.73,47.98,49.89,21.27
Delhi,Rice,Kharif     ,1166.19,24.34,6.4,86.07,45.04,59.26,3.26
Delhi,Sugarcane,Whole Year ,1166.19,24.34,6.33,68.26,45.04,55.64,75.33
Delhi,Wheat,Rabi       ,1166.19,24.34,6.4,82.03,54.79,57.03,4.45
Puducherry,Rice,Kharif     ,972.61,28.11,6.42,87.21,47.12,53.85,2.696666667
Puducherry,Rice,Rabi       ,972.61,28.11,5.73,70.82,46.08,54.21,3.78
Puducherry,Rice,Summer     ,972.61,28.11,5.62,82.08,41.91,63.12,3.41
Puducherry,Sugarcane,Kharif     ,972.61,28.11,6.96,87.55,48.85,56.55,150.23
Delhi,Maize,Kharif     ,589.95,25.44,7.25,69.9,41.37,59.26,22.37
Delhi,Potato,Whole Year ,589.95,25.44,6.81,78.24,51.59,59.31,21.27
Delhi,Rice,Kharif     ,589.95,25.44,6.93,81.52,50.08,62.29,2.86
Delhi,Wheat,Rabi       ,589.95,25.44,5.83,90.09,49.2,50.46,4.42
Jammu and Kashmir,Maize,Kharif     ,817.82,8.7,7.05,86.98,51.02,49.14,1.048421053
Jammu and Kashmir,Potato,Kharif     ,817.82,8.7,7.04,80.33,41.46,48.14,8.44625
Jammu and Kashmir,Rice,Kharif     ,817.82,8.7,5.82,76.98,45.27,48.53,1.098947368
Jammu and Kashmir,Sugarcane,Kharif     ,817.82,8.7,5.93,74.55,53.06,49.74,1.5
Puducherry,Rice,Kharif     ,1061.01,28.1,6.1,85.92,42.09,58.14,2.936666667
Puducherry,Rice,Rabi       ,1061.01,28.1,6.06,76.08,51.44,53.54,3.506666667
Puducherry,Rice,Summer     ,1061.01,28.1,6.77,79.69,54.65,48.89,3.62
Puducherry,Sugarcane,Kharif     ,1061.01,28.1,6.15,75.76,49.58,58.04,165.0
Delhi,Maize,Kharif     ,771.59,25.34,6.29,72.82,48.98,57.68,5.12
Delhi,Rice,Kharif     ,771.59,25.34,5.64,79.95,41.92,48.34,2.86
Delhi,Wheat,Rabi       ,771.59,25.34,5.93,87.13,41.78,59.1,4.38
Jammu and Kashmir,Maize,Kharif     ,1254.78,8.76,7.47,73.14,42.46,49.54,1.5905
Jammu and Kashmir,Potato,Kharif     ,1254.78,8.76,5.98,69.44,43.22,53.43,5.697333333
Jammu and Kashmir,Potato,Rabi       ,1254.78,8.76,5.58,85.1,51.76,49.59,10.39166667
Jammu and Kashmir,Rice,Kharif     ,1254.78,8.76,5.55,82.99,52.04,59.45,2.05
Jammu and Kashmir,Sugarcane,Kharif     ,1254.78,8.76,6.35,71.18,40.78,62.02,1.5
Jammu and Kashmir,Wheat,Rabi       ,1254.78,8.76,7.28,72.95,49.92,52.52,1.332857143
Delhi,Maize,Kharif     ,677.81,26.27,6.93,89.09,51.46,57.04,5.12
Delhi,Rice,Kharif     ,677.81,26.27,6.77,76.86,54.05,62.5,2.89
Delhi,Wheat,Rabi       ,677.81,26.27,6.37,84.38,44.94,54.1,4.44
Jammu and Kashmir,Maize,Kharif     ,747.32,10.36,5.67,72.32,52.33,52.83,1.6325
Jammu and Kashmir,Potato,Kharif     ,747.32,10.36,5.75,65.78,45.69,51.04,7.245
Jammu and Kashmir,Potato,Rabi       ,747.32,10.36,6.66,83.08,42.53,54.71,11.46928571
Jammu and Kashmir,Rice,Kharif     ,747.32,10.36,7.11,69.24,51.95,60.36,2.0255
Jammu and Kashmir,Sugarcane,Kharif     ,747.32,10.36,5.78,67.51,46.18,49.68,1.5
Jammu and Kashmir,Wheat,Rabi       ,747.32,10.36,6.86,74.46,52.31,54.32,1.416428571
Delhi,Maize,Kharif     ,672.17,25.82,7.2,82.06,50.44,60.95,4.83
Delhi,Rice,Kharif     ,672.17,25.82,6.43,82.29,51.3,54.05,2.88
Delhi,Wheat,Rabi       ,672.17,25.82,6.24,90.33,52.47,49.23,4.24
Jammu and Kashmir,Maize,Kharif     ,1041.73,8.95,5.62,74.52,49.67,51.63,1.534
Jammu and Kashmir,Potato,Kharif     ,1041.73,8.95,6.09,77.76,42.25,53.91,11.97529412
Jammu and Kashmir,Potato,Rabi       ,1041.73,8.95,5.81,64.37,48.9,59.97,12.108
Jammu and Kashmir,Rice,Kharif     ,1041.73,8.95,6.48,64.91,42.09,51.4,2.31
Jammu and Kashmir,Wheat,Rabi       ,1041.73,8.95,6.03,81.59,45.31,50.01,1.645
Delhi,Maize,Kharif     ,846.08,25.45,6.04,77.6,43.18,58.96,5.1
Delhi,Rice,Kharif     ,846.08,25.45,6.34,85.61,53.51,59.11,2.88
Delhi,Wheat,Rabi       ,846.08,25.45,6.7,87.44,41.65,47.46,4.31
Jammu and Kashmir,Maize,Kharif     ,814.65,9.45,5.9,74.04,51.04,58.7,1.949
Jammu and Kashmir,Potato,Kharif     ,814.65,9.45,6.88,70.06,47.38,49.29,13.186875
Jammu and Kashmir,Potato,Rabi       ,814.65,9.45,6.26,71.52,45.86,48.66,12.05
Jammu and Kashmir,Rice,Kharif     ,814.65,9.45,6.04,68.01,44.71,49.15,2.35
Jammu and Kashmir,Wheat,Rabi       ,814.65,9.45,7.04,67.33,45.0,63.01,1.687142857
Delhi,Maize,Kharif     ,618.71,25.47,6.94,85.63,50.55,57.08,5.1
Delhi,Rice,Kharif     ,618.71,25.47,7.21,85.03,44.62,50.32,3.01
Delhi,Wheat,Rabi       ,618.71,25.47,5.75,77.21,53.55,62.01,4.31
Jammu and Kashmir,Maize,Kharif     ,1323.46,7.64,6.42,69.3,40.61,48.51,1.8985
Jammu and Kashmir,Potato,Kharif     ,1323.46,7.64,6.87,71.26,54.0,62.0,11.211875
Jammu and Kashmir,Potato,Rabi       ,1323.46,7.64,6.79,75.43,53.66,47.87,8.391666667
Jammu and Kashmir,Rice,Kharif     ,1323.46,7.64,7.47,69.69,48.72,63.49,2.0755
Jammu and Kashmir,Sugarcane,Whole Year ,1323.46,7.64,6.49,85.26,50.64,47.38,1.915
Jammu and Kashmir,Wheat,Rabi       ,1323.46,7.64,6.74,88.58,44.5,52.16,1.6575
Manipur,Maize,Kharif     ,1143.54,19.88,6.04,90.23,42.74,52.26,4.25
Manipur,Rice,Kharif     ,1143.54,19.88,7.0,73.91,41.69,61.92,2.075555556
Manipur,Sugarcane,Whole Year ,1143.54,19.88,6.21,83.22,53.57,60.58,0.29
Manipur,Maize,Autumn     ,1138.92,20.69,5.98,76.08,49.46,58.55,2.84
Manipur,Potato,Autumn     ,1138.92,20.69,6.53,79.86,53.32,49.43,5.206666667
Manipur,Potato,Rabi       ,1138.92,20.69,6.55,86.38,53.26,50.13,5.256666667
Manipur,Potato,Winter     ,1138.92,20.69,7.28,78.32,46.02,47.34,5.205714286
Manipur,Rice,Autumn     ,1138.92,20.69,6.29,68.8,50.54,54.71,2.094444444
Manipur,Rice,Winter     ,1138.92,20.69,6.19,75.6,43.85,63.41,2.2175
Manipur,Sugarcane,Autumn     ,1138.92,20.69,6.38,70.42,53.64,50.14,32.65666667
Manipur,Sugarcane,Rabi       ,1138.92,20.69,5.76,66.99,44.21,49.31,33.0
Manipur,Sugarcane,Summer     ,1138.92,20.69,7.2,75.69,44.03,53.38,32.64
Manipur,Sugarcane,Winter     ,1138.92,20.69,6.42,72.15,49.04,52.24,32.845
Manipur,Maize,Kharif     ,939.9,21.24,5.91,89.23,51.42,60.77,2.254
Manipur,Potato,Whole Year ,939.9,21.24,5.57,73.96,47.32,54.57,5.198888889
Manipur,Rice,Kharif     ,939.9,21.24,5.76,73.92,49.03,49.44,2.171111111
Manipur,Sugarcane,Whole Year ,939.9,21.24,6.48,88.16,53.33,55.29,32.7475
Manipur,Maize,Kharif     ,881.03,20.53,7.27,88.8,45.86,60.69,2.55
Manipur,Potato,Whole Year ,881.03,20.53,5.97,67.31,43.11,56.1,5.198888889
Manipur,Rice,Kharif     ,881.03,20.53,5.8,72.66,48.15,63.02,2.26
Manipur,Sugarcane,Whole Year ,881.03,20.53,6.69,81.57,47.66,53.61,32.57571429
Manipur,Maize,Kharif     ,746.54,21.19,5.63,84.55,48.82,55.76,2.0125
Manipur,Rice,Kharif     ,746.54,21.19,6.6,87.05,44.09,61.18,2.234444444
Manipur,Maize,Kharif     ,1116.15,20.75,6.23,71.33,48.16,58.44,2.2
Manipur,Potato,Whole Year ,1116.15,20.75,6.24,80.87,42.99,53.03,5.20375
Manipur,Rice,Kharif     ,1116.15,20.75,7.26,76.15,49.16,62.52,2.034444444
Manipur,Sugarcane,Whole Year ,1116.15,20.75,5.69,86.62,52.37,63.21,32.65666667
Manipur,Maize,Kharif     ,1147.94,20.24,6.39,82.65,50.44,60.1,2.5225
Manipur,Potato,Whole Year ,1147.94,20.24,7.44,68.46,46.1,62.11,5.2175
Manipur,Rice,Kharif     ,1147.94,20.24,5.82,68.89,44.59,49.5,2.327777778
Manipur,Sugarcane,Whole Year ,1147.94,20.24,6.2,80.66,49.09,60.59,32.67
Puducherry,Rice,Autumn     ,1307.68,27.67,6.22,83.46,50.82,54.51,2.76
Puducherry,Rice,Summer     ,1307.68,27.67,7.3,81.45,47.76,58.65,2.73
Puducherry,Rice,Winter     ,1307.68,27.67,6.05,69.69,47.57,56.05,2.803333333
Puducherry,Sugarcane,Whole Year ,1307.68,27.67,5.56,88.68,45.03,49.29,63.66
Manipur,Maize,Kharif     ,1151.48,20.79,6.17,81.33,45.83,57.09,2.56
Manipur,Potato,Whole Year ,1151.48,20.79,6.65,82.5,48.64,58.9,5.2
Manipur,Rice,Kharif     ,1151.48,20.79,6.33,74.71,54.17,56.15,2.238888889
Manipur,Sugarcane,Whole Year ,1151.48,20.79,5.56,87.03,44.09,52.12,32.75
Puducherry,Rice,Autumn     ,1606.86,28.11,7.23,78.18,47.42,62.04,2.57
Puducherry,Rice,Summer     ,1606.86,28.11,6.1,80.34,47.27,52.28,1.845
Puducherry,Rice,Winter     ,1606.86,28.11,6.18,85.42,40.74,53.57,2.89
Puducherry,Sugarcane,Whole Year ,1606.86,28.11,6.27,87.62,45.8,47.45,109.13
Manipur,Maize,Kharif     ,891.77,21.21,6.99,68.48,45.69,48.25,2.48
Manipur,Potato,Summer     ,891.77,21.21,7.47,65.29,45.77,56.51,5.22
Manipur,Potato,Whole Year ,891.77,21.21,5.9,81.0,43.79,47.52,5.23125
Manipur,Rice,Kharif     ,891.77,21.21,5.99,68.99,42.07,62.51,2.276666667
Manipur,Sugarcane,Summer     ,891.77,21.21,6.34,86.05,53.84,62.78,33.0
Manipur,Sugarcane,Whole Year ,891.77,21.21,6.98,77.13,42.36,48.96,32.66666667
Manipur,Maize,Kharif     ,1350.9,20.15,5.72,89.89,47.1,47.01,2.8025
Manipur,Potato,Whole Year ,1350.9,20.15,7.23,65.15,46.53,58.2,5.191111111
Manipur,Rice,Kharif     ,1350.9,20.15,7.24,71.57,43.74,62.88,2.378888889
Manipur,Sugarcane,Whole Year ,1350.9,20.15,7.49,81.38,43.41,49.02,32.61666667
Sikkim,Maize,Kharif     ,788.56,6.26,6.71,73.25,46.48,47.21,1.425
Sikkim,Maize,Whole Year ,788.56,6.26,5.63,86.64,44.37,53.26,0.7875
Sikkim,Rice,Kharif     ,788.56,6.26,7.44,86.2,45.89,59.32,1.365
Sikkim,Wheat,Rabi       ,788.56,6.26,6.73,82.63,48.75,60.5,1.755
Sikkim,Maize,Kharif     ,860.21,7.64,6.12,89.66,42.76,50.88,0.937142857
Sikkim,Rice,Kharif     ,860.21,7.64,5.98,70.74,40.7,47.18,1.3775
Sikkim,Wheat,Rabi       ,860.21,7.64,6.97,74.72,53.54,59.01,0.79
Sikkim,Maize,Kharif     ,832.0,7.91,7.01,81.8,40.91,51.7,1.355
Sikkim,Rice,Kharif     ,832.0,7.91,7.01,76.04,45.98,52.95,1.465
Sikkim,Wheat,Rabi       ,832.0,7.91,6.4,67.4,48.5,57.72,1.5725
Sikkim,Maize,Kharif     ,709.04,6.98,5.88,70.22,52.24,57.32,1.49
Sikkim,Rice,Kharif     ,709.04,6.98,6.74,82.1,53.75,50.61,1.4225
Sikkim,Wheat,Rabi       ,709.04,6.98,5.99,89.12,51.98,59.83,1.3725
Sikkim,Maize,Kharif     ,800.67,7.51,5.85,88.84,47.2,53.69,1.405
Sikkim,Maize,Whole Year ,800.67,7.51,5.68,86.82,47.99,51.51,0.5
Sikkim,Rice,Kharif     ,800.67,7.51,7.06,68.27,41.75,51.45,1.4275
Sikkim,Wheat,Rabi       ,800.67,7.51,6.2,74.47,55.69,61.89,1.12
Sikkim,Maize,Kharif     ,740.4,7.24,6.28,86.67,47.34,47.35,1.415
Sikkim,Maize,Whole Year ,740.4,7.24,7.12,81.32,50.75,47.38,0.5
Sikkim,Potato,Whole Year ,740.4,7.24,7.09,76.37,41.39,54.04,5.1
Sikkim,Rice,Kharif     ,740.4,7.24,6.48,83.35,42.98,56.62,1.4325
Sikkim,Wheat,Rabi       ,740.4,7.24,6.52,84.15,46.96,57.96,1.2075
Sikkim,Maize,Kharif     ,793.29,7.28,5.65,90.02,44.2,46.74,1.5375
Sikkim,Potato,Whole Year ,793.29,7.28,6.78,65.48,48.4,56.67,4.455
Sikkim,Rice,Kharif     ,793.29,7.28,6.37,77.58,46.3,53.7,1.4275
Sikkim,Wheat,Rabi       ,793.29,7.28,6.17,69.05,52.4,50.27,1.21
Sikkim,Maize,Kharif     ,788.07,7.27,5.89,68.47,41.74,61.53,1.635
Sikkim,Rice,Kharif     ,788.07,7.27,6.54,73.85,51.3,54.28,4.7875
Sikkim,Wheat,Rabi       ,788.07,7.27,6.92,89.32,46.42,54.94,1.39
Sikkim,Maize,Kharif     ,854.12,7.37,7.25,70.2,50.35,50.21,5.21
Sikkim,Rice,Kharif     ,854.12,7.37,6.07,76.95,43.11,51.68,5.3425
Sikkim,Wheat,Rabi       ,854.12,7.37,7.41,69.51,47.41,59.62,1.5525
Sikkim,Maize,Kharif     ,761.88,7.82,6.6,72.21,42.37,53.15,1.605
Sikkim,Rice,Kharif     ,761.88,7.82,5.87,81.83,51.79,62.02,4.84
Sikkim,Wheat,Rabi       ,761.88,7.82,6.76,79.42,53.77,62.57,1.57
Sikkim,Maize,Kharif     ,914.37,7.57,6.44,84.79,45.79,52.86,1.415
Sikkim,Rice,Kharif     ,914.37,7.57,6.54,84.83,53.12,62.29,1.5475
Sikkim,Wheat,Rabi       ,914.37,7.57,6.53,71.12,54.4,60.4,1.0
Sikkim,Maize,Kharif     ,876.35,7.31,7.41,74.42,46.22,57.73,1.8
Sikkim,Rice,Kharif     ,876.35,7.31,7.13,72.91,54.15,52.74,1.5925
Sikkim,Wheat,Rabi       ,876.35,7.31,5.91,80.69,45.28,55.79,0.8825
Sikkim,Maize,Kharif     ,924.82,7.76,7.39,89.64,48.62,50.99,1.5875
Sikkim,Rice,Kharif     ,924.82,7.76,7.36,78.83,51.18,63.11,1.595
Sikkim,Wheat,Rabi       ,924.82,7.76,6.36,87.51,46.13,52.68,0.93
Sikkim,Maize,Kharif     ,1155.04,7.81,5.82,74.63,42.64,52.59,5.2675
Sikkim,Rice,Kharif     ,1155.04,7.81,7.25,83.42,46.23,60.2,1.6225
Sikkim,Wheat,Rabi       ,1155.04,7.81,6.87,70.98,45.87,58.03,1.03
Sikkim,Maize,Kharif     ,1064.45,7.15,5.8,85.51,41.54,58.61,1.6125
Sikkim,Rice,Kharif     ,1064.45,7.15,6.59,71.76,49.18,55.42,1.6225
Sikkim,Wheat,Rabi       ,1064.45,7.15,6.49,74.67,52.8,57.57,1.065
Sikkim,Maize,Kharif     ,887.94,7.07,6.49,88.05,51.83,49.69,1.66
Sikkim,Rice,Kharif     ,887.94,7.07,7.21,76.4,54.18,60.78,1.7175
Sikkim,Wheat,Rabi       ,887.94,7.07,7.37,67.88,49.5,56.73,1.0475
Jammu and Kashmir,Potato,Rabi       ,733.16,9.43,6.27,77.52,45.04,55.97,12.0475
Jammu and Kashmir,Wheat,Rabi       ,733.16,9.43,6.34,78.96,50.4,59.1,1.27
Sikkim,Maize,Kharif     ,1122.24,7.49,6.16,76.57,45.2,52.83,1.685
Sikkim,Rice,Kharif     ,1122.24,7.49,6.42,85.29,54.66,57.11,1.76
Sikkim,Wheat,Rabi       ,1122.24,7.49,6.63,77.65,42.99,57.49,1.03
Sikkim,Maize,Kharif     ,900.55,7.61,6.36,74.96,50.28,53.33,1.69
Sikkim,Rice,Kharif     ,900.55,7.61,6.54,78.06,51.54,51.34,1.76
Sikkim,Wheat,Rabi       ,900.55,7.61,6.86,72.17,43.62,62.19,1.05
Sikkim,Maize,Kharif     ,951.55,7.55,7.27,81.77,44.6,54.13,1.72
Sikkim,Rice,Kharif     ,951.55,7.55,5.9,66.3,44.93,63.04,1.7925
Sikkim,Wheat,Rabi       ,951.55,7.55,6.91,86.26,42.08,59.16,1.0375
Sikkim,Maize,Kharif     ,1613.4,7.94,6.67,79.72,49.7,55.89,1.73
Sikkim,Rice,Kharif     ,1613.4,7.94,7.2,78.76,54.44,52.35,1.8075
Sikkim,Wheat,Rabi       ,1613.4,7.94,5.57,73.16,51.62,63.65,1.046666667
Sikkim,Maize,Kharif     ,1475.83,7.76,6.75,71.34,47.99,61.17,1.7325
Sikkim,Rice,Kharif     ,1475.83,7.76,6.98,87.48,42.71,48.86,1.815
Sikkim,Wheat,Rabi       ,1475.83,7.76,5.64,79.64,49.81,59.16,1.03
Sikkim,Maize,Kharif     ,1519.09,7.2,6.41,75.61,49.85,63.01,1.7325
Sikkim,Rice,Kharif     ,1519.09,7.2,7.44,76.85,52.42,61.26,1.82
Sikkim,Wheat,Rabi       ,1519.09,7.2,6.99,70.14,52.48,52.07,1.04
Sikkim,Maize,Kharif     ,1606.09,7.21,6.74,87.79,52.82,57.22,1.735
Sikkim,Rice,Kharif     ,1606.09,7.21,6.55,85.34,44.08,54.36,1.8225
Sikkim,Wheat,Rabi       ,1606.09,7.21,7.1,69.43,53.24,47.86,1.035
Goa,Rice,Kharif     ,1568.21,27.38,5.83,70.35,53.76,52.24,2.75
Goa,Sugarcane,Whole Year ,1568.21,27.38,6.79,75.73,48.0,57.44,52.75
Goa,Rice,Kharif     ,2305.82,27.19,6.48,69.4,54.36,50.31,2.81
Goa,Sugarcane,Whole Year ,2305.82,27.19,7.33,84.26,53.2,57.49,53.16
Goa,Rice,Kharif     ,2227.9,27.19,7.47,81.84,50.15,55.04,2.41
Goa,Sugarcane,Whole Year ,2227.9,27.19,7.13,74.17,51.46,58.46,55.455
Goa,Rice,Kharif     ,2690.89,27.27,7.24,73.89,51.29,54.2,2.32
Goa,Sugarcane,Whole Year ,2690.89,27.27,6.52,75.89,41.41,50.55,57.615
Mizoram,Maize,Kharif     ,1879.55,23.08,5.58,79.49,47.57,48.03,2.0175
Mizoram,Maize,Rabi       ,1879.55,23.08,6.38,88.91,49.96,55.96,1.74
Mizoram,Potato,Kharif     ,1879.55,23.08,5.91,83.74,46.91,57.12,4.74
Mizoram,Potato,Rabi       ,1879.55,23.08,7.25,69.61,45.14,50.16,4.38
Mizoram,Rice,Kharif     ,1879.55,23.08,7.24,84.08,46.88,62.39,1.5225
Mizoram,Rice,Rabi       ,1879.55,23.08,6.96,65.45,52.3,53.17,4.39
Mizoram,Sugarcane,Whole Year ,1879.55,23.08,5.93,89.64,51.08,49.88,6.2975
Mizoram,Wheat,Rabi       ,1879.55,23.08,6.52,76.98,41.49,58.97,1.09
Mizoram,Maize,Kharif     ,1417.61,23.61,6.26,70.87,53.93,61.6,1.7675
Mizoram,Maize,Rabi       ,1417.61,23.61,5.76,73.12,44.79,51.23,1.15
Mizoram,Potato,Whole Year ,1417.61,23.61,6.87,67.36,52.28,59.01,6.35
Mizoram,Rice,Kharif     ,1417.61,23.61,7.01,82.24,47.99,62.71,1.655
Mizoram,Sugarcane,Whole Year ,1417.61,23.61,5.72,78.1,44.23,57.17,3.003333333
Mizoram,Wheat,Rabi       ,1417.61,23.61,5.51,73.64,43.0,60.16,0.88
Tripura,Maize,Kharif     ,1694.79,25.82,6.12,70.73,49.07,53.33,0.8025
Tripura,Potato,Whole Year ,1694.79,25.82,5.96,70.43,48.14,50.4,17.855
Tripura,Rice,Kharif     ,1694.79,25.82,7.0,87.47,53.4,57.33,2.075
Tripura,Sugarcane,Whole Year ,1694.79,25.82,5.9,73.01,53.29,60.11,50.7125
Tripura,Wheat,Rabi       ,1694.79,25.82,7.32,87.48,46.86,52.74,2.005
Tripura,Maize,Kharif     ,1995.81,24.84,6.91,88.09,51.66,47.96,1.0
Tripura,Potato,Whole Year ,1995.81,24.84,6.12,78.18,48.27,52.75,17.575
Tripura,Rice,Kharif     ,1995.81,24.84,7.47,76.18,52.36,62.25,2.185
Tripura,Sugarcane,Whole Year ,1995.81,24.84,5.96,77.37,40.73,48.99,52.375
Tripura,Wheat,Rabi       ,1995.81,24.84,6.23,72.48,52.72,59.18,2.095
Tripura,Maize,Kharif     ,2076.34,25.06,6.22,70.69,41.68,51.18,0.99
Tripura,Potato,Whole Year ,2076.34,25.06,6.17,80.55,42.19,57.7,19.0
Tripura,Rice,Kharif     ,2076.34,25.06,6.87,80.27,46.28,60.03,2.28
Tripura,Sugarcane,Whole Year ,2076.34,25.06,5.79,75.05,53.8,50.34,51.9975
Tripura,Wheat,Rabi       ,2076.34,25.06,5.71,83.47,53.54,49.63,2.015
Tripura,Maize,Kharif     ,1992.18,25.18,5.76,70.26,52.6,53.65,0.9525
Tripura,Potato,Whole Year ,1992.18,25.18,7.18,78.56,44.11,51.58,18.61
Tripura,Rice,Kharif     ,1992.18,25.18,6.71,69.76,48.86,47.94,2.255
Tripura,Sugarcane,Whole Year ,1992.18,25.18,7.33,87.08,44.25,47.18,49.5125
Tripura,Wheat,Rabi       ,1992.18,25.18,6.86,76.7,43.21,58.28,2.0025
Tripura,Maize,Kharif     ,1818.04,25.03,7.09,75.46,41.94,48.2,0.9575
Tripura,Potato,Whole Year ,1818.04,25.03,5.55,70.34,48.04,51.8,15.6275
Tripura,Rice,Kharif     ,1818.04,25.03,7.08,74.85,51.11,52.35,2.31
Tripura,Sugarcane,Whole Year ,1818.04,25.03,7.16,84.6,53.32,48.69,41.27
Tripura,Wheat,Rabi       ,1818.04,25.03,7.04,82.63,49.04,52.16,2.0275
Mizoram,Maize,Kharif     ,1595.77,22.96,5.8,83.31,47.94,55.08,2.14125
Mizoram,Maize,Rabi       ,1595.77,22.96,6.26,70.06,48.34,50.68,2.61
Mizoram,Rice,Kharif     ,1595.77,22.96,7.1,69.49,50.84,61.37,1.9225
Mizoram,Wheat,Rabi       ,1595.77,22.96,5.77,82.92,52.38,50.43,1.33
Mizoram,Maize,Kharif     ,1492.09,23.4,6.43,81.88,48.16,50.36,1.885
Mizoram,Maize,Rabi       ,1492.09,23.4,6.46,74.57,44.52,56.5,2.106666667
Mizoram,Potato,Kharif     ,1492.09,23.4,7.07,86.06,49.24,54.49,3.26
Mizoram,Rice,Kharif     ,1492.09,23.4,6.64,84.72,48.76,49.8,0.4525
Mizoram,Rice,Rabi       ,1492.09,23.4,6.42,74.6,50.35,49.32,1.58
Mizoram,Sugarcane,Whole Year ,1492.09,23.4,5.55,70.56,48.83,59.83,7.32625
Mizoram,Maize,Kharif     ,2380.67,22.51,5.71,69.03,49.89,61.14,0.12375
Mizoram,Maize,Rabi       ,2380.67,22.51,6.42,87.66,49.54,62.95,1.22
Mizoram,Potato,Kharif     ,2380.67,22.51,6.33,79.33,51.82,46.83,2.625
Mizoram,Rice,Kharif     ,2380.67,22.51,5.87,74.97,49.67,51.48,0.2625
Mizoram,Rice,Rabi       ,2380.67,22.51,6.79,65.66,45.17,49.16,1.264
Mizoram,Sugarcane,Whole Year ,2380.67,22.51,7.19,79.23,48.8,53.47,4.584285714
Mizoram,Maize,Kharif     ,1576.57,22.79,7.34,89.92,46.22,50.49,0.9125
Mizoram,Maize,Rabi       ,1576.57,22.79,5.77,88.54,52.57,51.57,1.884
Mizoram,Potato,Kharif     ,1576.57,22.79,6.48,73.26,49.33,47.21,5.286666667
Mizoram,Rice,Kharif     ,1576.57,22.79,6.94,80.05,47.41,53.63,1.20625
Mizoram,Rice,Rabi       ,1576.57,22.79,6.36,66.54,47.04,54.04,2.555
Mizoram,Sugarcane,Whole Year ,1576.57,22.79,5.86,74.64,45.53,48.41,11.12875
Mizoram,Maize,Kharif     ,2193.41,23.14,7.08,78.3,42.74,56.51,1.3625
Mizoram,Maize,Rabi       ,2193.41,23.14,5.6,77.02,48.12,53.19,1.61
Mizoram,Potato,Kharif     ,2193.41,23.14,5.61,85.32,40.99,53.54,7.766666667
Mizoram,Rice,Kharif     ,2193.41,23.14,6.78,76.58,47.43,52.79,1.3175
Mizoram,Rice,Rabi       ,2193.41,23.14,6.94,67.19,40.68,55.3,2.0
Mizoram,Sugarcane,Whole Year ,2193.41,23.14,6.29,77.95,50.37,51.93,8.42375
Arunachal Pradesh,Maize,Kharif     ,1983.05,22.25,6.53,85.71,45.39,58.07,1.458461538
Arunachal Pradesh,Potato,Whole Year ,1983.05,22.25,6.84,73.31,50.2,58.6,6.744615385
Arunachal Pradesh,Rice,Kharif     ,1983.05,22.25,7.26,71.04,44.01,62.7,0.965384615
Arunachal Pradesh,Sugarcane,Whole Year ,1983.05,22.25,6.36,71.62,41.89,60.7,17.69111111
Arunachal Pradesh,Wheat,Rabi       ,1983.05,22.25,6.86,90.34,51.95,48.79,1.166666667
Arunachal Pradesh,Maize,Kharif     ,1837.33,22.77,7.05,77.55,44.94,46.73,1.516923077
Arunachal Pradesh,Potato,Whole Year ,1837.33,22.77,7.44,86.75,53.72,51.53,6.365833333
Arunachal Pradesh,Rice,Kharif     ,1837.33,22.77,7.18,79.94,48.6,56.92,1.097692308
Arunachal Pradesh,Sugarcane,Whole Year ,1837.33,22.77,7.32,77.73,49.41,61.54,16.47375
Arunachal Pradesh,Wheat,Rabi       ,1837.33,22.77,6.62,71.58,52.02,55.08,1.374166667
Arunachal Pradesh,Maize,Kharif     ,2029.07,21.83,6.36,77.93,47.13,59.63,1.478461538
Arunachal Pradesh,Potato,Whole Year ,2029.07,21.83,6.0,67.06,44.45,55.67,6.783076923
Arunachal Pradesh,Rice,Kharif     ,2029.07,21.83,5.74,72.69,48.62,54.23,1.066153846
Arunachal Pradesh,Sugarcane,Whole Year ,2029.07,21.83,6.27,80.84,40.35,51.32,16.885
Arunachal Pradesh,Wheat,Rabi       ,2029.07,21.83,5.99,83.64,46.09,54.46,1.374166667
Arunachal Pradesh,Maize,Kharif     ,1528.72,22.41,7.18,76.71,40.73,47.43,1.455384615
Arunachal Pradesh,Potato,Whole Year ,1528.72,22.41,7.21,82.24,43.12,62.15,6.809230769
Arunachal Pradesh,Rice,Kharif     ,1528.72,22.41,5.86,67.68,45.63,54.15,1.135384615
Arunachal Pradesh,Sugarcane,Whole Year ,1528.72,22.41,6.41,80.91,46.24,61.9,17.73888889
Arunachal Pradesh,Wheat,Rabi       ,1528.72,22.41,6.47,67.11,43.15,54.04,1.4325
Arunachal Pradesh,Maize,Kharif     ,1782.25,22.38,6.17,87.64,44.02,54.4,1.402
Arunachal Pradesh,Potato,Whole Year ,1782.25,22.38,6.12,76.94,54.38,61.87,6.894
Arunachal Pradesh,Rice,Kharif     ,1782.25,22.38,5.82,79.45,46.99,53.43,1.182666667
Arunachal Pradesh,Sugarcane,Whole Year ,1782.25,22.38,6.56,89.22,40.56,47.11,16.57
Arunachal Pradesh,Wheat,Rabi       ,1782.25,22.38,7.26,72.05,49.11,60.75,1.481538462
Arunachal Pradesh,Maize,Kharif     ,1981.32,22.16,6.66,86.34,42.16,48.52,1.446666667
Arunachal Pradesh,Potato,Whole Year ,1981.32,22.16,6.21,81.07,49.91,49.34,7.232666667
Arunachal Pradesh,Rice,Kharif     ,1981.32,22.16,5.59,65.23,42.34,56.21,1.201333333
Arunachal Pradesh,Sugarcane,Whole Year ,1981.32,22.16,7.17,67.66,46.8,54.64,17.09888889
Arunachal Pradesh,Wheat,Rabi       ,1981.32,22.16,7.04,87.94,46.57,58.39,1.511818182
Arunachal Pradesh,Maize,Kharif     ,2342.52,21.61,6.09,73.7,48.06,62.42,1.495
Arunachal Pradesh,Potato,Whole Year ,2342.52,21.61,6.06,66.18,46.46,55.18,6.794666667
Arunachal Pradesh,Rice,Kharif     ,2342.52,21.61,6.69,77.37,53.73,54.64,1.080625
Arunachal Pradesh,Sugarcane,Whole Year ,2342.52,21.61,5.74,66.98,41.84,58.46,15.67090909
Arunachal Pradesh,Wheat,Rabi       ,2342.52,21.61,6.7,72.99,48.72,56.88,1.549230769
Arunachal Pradesh,Maize,Kharif     ,1846.11,21.99,6.89,74.19,45.73,50.29,1.4125
Arunachal Pradesh,Potato,Whole Year ,1846.11,21.99,6.24,70.85,50.18,56.46,7.205333333
Arunachal Pradesh,Rice,Kharif     ,1846.11,21.99,6.6,77.99,44.7,61.36,1.16125
Arunachal Pradesh,Sugarcane,Whole Year ,1846.11,21.99,6.5,79.74,51.61,52.52,17.00555556
Arunachal Pradesh,Wheat,Rabi       ,1846.11,21.99,5.7,77.65,52.9,48.69,1.589166667
Arunachal Pradesh,Maize,Kharif     ,1834.1,22.48,6.04,78.27,45.3,50.06,1.439375
Arunachal Pradesh,Potato,Whole Year ,1834.1,22.48,5.59,82.23,49.43,47.24,7.649375
Arunachal Pradesh,Rice,Kharif     ,1834.1,22.48,6.1,83.99,48.37,51.36,1.151875
Arunachal Pradesh,Sugarcane,Whole Year ,1834.1,22.48,7.0,82.48,47.1,57.15,16.362
Arunachal Pradesh,Wheat,Rabi       ,1834.1,22.48,6.03,86.58,55.14,59.88,1.668461538
Arunachal Pradesh,Maize,Kharif     ,2462.3,21.91,5.88,85.41,43.59,57.46,1.4625
Arunachal Pradesh,Potato,Whole Year ,2462.3,21.91,6.39,79.42,43.43,58.47,6.91
Arunachal Pradesh,Rice,Kharif     ,2462.3,21.91,7.33,73.02,50.61,49.83,1.225625
Arunachal Pradesh,Sugarcane,Whole Year ,2462.3,21.91,6.72,69.74,53.15,60.04,16.482
Arunachal Pradesh,Wheat,Rabi       ,2462.3,21.91,6.13,79.03,52.27,56.31,1.579230769
Arunachal Pradesh,Maize,Kharif     ,2161.52,21.7,6.89,82.89,40.98,54.52,1.459375
Arunachal Pradesh,Potato,Whole Year ,2161.52,21.7,6.81,74.57,54.67,62.9,7.076875
Arunachal Pradesh,Rice,Kharif     ,2161.52,21.7,7.01,75.12,47.31,53.75,1.183125
Arunachal Pradesh,Sugarcane,Whole Year ,2161.52,21.7,7.43,84.3,44.47,60.24,15.32727273
Arunachal Pradesh,Wheat,Rabi       ,2161.52,21.7,7.12,82.68,51.73,50.47,1.57
Arunachal Pradesh,Maize,Kharif     ,2029.0,22.15,7.08,85.29,44.39,57.7,1.47875
Arunachal Pradesh,Potato,Whole Year ,2029.0,22.15,5.69,71.46,40.52,52.56,7.4525
Arunachal Pradesh,Rice,Kharif     ,2029.0,22.15,6.04,73.6,43.81,51.71,1.12
Arunachal Pradesh,Sugarcane,Whole Year ,2029.0,22.15,5.82,83.5,50.53,48.08,16.791
Arunachal Pradesh,Wheat,Rabi       ,2029.0,22.15,7.1,77.58,42.79,55.71,1.59
Arunachal Pradesh,Maize,Kharif     ,2691.02,21.93,7.29,87.28,51.11,59.3,1.515625
Arunachal Pradesh,Potato,Whole Year ,2691.02,21.93,5.76,65.42,50.98,47.49,7.283125
Arunachal Pradesh,Rice,Kharif     ,2691.02,21.93,5.58,75.02,52.42,62.24,1.219375
Arunachal Pradesh,Sugarcane,Whole Year ,2691.02,21.93,6.95,76.56,40.3,57.16,20.63111111
Arunachal Pradesh,Wheat,Rabi       ,2691.02,21.93,7.31,78.26,47.49,58.1,1.647
Arunachal Pradesh,Maize,Kharif     ,2114.84,21.61,7.14,88.57,51.3,46.78,1.554375
Arunachal Pradesh,Potato,Whole Year ,2114.84,21.61,5.76,69.5,54.21,56.57,7.655
Arunachal Pradesh,Rice,Kharif     ,2114.84,21.61,6.8,70.11,45.24,51.38,1.21875
Arunachal Pradesh,Sugarcane,Whole Year ,2114.84,21.61,5.92,82.13,46.87,58.92,20.08333333
Arunachal Pradesh,Wheat,Rabi       ,2114.84,21.61,6.41,68.76,53.76,56.19,1.818
Arunachal Pradesh,Maize,Kharif     ,2351.92,22.11,6.03,87.42,43.2,54.23,1.5375
Arunachal Pradesh,Potato,Whole Year ,2351.92,22.11,7.42,73.17,45.87,60.33,7.26
Arunachal Pradesh,Rice,Kharif     ,2351.92,22.11,5.81,76.74,47.98,51.8,1.308125
Arunachal Pradesh,Sugarcane,Whole Year ,2351.92,22.11,5.87,77.11,43.95,53.3,20.19333333
Arunachal Pradesh,Wheat,Rabi       ,2351.92,22.11,6.0,90.17,55.02,55.93,1.73
Arunachal Pradesh,Maize,Kharif     ,2049.22,22.6,6.8,72.84,48.77,53.53,1.607647059
Arunachal Pradesh,Potato,Whole Year ,2049.22,22.6,7.23,84.92,44.32,50.06,7.618235294
Arunachal Pradesh,Rice,Kharif     ,2049.22,22.6,6.34,70.8,53.41,58.67,1.300588235
Arunachal Pradesh,Sugarcane,Whole Year ,2049.22,22.6,6.15,76.89,48.94,55.81,19.87333333
Arunachal Pradesh,Wheat,Rabi       ,2049.22,22.6,7.33,85.08,45.67,53.82,1.73
Arunachal Pradesh,Maize,Kharif     ,2108.83,22.88,5.55,86.46,47.98,47.19,1.752941176
Arunachal Pradesh,Potato,Whole Year ,2108.83,22.88,6.46,68.84,46.33,60.95,7.872352941
Arunachal Pradesh,Rice,Kharif     ,2108.83,22.88,5.71,80.62,54.17,57.19,1.447058824
Arunachal Pradesh,Sugarcane,Whole Year ,2108.83,22.88,6.13,74.74,44.15,62.64,20.19111111
Arunachal Pradesh,Wheat,Rabi       ,2108.83,22.88,6.66,82.86,53.34,62.6,2.454444444
Arunachal Pradesh,Maize,Kharif     ,2410.94,22.7,5.67,66.9,40.18,62.75,1.687
Arunachal Pradesh,Potato,Whole Year ,2410.94,22.7,6.64,67.36,44.84,56.64,6.9065
Arunachal Pradesh,Rice,Kharif     ,2410.94,22.7,6.71,78.29,50.84,48.9,2.0875
Arunachal Pradesh,Sugarcane,Whole Year ,2410.94,22.7,5.95,75.61,51.01,58.27,21.75
Arunachal Pradesh,Wheat,Rabi       ,2410.94,22.7,5.8,87.48,53.74,62.52,2.105
Goa,Rice,Kharif     ,2291.68,27.26,6.79,83.77,49.21,49.09,2.69
Goa,Rice,Rabi       ,2291.68,27.26,6.51,67.69,43.96,53.33,2.97
Arunachal Pradesh,Maize,Kharif     ,1944.43,21.37,6.38,71.12,45.36,51.51,1.686923077
Arunachal Pradesh,Rice,Kharif     ,1944.43,21.37,7.04,76.6,54.44,56.56,1.06
Arunachal Pradesh,Sugarcane,Rabi       ,1944.43,21.37,7.31,83.89,52.34,53.15,20.80111111
Arunachal Pradesh,Wheat,Rabi       ,1944.43,21.37,6.2,68.64,46.05,62.24,1.5925
Odisha,Maize,Autumn     ,1487.76,26.85,5.86,75.04,42.34,48.36,0.838846154
Odisha,Maize,Summer     ,1487.76,26.85,6.58,77.13,41.91,54.4,0.94125
Odisha,Maize,Winter     ,1487.76,26.85,7.45,79.75,44.12,51.3,0.717142857
Odisha,Potato,Winter     ,1487.76,26.85,6.9,83.64,41.23,58.26,9.830666667
Odisha,Rice,Autumn     ,1487.76,26.85,5.63,83.65,44.27,54.36,0.837666667
Odisha,Rice,Summer     ,1487.76,26.85,7.14,78.65,43.02,61.91,1.582666667
Odisha,Rice,Winter     ,1487.76,26.85,6.06,74.7,50.7,62.25,1.342333333
Odisha,Sugarcane,Winter     ,1487.76,26.85,7.08,77.18,48.76,49.9,58.57666667
Odisha,Wheat,Summer     ,1487.76,26.85,6.35,74.02,45.53,52.58,1.108
Odisha,Maize,Autumn     ,1639.58,26.68,5.76,78.05,51.54,50.64,0.9388
Odisha,Maize,Summer     ,1639.58,26.68,6.72,71.87,42.03,48.95,1.497142857
Odisha,Maize,Winter     ,1639.58,26.68,6.83,81.65,42.3,60.19,1.32
Odisha,Potato,Winter     ,1639.58,26.68,6.15,65.35,41.57,57.32,8.475517241
Odisha,Rice,Autumn     ,1639.58,26.68,7.17,85.46,44.81,62.36,1.016428571
Odisha,Rice,Summer     ,1639.58,26.68,6.13,69.7,53.62,60.84,2.04
Odisha,Rice,Winter     ,1639.58,26.68,7.48,83.98,45.59,62.74,1.639666667
Odisha,Sugarcane,Winter     ,1639.58,26.68,6.34,74.34,53.79,49.36,57.81310345
Odisha,Wheat,Summer     ,1639.58,26.68,6.61,81.25,46.24,59.97,1.2124
Odisha,Maize,Autumn     ,1755.76,26.11,6.71,73.44,50.17,55.78,0.964583333
Odisha,Maize,Summer     ,1755.76,26.11,6.8,71.09,43.79,57.08,1.6265
Odisha,Maize,Winter     ,1755.76,26.11,5.7,68.0,46.66,59.86,1.662857143
Odisha,Potato,Winter     ,1755.76,26.11,6.16,67.41,46.21,61.49,8.693793103
Odisha,Rice,Autumn     ,1755.76,26.11,6.05,80.53,49.43,60.09,1.056785714
Odisha,Rice,Summer     ,1755.76,26.11,6.05,67.15,43.58,50.18,2.012
Odisha,Rice,Winter     ,1755.76,26.11,7.14,73.31,46.65,60.89,1.580333333
Odisha,Sugarcane,Winter     ,1755.76,26.11,6.95,67.91,50.2,60.98,58.80103448
Odisha,Wheat,Summer     ,1755.76,26.11,5.89,81.09,51.9,56.65,1.303076923
Odisha,Maize,Autumn     ,1650.41,26.18,5.79,88.65,44.81,49.82,1.096923077
Odisha,Maize,Summer     ,1650.41,26.18,7.21,67.62,47.16,55.8,1.383043478
Odisha,Maize,Winter     ,1650.41,26.18,6.52,81.1,41.12,48.63,1.561333333
Odisha,Potato,Winter     ,1650.41,26.18,6.84,69.03,45.26,59.22,9.788
Odisha,Rice,Autumn     ,1650.41,26.18,6.25,86.29,53.8,50.87,1.082857143
Odisha,Rice,Summer     ,1650.41,26.18,5.55,85.32,53.82,50.88,2.108928571
Odisha,Rice,Winter     ,1650.41,26.18,6.53,69.1,50.64,51.73,1.747
Odisha,Sugarcane,Winter     ,1650.41,26.18,5.58,69.77,51.96,59.34,52.94266667
Odisha,Wheat,Summer     ,1650.41,26.18,5.57,86.55,51.23,49.26,1.398
Odisha,Maize,Autumn     ,1798.14,25.98,6.87,78.09,43.35,53.38,1.1028
Odisha,Maize,Summer     ,1798.14,25.98,6.79,87.57,46.19,49.9,1.528888889
Odisha,Maize,Winter     ,1798.14,25.98,6.64,76.62,52.83,48.17,1.625333333
Odisha,Potato,Winter     ,1798.14,25.98,6.49,79.99,47.83,54.24,9.706896552
Odisha,Rice,Autumn     ,1798.14,25.98,5.65,67.1,51.04,50.37,1.062142857
Odisha,Rice,Summer     ,1798.14,25.98,7.4,83.89,51.96,55.7,2.051538462
Odisha,Rice,Winter     ,1798.14,25.98,6.61,78.48,49.77,60.15,1.545333333
Odisha,Sugarcane,Winter     ,1798.14,25.98,7.26,78.1,46.96,50.87,53.25
Odisha,Wheat,Summer     ,1798.14,25.98,6.8,86.95,55.57,63.14,1.3836
Goa,Rice,Kharif     ,1926.63,27.21,6.49,75.91,53.09,54.84,2.325
Goa,Rice,Rabi       ,1926.63,27.21,6.34,74.2,48.7,58.59,2.755
Goa,Sugarcane,Whole Year ,1926.63,27.21,6.13,88.97,41.28,61.58,49.52
Odisha,Maize,Autumn     ,1327.64,27.04,5.56,68.92,44.69,50.06,1.0184
Odisha,Maize,Summer     ,1327.64,27.04,5.77,88.34,50.24,54.21,1.505217391
Odisha,Maize,Winter     ,1327.64,27.04,6.21,83.24,43.2,53.6,1.5675
Odisha,Potato,Winter     ,1327.64,27.04,6.54,70.41,48.43,50.65,11.02241379
Odisha,Rice,Autumn     ,1327.64,27.04,7.46,86.83,50.99,58.45,1.024074074
Odisha,Rice,Summer     ,1327.64,27.04,7.41,81.71,41.72,49.62,2.163636364
Odisha,Rice,Winter     ,1327.64,27.04,6.86,86.66,49.03,51.36,1.575666667
Odisha,Sugarcane,Winter     ,1327.64,27.04,7.06,78.63,53.68,50.87,54.9762069
Odisha,Wheat,Summer     ,1327.64,27.04,6.57,87.3,48.55,62.41,1.3456
Goa,Rice,Kharif     ,2250.34,27.55,6.28,83.52,42.92,60.4,1.895
Goa,Rice,Rabi       ,2250.34,27.55,6.52,71.06,43.44,51.07,2.57
Goa,Sugarcane,Whole Year ,2250.34,27.55,6.07,89.15,47.78,57.09,50.95
Odisha,Maize,Autumn     ,1457.71,26.94,6.27,83.5,53.36,48.69,1.3952
Odisha,Maize,Summer     ,1457.71,26.94,7.46,70.14,47.97,57.33,1.8296
Odisha,Maize,Winter     ,1457.71,26.94,5.95,82.57,53.96,57.98,1.978666667
Odisha,Potato,Winter     ,1457.71,26.94,6.68,76.63,52.7,49.99,10.70074074
Odisha,Rice,Autumn     ,1457.71,26.94,5.95,75.83,49.25,55.37,0.939642857
Odisha,Rice,Summer     ,1457.71,26.94,6.39,66.93,54.05,60.28,2.1024
Odisha,Rice,Winter     ,1457.71,26.94,6.28,81.57,50.71,51.86,1.633
Odisha,Sugarcane,Winter     ,1457.71,26.94,6.05,83.18,52.49,52.66,62.2525
Odisha,Wheat,Summer     ,1457.71,26.94,6.56,81.57,46.73,54.43,1.3396
Goa,Rice,Kharif     ,2687.82,27.57,5.93,70.02,41.67,57.0,2.35
Goa,Rice,Rabi       ,2687.82,27.57,6.52,86.03,46.98,63.09,2.68
Goa,Sugarcane,Whole Year ,2687.82,27.57,6.28,76.39,43.6,60.28,48.715
Odisha,Maize,Autumn     ,1571.55,26.08,5.99,69.14,53.77,61.59,1.3072
Odisha,Maize,Summer     ,1571.55,26.08,6.04,71.43,49.3,55.76,2.039130435
Odisha,Maize,Winter     ,1571.55,26.08,7.06,71.94,46.55,58.91,1.776153846
Odisha,Potato,Winter     ,1571.55,26.08,5.74,82.9,47.12,53.85,10.49888889
Odisha,Rice,Autumn     ,1571.55,26.08,6.14,75.32,50.88,49.29,0.8
Odisha,Rice,Summer     ,1571.55,26.08,5.91,73.42,42.02,47.39,2.363913043
Odisha,Rice,Winter     ,1571.55,26.08,7.36,66.61,50.09,56.16,1.405333333
Odisha,Sugarcane,Winter     ,1571.55,26.08,7.01,76.79,52.6,49.11,59.61214286
Odisha,Wheat,Summer     ,1571.55,26.08,6.67,67.12,52.57,48.39,1.39
Goa,Rice,Kharif     ,2167.67,27.27,6.46,83.38,46.04,51.26,2.495
Goa,Rice,Rabi       ,2167.67,27.27,6.53,75.27,54.07,57.05,2.7
Goa,Sugarcane,Whole Year ,2167.67,27.27,5.95,83.33,40.25,55.51,47.28
Odisha,Maize,Autumn     ,1398.23,26.55,6.63,69.27,43.19,55.92,1.4536
Odisha,Maize,Summer     ,1398.23,26.55,6.17,72.66,51.0,58.3,1.860909091
Odisha,Maize,Winter     ,1398.23,26.55,6.36,87.34,49.0,56.51,2.008461538
Odisha,Potato,Winter     ,1398.23,26.55,5.96,85.96,41.88,51.49,11.66964286
Odisha,Rice,Autumn     ,1398.23,26.55,6.41,75.82,45.58,53.72,1.56
Odisha,Rice,Summer     ,1398.23,26.55,6.39,84.5,51.43,51.79,0.077333333
Odisha,Rice,Winter     ,1398.23,26.55,5.77,82.19,52.02,55.47,2.490666667
Odisha,Sugarcane,Winter     ,1398.23,26.55,6.82,67.73,40.6,60.3,67.76214286
Odisha,Wheat,Summer     ,1398.23,26.55,5.69,86.22,49.15,52.27,1.622857143
Goa,Rice,Kharif     ,1947.68,27.26,7.32,77.72,47.36,47.59,2.59
Goa,Rice,Rabi       ,1947.68,27.26,7.24,74.39,50.01,55.01,2.85
Goa,Sugarcane,Whole Year ,1947.68,27.26,6.76,87.49,49.1,55.29,47.765
Odisha,Maize,Autumn     ,1678.58,26.41,6.15,70.11,50.15,52.13,1.566666667
Odisha,Maize,Summer     ,1678.58,26.41,6.57,68.19,46.19,56.34,1.905454545
Odisha,Maize,Winter     ,1678.58,26.41,6.15,69.41,45.13,53.98,1.802222222
Odisha,Potato,Winter     ,1678.58,26.41,6.02,73.4,43.45,56.47,11.84296296
Odisha,Rice,Autumn     ,1678.58,26.41,5.55,71.42,41.17,58.79,1.2972
Odisha,Rice,Summer     ,1678.58,26.41,6.19,83.78,42.49,56.73,2.857307692
Odisha,Rice,Winter     ,1678.58,26.41,6.72,70.53,44.68,58.18,1.853
Odisha,Sugarcane,Winter     ,1678.58,26.41,7.17,68.77,49.48,60.8,62.18535714
Odisha,Wheat,Summer     ,1678.58,26.41,7.39,74.81,53.97,54.04,1.665555556
Odisha,Maize,Autumn     ,1552.0,26.21,7.46,75.91,46.26,55.54,1.46875
Odisha,Maize,Summer     ,1552.0,26.21,6.11,69.84,46.05,59.02,2.085
Odisha,Maize,Winter     ,1552.0,26.21,5.69,86.64,45.83,51.17,2.656363636
Odisha,Potato,Winter     ,1552.0,26.21,6.84,64.38,45.12,55.87,12.0725
Odisha,Rice,Autumn     ,1552.0,26.21,5.54,65.79,47.93,48.61,1.599166667
Odisha,Rice,Summer     ,1552.0,26.21,7.21,73.67,45.65,52.59,2.62
Odisha,Rice,Winter     ,1552.0,26.21,7.37,83.21,41.24,52.39,2.379333333
Odisha,Sugarcane,Winter     ,1552.0,26.21,5.81,83.38,45.06,51.49,60.30111111
Odisha,Wheat,Summer     ,1552.0,26.21,5.51,80.13,41.96,62.14,1.440625
Odisha,Maize,Autumn     ,1135.26,26.57,6.09,67.4,51.14,49.86,1.629130435
Odisha,Maize,Summer     ,1135.26,26.57,6.8,73.34,45.48,47.28,1.936111111
Odisha,Maize,Winter     ,1135.26,26.57,7.26,88.8,41.47,48.99,2.528
Odisha,Potato,Winter     ,1135.26,26.57,6.59,74.22,43.06,60.87,9.88962963
Odisha,Rice,Autumn     ,1135.26,26.57,5.88,72.67,49.67,53.72,0.864583333
Odisha,Rice,Summer     ,1135.26,26.57,6.83,80.44,45.66,55.57,2.619090909
Odisha,Rice,Winter     ,1135.26,26.57,6.4,64.91,48.76,58.79,1.417666667
Odisha,Sugarcane,Winter     ,1135.26,26.57,6.75,75.22,44.58,59.5,58.85428571
Odisha,Wheat,Summer     ,1135.26,26.57,5.52,73.57,49.89,61.25,1.2675
Odisha,Maize,Autumn     ,1431.86,26.8,6.16,80.8,43.03,60.92,1.746521739
Odisha,Maize,Summer     ,1431.86,26.8,5.91,78.36,42.4,48.92,1.770769231
Odisha,Maize,Winter     ,1431.86,26.8,6.83,89.03,52.54,59.4,1.541818182
Odisha,Potato,Winter     ,1431.86,26.8,5.6,83.92,51.99,50.37,12.69703704
Odisha,Rice,Autumn     ,1431.86,26.8,6.75,73.26,53.65,56.25,1.444074074
Odisha,Rice,Summer     ,1431.86,26.8,6.77,82.72,45.75,60.89,2.745333333
Odisha,Rice,Winter     ,1431.86,26.8,5.79,73.81,52.55,54.99,2.543
Odisha,Sugarcane,Winter     ,1431.86,26.8,6.71,85.37,45.02,51.34,56.1604
Odisha,Wheat,Summer     ,1431.86,26.8,5.53,73.48,44.87,49.6,0.95
Odisha,Maize,Autumn     ,1673.82,26.52,6.91,67.64,52.6,50.66,1.745714286
Odisha,Maize,Summer     ,1673.82,26.52,7.41,68.51,51.7,62.48,2.552857143
Odisha,Maize,Winter     ,1673.82,26.52,7.31,84.73,41.06,55.42,2.14625
Odisha,Potato,Winter     ,1673.82,26.52,5.59,76.73,54.06,52.41,11.95545455
Odisha,Rice,Autumn     ,1673.82,26.52,5.75,69.56,45.63,49.67,1.218928571
Odisha,Rice,Summer     ,1673.82,26.52,6.47,81.49,52.34,49.95,2.673571429
Odisha,Rice,Winter     ,1673.82,26.52,5.83,75.11,47.87,50.3,1.747
Odisha,Sugarcane,Winter     ,1673.82,26.52,5.69,83.44,48.29,54.29,56.588
Odisha,Wheat,Summer     ,1673.82,26.52,6.63,68.9,49.16,62.94,2.387142857
Odisha,Maize,Autumn     ,1803.55,25.89,6.25,86.7,40.55,57.45,1.665652174
Odisha,Maize,Summer     ,1803.55,25.89,6.77,71.5,42.97,52.81,2.334615385
Odisha,Maize,Winter     ,1803.55,25.89,6.79,69.27,46.0,53.98,2.231
Odisha,Potato,Winter     ,1803.55,25.89,6.7,67.55,47.58,60.49,13.01730769
Odisha,Rice,Autumn     ,1803.55,25.89,6.96,68.93,44.23,48.1,1.322916667
Odisha,Rice,Summer     ,1803.55,25.89,6.58,77.73,54.24,52.1,2.586071429
Odisha,Rice,Winter     ,1803.55,25.89,6.52,81.45,53.16,52.28,1.982333333
Odisha,Sugarcane,Winter     ,1803.55,25.89,6.34,81.14,53.91,54.71,57.58454545
Odisha,Wheat,Summer     ,1803.55,25.89,5.83,67.73,44.68,57.86,1.825
Nagaland,Maize,Kharif     ,915.19,18.55,6.29,74.55,50.9,47.55,1.225714286
Nagaland,Rice,Kharif     ,915.19,18.55,5.56,70.4,51.26,51.15,1.441428571
Nagaland,Wheat,Rabi       ,915.19,18.55,5.75,75.63,43.33,61.37,3.0
Jammu and Kashmir,Maize,Kharif     ,447.57,8.63,5.57,71.44,50.64,58.45,1.285
Jammu and Kashmir,Rice,Kharif     ,447.57,8.63,7.28,80.78,47.03,48.91,0.016666667
Jammu and Kashmir,Wheat,Rabi       ,447.57,8.63,7.17,78.84,54.98,48.65,1.261818182
